0.04000,-0.00041,0.00032,0.40262,-0.00849,-0.00382,0.00360,0.99995,-0.08805,0.76154,-1.60164,0.07139,1.06837,-1.94648,-0.11846,0.85898,-1.71395,0.12032,0.75212,-1.60022,-0.06398,0.00798,0.15088,-0.47799,-0.14310,0.32064,0.28782,-0.64618,1.47182,0.79397,5.73816,0.34806,-1.11280,1.38703,0.02900,0.60486,-0.68799,0.85539
0.08000,-0.00268,0.00106,0.40688,0.01006,-0.01709,0.00731,0.99978,-0.12948,0.75746,-1.55045,0.01445,1.31094,-2.14541,-0.27951,1.04947,-1.97352,0.08448,0.76192,-1.59083,-0.06807,0.00952,0.14219,-0.01104,-0.55637,-0.06805,0.11731,-0.59010,1.69387,1.20317,1.10901,-1.02314,-2.15258,1.13245,-0.95783,-0.06893,0.24455,0.22100
0.12000,-0.00488,0.00077,0.41040,0.02483,-0.03141,0.00532,0.99918,-0.15242,0.75028,-1.50134,-0.01460,1.21719,-2.32848,-0.33330,1.18996,-2.23022,0.05319,0.78748,-1.59479,-0.03507,-0.02254,0.06097,0.22955,-0.61827,-0.36943,0.14735,-0.18626,0.93558,-0.33487,-2.99392,-1.79935,-0.16022,0.39445,-0.79728,-0.34783,0.91646,-0.42395
0.16000,-0.00676,-0.00085,0.41222,0.02679,-0.04142,0.00161,0.99878,-0.14463,0.74391,-1.47097,-0.01313,1.02682,-2.22811,-0.29194,1.17771,-2.29268,0.05050,0.81051,-1.60540,-0.04302,-0.05396,-0.00377,0.00017,-0.40153,-0.04102,0.21654,0.04306,0.36258,-0.72800,-1.29149,0.18149,0.53685,-0.70312,-0.29603,0.18550,0.47240,-0.39929
0.20000,-0.00878,-0.00404,0.41191,0.02466,-0.04201,0.00447,0.99880,-0.13384,0.74360,-1.47475,-0.01074,0.86631,-1.99411,-0.23440,1.07658,-2.01566,0.06912,0.79787,-1.59835,-0.03321,-0.10467,-0.08672,0.31035,-0.03331,0.38958,-0.24730,0.49748,-0.78272,-1.16654,-0.88690,0.70346,1.46502,0.33922,1.39859,0.26953,-0.28362,-0.04231
0.24000,-0.00921,-0.00937,0.40746,0.01151,-0.04052,0.01345,0.99902,-0.10199,0.77031,-1.50821,-0.00587,0.78753,-1.73328,-0.12773,0.97684,-1.62283,0.12654,0.78630,-1.60784,0.01578,-0.14871,-0.17911,-0.52813,0.12321,0.56282,0.56432,0.90702,-1.40325,-0.64393,0.51441,1.08353,1.40103,1.12510,-1.51476,1.43608,-0.26628,-0.42691
0.28000,-0.00612,-0.01146,0.40423,-0.04385,-0.00510,0.01267,0.99894,-0.03388,0.95478,-1.61759,0.06581,0.74587,-1.52024,-0.00519,0.85987,-1.52722,0.20431,0.79298,-1.64217,0.14236,0.06280,-0.02829,-2.42775,3.09160,-0.58286,-1.28338,3.75447,1.05781,-0.57557,0.43020,1.07336,1.98389,-5.70125,4.95267,0.05429,0.24658,-0.39541
0.32000,0.00118,-0.00999,0.40145,-0.06011,0.02966,0.00170,0.99775,-0.07514,1.27350,-1.98429,0.09700,0.76832,-1.60101,0.01474,0.75918,-1.42211,0.15396,1.10264,-1.65442,0.18411,0.00768,-0.01023,-0.07611,0.29060,-0.36719,-0.97162,4.72660,-0.85117,0.26649,0.64562,-0.33653,0.14228,0.26637,1.01641,0.20253,6.63750,2.44720
0.36000,0.00694,-0.01029,0.39999,-0.05491,0.04299,-0.00411,0.99756,-0.24446,1.36841,-2.15082,0.09495,0.78443,-1.63506,-0.00088,0.73103,-1.39199,0.14734,1.20428,-1.80336,0.13545,-0.02827,-0.00586,-0.51385,0.50158,-0.14394,-1.88277,-0.47195,-1.38004,0.72350,0.38534,-0.67515,0.51394,-0.63909,0.90803,0.98518,-2.25419,-2.01540
0.40000,0.01210,-0.01141,0.40011,-0.04796,0.04544,-0.00551,0.99780,-0.30899,1.23462,-2.13881,0.08594,0.79625,-1.63156,-0.01258,0.73868,-1.38768,0.14227,1.00641,-1.93057,0.14608,-0.03640,-0.00673,0.49011,-0.54164,-0.04484,0.88709,-1.96121,-0.34334,-0.38682,0.57434,0.89834,-0.42847,1.46622,-0.92928,-0.33343,-3.52918,-1.69609
0.44000,0.01693,-0.01222,0.40103,-0.02852,0.03781,-0.00694,0.99885,-0.27128,0.93239,-2.05975,0.04940,0.80592,-1.59020,-0.05053,0.78131,-1.41279,0.10070,0.71956,-1.84311,0.13502,-0.02080,-0.01786,0.81669,-0.61291,-0.13188,2.10484,-4.73637,-0.85207,-0.73334,0.53608,1.03421,-0.86652,1.58543,-1.11463,-0.91592,-3.64838,-0.79515
0.48000,0.02349,-0.01299,0.40031,-0.02290,0.01667,-0.00875,0.99956,-0.12601,0.76409,-1.72363,0.04119,0.83874,-1.53102,-0.06482,0.87507,-1.47150,0.08986,0.66494,-1.62618,0.18604,-0.01382,-0.07107,0.56901,-0.77689,-0.20458,2.81060,0.55982,1.53428,-0.45936,0.95585,0.90150,-0.77007,2.07826,-1.42381,-1.36892,1.71263,1.82939
0.52000,0.03079,-0.01335,0.39729,-0.02839,-0.00231,-0.00867,0.99956,-0.09012,0.77904,-1.59776,0.05233,0.96967,-1.69354,-0.07029,1.01294,-1.56321,0.10303,0.74587,-1.61427,0.14489,-0.00072,0.03730,-0.17645,-0.64401,0.32719,0.02982,0.64746,1.21892,0.37394,0.60062,-0.45995,-0.27422,1.31078,0.20500,0.36166,1.23858,-0.52918
0.56000,0.03790,-0.01401,0.39701,-0.00910,-0.01639,-0.00544,0.99981,-0.12957,0.82193,-1.57740,0.04605,1.22921,-2.08795,-0.21210,1.10826,-1.92198,0.07047,0.80570,-1.63664,0.19928,-0.04600,0.07503,0.53692,-0.39028,0.11146,-0.39955,0.70143,0.71014,2.49265,3.05843,-0.94932,-2.57772,-1.43837,-2.42686,-0.34044,0.85795,0.31465
0.60000,0.04681,-0.01640,0.39576,0.02149,-0.03114,-0.00390,0.99928,-0.17960,0.88662,-1.57874,0.01871,1.27086,-2.28787,-0.32421,1.20449,-2.25587,0.01899,0.87472,-1.65652,0.23645,-0.07785,-0.05555,0.46560,-0.55581,-0.10799,-0.14831,1.27968,-0.08147,-0.09477,-1.81396,-1.54056,-0.29871,0.44885,-0.97876,-0.25918,1.84693,-0.78333
0.64000,0.05574,-0.01947,0.39479,0.01886,-0.04307,-0.00596,0.99888,-0.16139,0.92719,-1.56260,0.00489,1.09631,-2.37373,-0.29376,1.19043,-2.43060,0.03292,0.94868,-1.68738,0.22366,-0.06963,0.00958,-0.42823,-0.58403,-0.14622,0.74430,0.80153,0.76131,-0.76920,-2.46480,-0.93427,0.00666,-1.20207,-1.06864,0.61834,1.78154,-0.61283
0.68000,0.06405,-0.02208,0.39637,0.00728,-0.05014,-0.00758,0.99869,-0.12735,0.94880,-1.53135,0.04979,0.82627,-2.20189,-0.28077,1.03949,-2.35160,0.06386,0.99730,-1.69324,0.22939,-0.05717,0.02314,-0.11019,-0.37369,0.05475,0.26535,0.75058,0.66893,-0.70802,-2.81155,-0.07248,0.45428,-1.17381,0.03308,0.36653,1.19127,-0.06200
0.72000,0.07265,-0.02492,0.39943,-0.00263,-0.04595,-0.00592,0.99892,-0.09982,0.96145,-1.51367,0.06679,0.64292,-1.86205,-0.20101,0.82853,-1.95289,0.09568,0.99541,-1.65590,0.25700,-0.08502,0.01776,0.29871,0.24032,0.31844,-0.19192,0.86350,-0.15824,-1.52924,0.11067,1.36628,2.03046,-0.80579,1.40115,0.17992,-0.10699,1.00094
0.76000,0.08329,-0.02875,0.40009,-0.02988,-0.02039,-0.00014,0.99935,-0.04848,1.04251,-1.56921,0.09566,0.66929,-1.55744,-0.09258,0.71660,-1.64779,0.17009,0.93115,-1.58310,0.28268,-0.05429,-0.02444,-1.53102,2.34263,0.13472,-0.31565,1.05490,0.14402,-0.40077,2.86507,2.08166,2.01663,-2.32151,2.54545,1.71833,-3.07095,2.71338
0.80000,0.09677,-0.02925,0.39546,-0.05954,0.01915,0.00186,0.99804,-0.13536,1.34115,-1.88786,0.13102,0.73316,-1.61914,-0.02684,0.65514,-1.57686,0.15514,1.18129,-1.75867,0.35220,0.01003,-0.06201,-1.44732,1.54574,0.15644,-3.03901,4.80266,-0.11414,1.38873,1.06390,-2.99051,1.56198,-0.98491,1.68244,0.04419,5.08019,1.42411
0.84000,0.11026,-0.02929,0.39317,-0.06644,0.03867,0.00291,0.99704,-0.29780,1.51015,-2.19523,0.14633,0.77518,-1.68879,-0.01112,0.64900,-1.54628,0.12410,1.36134,-1.88700,0.34658,0.00101,0.03055,-0.47809,0.28476,0.07690,-1.36683,-0.68288,-2.09601,0.46316,1.04454,-0.29778,0.54574,0.61398,0.57864,0.78452,0.19617,-0.85122
0.88000,0.12451,-0.02892,0.39382,-0.05598,0.04043,0.00556,0.99760,-0.42499,1.31556,-2.22585,0.11989,0.81544,-1.68335,-0.02897,0.69671,-1.54919,0.11509,1.15023,-1.99552,0.38965,0.01194,-0.00484,0.19591,-0.58462,0.20178,0.46937,-2.74273,-0.90903,-0.36195,1.46395,0.75654,-0.12614,2.40112,-0.92386,-0.35337,-4.67721,-2.16760
0.92000,0.13900,-0.02793,0.39509,-0.04560,0.02785,0.00751,0.99854,-0.43719,0.96867,-2.14742,0.09222,0.86194,-1.63496,-0.05009,0.78506,-1.57700,0.11324,0.79626,-1.99661,0.35605,0.02526,0.03348,0.42538,-0.78932,-0.04060,1.19962,-7.34243,-0.67345,-0.48529,1.17849,1.52443,-0.54076,2.28331,-0.70947,-0.27801,-7.47350,-1.04970
0.96000,0.15336,-0.02669,0.39655,-0.03425,0.00351,0.00918,0.99936,-0.31306,0.68770,-1.91303,0.06322,0.90793,-1.54960,-0.07592,0.90943,-1.62673,0.10605,0.48441,-1.80480,0.37333,0.03025,-0.01825,0.79500,-1.10096,0.04455,2.96021,-2.79287,0.48817,-0.88284,1.26036,1.82825,-0.94749,3.16459,-1.41068,-1.13076,-4.32891,-0.08593
1.00000,0.17105,-0.02515,0.39125,-0.04427,-0.02776,0.00800,0.99860,-0.13859,0.68890,-1.56369,0.06859,0.94692,-1.55512,-0.06929,1.07932,-1.70790,0.14998,0.58365,-1.52102,0.46272,0.06028,-0.22639,0.37186,-0.47475,-0.22558,1.53774,3.03426,2.09231,-0.14923,-0.45702,-1.00592,-0.95890,2.76822,-1.28632,-0.56750,3.47858,-3.12252
1.04000,0.19004,-0.02449,0.38371,-0.03412,-0.02957,0.00566,0.99896,-0.14171,0.78419,-1.56589,0.07435,1.09246,-1.91123,-0.10101,1.18673,-1.85629,0.12770,0.68909,-1.60187,0.46333,-0.01863,-0.03773,0.43743,0.24306,0.07364,-0.47724,1.80819,-0.89810,1.31217,0.98018,-1.04497,-0.29856,0.01674,-0.54878,-0.33844,1.42491,-0.27209
1.08000,0.21003,-0.02588,0.38096,0.00331,-0.03165,0.00978,0.99945,-0.21887,0.88014,-1.60602,0.04617,1.24497,-2.22111,-0.22656,1.25968,-2.26930,0.06157,0.76371,-1.61455,0.52826,-0.05969,0.02590,0.75242,-0.05482,0.32294,-0.71078,2.00746,0.02153,1.44381,0.62851,-1.34851,-1.36944,-1.26932,-2.42561,-0.37847,1.59498,0.24024
1.12000,0.23153,-0.02771,0.38045,0.00849,-0.04717,0.01380,0.99875,-0.22383,0.96481,-1.57071,0.04117,1.09740,-2.43267,-0.32067,1.20921,-2.52585,0.06568,0.88503,-1.65514,0.55066,-0.03355,0.00696,-0.65134,-1.09511,0.03965,0.87967,1.82929,1.75742,-0.82986,-3.83931,-2.03323,-0.67318,-1.19621,-1.52908,0.98859,3.69758,-1.45783
1.16000,0.25319,-0.02868,0.38194,-0.00514,-0.06208,0.00988,0.99801,-0.18583,1.02160,-1.50872,0.09172,0.85863,-2.31862,-0.33611,0.99229,-2.50546,0.09661,1.01232,-1.68828,0.56374,-0.01740,0.04497,0.11565,-0.50431,-0.22909,0.11640,1.41952,1.20958,-0.42094,-1.53595,0.08196,0.46455,-2.21517,-0.51837,-0.12437,2.72522,-0.15771
1.20000,0.27464,-0.03022,0.38554,-0.00899,-0.05642,0.00417,0.99836,-0.16780,1.05921,-1.48209,0.12034,0.62880,-2.03724,-0.26406,0.76570,-2.22462,0.10128,1.05506,-1.64288,0.58164,-0.05906,0.04257,0.26501,0.49768,-0.12959,-0.04417,1.28432,0.15411,-1.12676,-1.58627,0.57021,1.64725,-1.14023,0.94286,-0.19634,0.69556,1.46707
1.24000,0.29701,-0.03421,0.38735,-0.01645,-0.02942,0.00183,0.99943,-0.13583,1.10279,-1.51213,0.10985,0.51103,-1.59881,-0.10899,0.57444,-1.69840,0.12277,1.01556,-1.54062,0.60931,-0.12354,-0.08887,0.23371,1.54450,0.08749,0.00696,1.76208,-1.60949,-2.09193,1.83259,2.27042,3.43262,0.30591,2.17168,0.15690,-1.08954,2.43179
1.28000,0.32187,-0.03687,0.38272,-0.04876,0.00643,-0.00076,0.99879,-0.09834,1.32156,-1.58992,0.13076,0.60879,-1.54878,-0.01989,0.55992,-1.58991,0.15186,1.06874,-1.63987,0.60198,0.00508,-0.03941,-1.22332,2.30049,-0.39361,-1.75984,3.94834,1.15125,1.58914,1.77262,-4.19106,1.13948,-1.24189,2.19021,-1.28159,0.04113,-0.26674
1.32000,0.34614,-0.03732,0.37734,-0.04991,0.02693,-0.00666,0.99837,-0.26661,1.57104,-2.05423,0.14607,0.70433,-1.65040,-0.02266,0.60408,-1.60113,0.15301,1.28659,-1.88903,0.61913,-0.01607,-0.06676,-0.18275,0.08303,-0.09670,-2.71390,1.81613,-2.56524,0.29258,2.50255,-0.80732,0.14354,2.38650,-0.90148,2.50637,2.58847,-0.18509
1.36000,0.37045,-0.03726,0.37618,-0.03559,0.02989,-0.00885,0.99888,-0.44897,1.40358,-2.15355,0.11793,0.78884,-1.65957,-0.05463,0.69113,-1.62656,0.14297,1.22682,-1.98690,0.61364,0.00981,0.02143,-0.00094,-0.13988,-0.02757,0.25248,-3.73588,-1.66372,-0.07375,2.07750,0.37032,-0.07775,2.34191,-0.27583,-0.61477,-2.93185,-1.43002
1.40000,0.39371,-0.03652,0.37758,-0.03540,0.03232,-0.00836,0.99882,-0.50308,1.05895,-2.15987,0.11272,0.85802,-1.64974,-0.05711,0.76014,-1.61508,0.14805,0.87871,-2.09793,0.58294,0.02061,0.03445,-0.03858,-0.08482,0.01597,0.19808,-6.73669,-1.20573,-0.09010,1.72569,0.63063,-0.03812,1.94794,0.20575,0.02553,-7.92095,-1.64686
1.44000,0.41665,-0.03560,0.38027,-0.02231,0.02170,-0.00520,0.99950,-0.39784,0.74526,-2.08024,0.07672,0.91436,-1.58276,-0.08323,0.86686,-1.62547,0.12300,0.52229,-1.98448,0.57656,0.00994,0.04077,1.05786,-0.64570,0.22881,2.83901,-4.07032,-0.28382,-1.27755,1.30403,1.91247,-0.97134,3.05158,-0.61774,-1.09110,-7.18045,-0.17457
1.48000,0.43992,-0.03537,0.38298,-0.02732,0.00776,-0.00090,0.99960,-0.20967,0.59258,-1.65038,0.08086,0.96741,-1.50488,-0.06905,0.97604,-1.62308,0.12107,0.34125,-1.61490,0.60737,0.00431,0.00125,0.21629,-0.14183,-0.00972,3.08141,1.36381,1.95595,-0.23733,1.37156,1.22484,-0.25418,1.96310,0.41809,-1.99033,0.80966,2.03474
1.52000,0.46534,-0.03629,0.37761,-0.02529,-0.00094,0.00001,0.99968,-0.11287,0.68744,-1.45474,0.07371,1.12707,-1.75154,-0.05709,1.12657,-1.77793,0.11297,0.46410,-1.55004,0.61035,-0.06214,-0.14019,0.53385,0.20279,0.15389,-0.53812,2.72169,-1.77775,1.06302,-0.09718,-1.07229,0.68851,0.11763,-0.34360,-0.25634,2.43765,-1.62086
1.56000,0.49004,-0.03918,0.36974,0.00473,-0.00384,0.00622,0.99996,-0.17550,0.81643,-1.52584,0.05368,1.29860,-2.23981,-0.13435,1.25950,-2.05454,0.06900,0.57808,-1.62402,0.60752,-0.09736,-0.09940,0.93336,-0.05349,0.47353,-0.93258,2.73517,-0.80126,1.72404,0.27287,-2.19132,-1.44192,0.45698,-1.03427,-0.36379,2.30923,-0.92082
1.60000,0.51365,-0.04229,0.36495,0.02063,-0.01620,0.01355,0.99956,-0.20443,0.92570,-1.52732,0.04115,1.22308,-2.43306,-0.25813,1.23985,-2.36733,0.05845,0.70657,-1.69160,0.57591,-0.06430,-0.06092,-0.49171,-0.75013,0.33273,0.62707,2.13368,1.07824,-0.59944,-2.20857,-1.42753,-0.90421,-2.20346,-2.27716,1.02622,3.31004,-1.67854
1.64000,0.53565,-0.04403,0.36398,0.00654,-0.03150,0.01605,0.99935,-0.16861,0.99271,-1.46868,0.06553,0.95022,-2.41475,-0.31523,1.02517,-2.49283,0.10136,0.84025,-1.75205,0.54894,-0.02202,0.01162,-0.54124,-0.75594,0.02668,0.71159,1.37424,1.79848,-0.78946,-3.17443,-0.78371,-0.20637,-2.45816,-1.39828,0.81363,3.24886,-1.15226
1.68000,0.55664,-0.04503,0.36596,0.00203,-0.03529,0.01203,0.99930,-0.15075,1.03275,-1.42071,0.10373,0.66673,-2.21877,-0.32709,0.77168,-2.34697,0.11181,0.93167,-1.75828,0.55649,-0.03253,0.03994,0.35996,0.06429,-0.22374,-0.13564,1.11737,0.76439,-0.48418,-3.06203,-0.02425,0.67975,-2.05316,0.06045,-0.36532,1.92697,0.34819
1.72000,0.57773,-0.04785,0.36818,-0.00444,-0.01811,0.00467,0.99982,-0.12405,1.06171,-1.42157,0.13263,0.45818,-1.85158,-0.20783,0.51684,-1.86171,0.12273,0.95194,-1.70436,0.58159,-0.10260,-0.04057,0.46593,1.06972,-0.25410,-0.11669,1.40122,-0.98128,-1.57104,-0.24768,1.34609,2.83609,-1.87224,1.52816,-0.35788,0.31637,1.48532
1.76000,0.60215,-0.05217,0.36481,-0.01775,0.00334,0.00237,0.99983,-0.06268,1.23378,-1.49515,0.11707,0.50970,-1.63208,-0.11503,0.48254,-1.56653,0.15970,0.97186,-1.65877,0.59782,-0.07585,-0.08559,-0.49350,1.72212,-0.10136,-0.58769,2.52409,0.63552,1.02980,1.90081,-3.73277,0.77283,0.24895,0.34448,0.56403,-0.73804,2.01753
1.80000,0.62616,-0.05414,0.36195,-0.02954,0.02333,-0.00406,0.99928,-0.17038,1.51035,-1.91184,0.16587,0.60544,-1.73471,-0.08883,0.52034,-1.56767,0.15598,1.20914,-1.82569,0.59010,-0.02927,0.07235,-1.26066,0.54884,-0.23342,-3.17076,3.43227,-1.42699,1.67063,2.28965,-1.19725,1.32144,1.01254,0.80424,0.99094,3.51130,0.63367
1.84000,0.65007,-0.05578,0.36277,-0.03040,0.01952,-0.00777,0.99932,-0.37385,1.61243,-2.13736,0.17736,0.70918,-1.74344,-0.08545,0.61845,-1.59923,0.13171,1.35679,-1.89969,0.59721,-0.04026,0.05991,-0.69679,-0.61221,0.03531,-1.32053,-0.59170,-1.52779,0.71685,2.60980,0.40832,0.79969,2.96631,-0.78269,0.17232,0.40779,-0.19751
1.88000,0.67312,-0.05595,0.36380,-0.03042,0.01475,-0.00585,0.99941,-0.53075,1.28076,-2.12416,0.17193,0.80020,-1.74384,-0.08385,0.71800,-1.62075,0.12689,1.09506,-2.00592,0.57656,0.02613,-0.01372,-0.22501,-0.47569,0.11027,0.32082,-6.71829,-1.50898,-0.01011,2.49012,0.02605,0.12902,2.85348,-0.78648,-0.49281,-5.77639,-2.62665
1.92000,0.69478,-0.05457,0.36447,-0.02764,0.00284,-0.00315,0.99961,-0.50301,0.92063,-2.09030,0.15402,0.88641,-1.72177,-0.09297,0.83167,-1.64821,0.13667,0.73474,-2.07389,0.51644,0.03570,0.03870,0.45784,-0.60680,0.03505,1.13298,-7.87172,-0.46131,-0.69023,1.88658,0.97818,-0.61600,2.60996,-0.45988,-0.04074,-8.02672,-0.96250
1.96000,0.71474,-0.05358,0.36841,-0.01699,-0.01595,-0.00118,0.99973,-0.35967,0.61177,-1.89832,0.12231,0.94820,-1.64666,-0.11729,0.94882,-1.66598,0.11802,0.45382,-1.81963,0.49922,0.00719,0.08519,0.77272,-0.83276,0.04612,3.21560,-3.95198,0.12077,-0.89075,1.37859,1.96052,-0.86165,2.76056,-0.36045,-1.55284,-2.76372,0.58730
2.00000,0.73665,-0.05274,0.36790,-0.03627,-0.03624,-0.00099,0.99868,-0.20088,0.56571,-1.53759,0.15632,1.02070,-1.61721,-0.08532,1.07725,-1.68475,0.14897,0.55309,-1.55456,0.55976,0.05036,-0.12309,-0.63869,-0.21817,-0.09481,0.14831,2.37323,-0.81168,0.56614,2.37524,-0.40582,0.30695,2.18724,-0.05374,0.52175,3.19435,-2.60805
2.04000,0.76023,-0.05197,0.36253,-0.03494,-0.04527,0.00011,0.99836,-0.21121,0.68304,-1.58401,0.09227,1.24016,-1.93770,-0.09750,1.19008,-1.89568,0.14754,0.69206,-1.65376,0.58440,-0.02114,-0.04894,0.11022,-0.19130,0.18467,-0.23263,2.62809,-0.84460,0.18665,0.94339,-0.94329,-0.14567,-0.86215,-1.06891,0.07528,2.67231,-1.22682
2.08000,0.78448,-0.05430,0.35964,-0.00542,-0.05135,0.00930,0.99862,-0.27630,0.81537,-1.63226,0.06262,1.28919,-2.26065,-0.19495,1.26847,-2.25117,0.10642,0.79341,-1.68413,0.62162,-0.09767,0.01808,0.71455,-0.07782,0.62806,-0.80972,2.80424,-0.42764,1.28512,-1.27282,-2.13485,-1.21015,-0.24482,-1.68935,-0.05471,1.86393,0.19454
2.12000,0.80966,-0.05763,0.35982,0.00390,-0.06646,0.01744,0.99763,-0.28933,0.92816,-1.61469,0.04161,1.13151,-2.45280,-0.30590,1.21910,-2.44506,0.11404,0.91785,-1.71310,0.63516,-0.07171,0.04293,-0.49487,-1.03950,0.18259,0.81558,2.43248,1.37605,-0.82909,-2.92934,-1.57984,-0.68925,-1.46763,-1.39178,1.12195,3.64131,-0.97899
2.16000,0.83415,-0.06012,0.36342,-0.00512,-0.08043,0.01565,0.99662,-0.25457,1.00369,-1.56327,0.08408,0.90559,-2.32345,-0.32113,1.00092,-2.45038,0.14603,1.04030,-1.72328,0.62170,-0.05217,0.11168,0.15220,-0.49264,-0.16908,0.26166,1.71905,1.14819,-0.50051,-1.59870,0.12436,0.44116,-2.38306,-0.71881,0.04498,2.63939,0.37352
2.20000,0.85736,-0.06280,0.37025,-0.00863,-0.07547,0.01011,0.99706,-0.23010,1.04779,-1.53128,0.11743,0.66233,-2.04244,-0.25499,0.78785,-2.20379,0.15401,1.08015,-1.65685,0.60982,-0.07618,0.13775,0.21393,0.43796,-0.19983,0.17262,1.26963,0.43840,-0.99811,-1.93897,0.46621,1.42643,-0.90700,0.82159,-0.15830,0.62312,1.98849
2.24000,0.88048,-0.06749,0.37571,-0.01363,-0.04917,0.00530,0.99868,-0.20011,1.08813,-1.55146,0.11415,0.50237,-1.64012,-0.12058,0.59519,-1.75987,0.16581,1.03439,-1.53159,0.62464,-0.13588,0.00631,0.22051,1.42605,-0.12280,0.14578,1.63284,-1.31192,-1.71525,0.86975,1.78063,2.88827,-0.06755,1.63142,-0.02331,-1.07365,2.87750
2.28000,0.90526,-0.07180,0.37557,-0.02298,-0.02516,0.00167,0.99942,-0.16856,1.30714,-1.57991,0.13206,0.57082,-1.63629,-0.07016,0.60453,-1.63258,0.15948,1.01591,-1.63981,0.56857,-0.07512,0.09209,-0.32907,1.24470,-0.39040,-0.46928,4.14448,1.43828,1.01725,1.70366,-1.74726,0.54602,0.12636,1.12213,-0.95081,-1.92749,-1.06583
2.32000,0.92837,-0.07485,0.37468,-0.02837,-0.01323,-0.00772,0.99948,-0.32195,1.49937,-1.95906,0.17259,0.66487,-1.69422,-0.05661,0.65587,-1.64149,0.17746,1.14782,-1.84690,0.57658,-0.06774,0.00224,-0.89307,0.13691,-0.38817,-3.29947,-0.11337,-2.58203,1.45531,2.50628,-0.81609,0.95304,1.82775,-0.31327,1.92346,2.40088,0.06743
2.36000,0.95081,-0.07576,0.37474,-0.02887,-0.00827,-0.01393,0.99945,-0.47852,1.35027,-2.04487,0.18646,0.75547,-1.72086,-0.05967,0.72147,-1.64973,0.16084,1.18261,-1.93781,0.55008,0.00944,0.02481,-0.08024,0.20465,-0.16370,-0.02805,-2.73764,-1.30502,0.13792,2.10852,-0.49881,-0.06088,1.59228,0.06660,-0.51689,-1.15680,-0.70731
2.40000,0.97202,-0.07437,0.37710,-0.02726,-0.00227,-0.01527,0.99951,-0.51122,1.02490,-2.16115,0.17847,0.82794,-1.73358,-0.06964,0.77121,-1.62917,0.17779,0.88465,-2.08902,0.56737,0.05236,0.08113,0.24183,-0.28958,0.01460,0.58127,-6.07994,-1.95478,-0.57476,2.00801,0.56492,-0.47011,2.19706,0.02443,0.36129,-5.85327,-2.82243
2.44000,0.99412,-0.07203,0.38284,-0.01110,-0.01414,-0.01205,0.99977,-0.41043,0.71422,-2.03609,0.12647,0.89163,-1.67203,-0.10827,0.87286,-1.62988,0.13062,0.54444,-1.96165,0.56512,0.04556,0.12699,0.73619,-0.77265,0.20930,3.10382,-4.00477,0.01164,-1.17814,1.58450,1.81057,-0.86682,2.88512,-0.22056,-1.62405,-5.92252,-0.25608
2.48000,1.01671,-0.07071,0.38828,-0.02384,-0.03366,-0.00709,0.99912,-0.22870,0.58122,-1.58531,0.13666,0.95815,-1.59739,-0.08276,0.99290,-1.62719,0.14299,0.40692,-1.60749,0.58474,0.03018,0.05908,-0.18266,-0.56247,0.14597,2.81697,1.91759,2.17661,-0.06092,1.71121,1.22690,0.11029,2.57316,0.12785,0.15193,3.51942,-2.74560
2.52000,1.03968,-0.07177,0.39038,-0.01675,-0.03857,-0.00073,0.99911,-0.17951,0.65981,-1.42856,0.08930,1.03374,-1.76501,-0.07310,1.08754,-1.64412,0.13522,0.51000,-1.65696,0.54158,-0.09191,0.08561,-0.01359,0.22941,0.38382,0.02251,1.89109,-0.33251,0.32894,-0.97116,-1.04733,0.82342,1.12625,0.45091,0.42270,1.58714,-0.12545
2.56000,1.06225,-0.07640,0.39109,0.00939,-0.03722,0.00733,0.99924,-0.22228,0.77610,-1.47282,0.05407,1.24292,-2.22503,-0.15196,1.17577,-1.90681,0.10394,0.58372,-1.66545,0.56240,-0.15660,0.07194,1.12885,0.13598,0.45126,-0.88259,2.18134,-0.52612,2.08117,1.73079,-1.44831,-1.62886,-0.88100,-1.63460,-0.46983,1.52149,0.41814
2.60000,1.08483,-0.08268,0.39017,0.03379,-0.04502,0.01149,0.99835,-0.25357,0.88029,-1.49481,0.01473,1.22543,-2.40284,-0.25754,1.17694,-2.11050,0.07591,0.69637,-1.70291,0.55386,-0.16478,-0.05807,-0.04749,-0.54498,-0.00646,0.60167,2.34533,-0.13811,-0.78952,-2.04875,-1.25183,-0.61042,-0.89792,-1.05578,0.77247,3.06752,-1.37552
2.64000,1.10548,-0.08803,0.38791,0.01978,-0.06079,0.00599,0.99794,-0.20143,0.95899,-1.47809,0.01632,1.04449,-2.42770,-0.27333,1.05020,-2.29234,0.12465,0.84031,-1.77715,0.48548,-0.09806,-0.02942,-0.56902,-0.82495,-0.42265,1.11560,1.64079,0.78237,-0.83341,-2.22660,-0.56046,-0.27979,-2.73133,-1.74559,0.93107,3.58060,-1.66959
2.68000,1.12373,-0.09224,0.38774,0.01513,-0.07055,-0.00190,0.99739,-0.17175,1.01580,-1.45976,0.08271,0.75855,-2.23069,-0.28212,0.89806,-2.26254,0.14430,0.95420,-1.81287,0.46049,-0.10613,0.00882,0.37042,-0.23765,-0.26661,0.08415,1.41893,0.19803,-0.16088,-3.42609,-0.23612,0.40480,-0.98247,-0.06734,-0.11535,2.27553,-0.23267
2.72000,1.14040,-0.09748,0.39160,0.01246,-0.06248,-0.00563,0.99795,-0.14702,1.04660,-1.45081,0.09157,0.55312,-1.91374,-0.18385,0.68851,-1.88730,0.16076,0.98175,-1.76867,0.44867,-0.15199,0.07595,0.47047,0.48863,0.13532,-0.04365,1.07086,-0.00484,-1.74250,-0.23948,1.21412,2.41992,-0.87882,1.26542,0.01408,0.27858,1.52634
2.76000,1.15855,-0.10332,0.39379,-0.00619,-0.04026,-0.00530,0.99916,-0.11046,1.14206,-1.50162,0.09738,0.54184,-1.61162,-0.10085,0.64851,-1.67684,0.21476,0.96416,-1.69882,0.46431,-0.08980,0.02569,-1.40278,2.07215,-0.21116,-0.54033,1.16259,0.13678,-0.49545,1.93872,1.68223,1.82737,-1.28168,2.10619,1.33374,-1.45999,2.25593
2.80000,1.17845,-0.10522,0.39102,-0.03991,0.00582,-0.01104,0.99913,-0.22298,1.38789,-1.82752,0.11706,0.62672,-1.60348,-0.02840,0.58575,-1.58966,0.17716,1.09370,-1.81461,0.51269,-0.01787,-0.06754,-1.97902,2.14766,-0.18765,-3.55740,3.14859,-0.57793,2.30771,1.63878,-4.24410,2.04643,-1.32007,2.22949,-0.86875,2.27962,0.51323
2.84000,1.19959,-0.10587,0.38659,-0.05107,0.02130,-0.01265,0.99839,-0.35867,1.57036,-2.12149,0.14599,0.71372,-1.69469,-0.00736,0.62866,-1.59486,0.15075,1.31400,-1.98684,0.53426,0.00177,-0.03403,-0.03883,-0.07436,0.08886,-1.11487,0.07913,-1.62939,-0.08642,2.19241,-0.57482,0.01579,2.27327,-0.75921,1.18302,1.55409,-0.27149
2.88000,1.22081,-0.10444,0.38586,-0.03719,0.02372,-0.01278,0.99894,-0.51517,1.25487,-2.21353,0.10977,0.78723,-1.69243,-0.04155,0.70244,-1.60968,0.14420,1.16038,-2.04476,0.55617,0.05859,-0.01072,-0.05358,-0.22337,0.00741,0.44653,-6.30329,-2.12189,-0.22242,2.30621,-0.23613,-0.20599,2.25279,-0.33169,-0.20065,-3.62765,-1.63116
2.92000,1.24221,-0.10216,0.38602,-0.03154,0.01468,-0.00960,0.99935,-0.50235,0.90313,-2.11612,0.08355,0.86164,-1.65637,-0.05923,0.80686,-1.63222,0.14808,0.80319,-2.11589,0.52532,0.04249,0.00026,0.38105,-0.60855,0.13001,1.22153,-6.88938,-0.31755,-0.67432,1.88926,0.83026,-0.52543,2.80237,-0.70281,-0.26745,-9.05397,-0.74168
2.96000,1.26260,-0.10107,0.38749,-0.02341,-0.00484,-0.00637,0.99969,-0.36233,0.60770,-1.89170,0.05669,0.93182,-1.58547,-0.07826,0.93673,-1.66634,0.12809,0.46778,-1.80381,0.50242,0.00585,0.00431,0.58100,-0.80589,0.08856,3.27131,-3.42139,0.27980,-0.43291,-0.64121,5.90564,-0.65424,3.01698,-0.79441,-1.80791,-5.59792,0.63381
3.00000,1.28483,-0.10043,0.38216,-0.03560,-0.02638,-0.00574,0.99900,-0.20320,0.57633,-1.52396,0.07200,0.97359,-1.63896,-0.06197,1.09216,-1.72212,0.15272,0.51664,-1.65151,0.56544,0.02533,-0.23161,0.51951,-0.02034,-0.05212,1.15484,2.92102,2.14130,-0.07967,-1.03864,-1.49962,-0.83191,2.54454,-0.84801,-0.59132,3.08120,-2.78927
3.04000,1.30749,-0.10201,0.37426,-0.02629,-0.01910,-0.00343,0.99947,-0.18534,0.69280,-1.50623,0.07040,1.08919,-1.94027,-0.05687,1.14913,-1.84006,0.14240,0.60688,-1.71935,0.54547,-0.09230,-0.07040,0.36786,0.54574,0.33597,-0.46848,2.34398,-1.77197,0.76863,1.16018,-0.60679,0.48598,-0.79202,-0.64751,0.08735,1.37087,-0.24989
3.08000,1.33087,-0.10657,0.36804,0.01315,-0.01761,0.00328,0.99975,-0.26456,0.82573,-1.59625,0.02511,1.26527,-2.29947,-0.19708,1.22158,-2.17255,0.08635,0.69384,-1.74846,0.60162,-0.15048,-0.09198,0.90743,0.03863,0.38491,-0.75708,2.87810,-1.24912,1.68047,0.50523,-1.72048,-1.77099,-0.42215,-1.76018,-0.15065,2.13157,-0.41558
3.12000,1.35425,-0.11166,0.36658,0.02018,-0.02772,0.00781,0.99938,-0.26574,0.92697,-1.59400,0.00559,1.12963,-2.45123,-0.27431,1.14550,-2.37540,0.09863,0.80859,-1.78111,0.57556,-0.10898,0.04453,-0.75154,-0.85703,0.07894,1.22233,1.95771,1.44102,-1.13251,-3.07744,-1.33885,-0.30960,-1.97159,-1.46266,1.33482,3.31033,-0.95363
3.16000,1.37677,-0.11526,0.36934,0.00353,-0.04514,0.00486,0.99896,-0.21171,0.99008,-1.52590,0.05511,0.87897,-2.37154,-0.31451,0.94866,-2.40865,0.14662,0.94653,-1.81586,0.57395,-0.07286,0.08972,-0.25461,-0.83197,-0.22107,0.71466,1.43801,1.80838,-0.26140,-2.21979,-0.38752,-0.17478,-2.12459,-0.92187,0.50810,3.34320,-0.46895
3.20000,1.39859,-0.11908,0.37385,0.00217,-0.04686,-0.00110,0.99890,-0.18960,1.03415,-1.48611,0.10918,0.61242,-2.11009,-0.27633,0.73884,-2.16345,0.15440,1.02369,-1.78747,0.58148,-0.11905,0.06364,0.71065,0.21112,-0.17480,-0.25788,1.45818,0.22114,-0.60369,-2.61944,0.26828,1.41511,-1.01848,0.80337,-0.50071,1.40858,1.20335
3.24000,1.42063,-0.12582,0.37608,0.00096,-0.02691,-0.00417,0.99963,-0.16342,1.08325,-1.50871,0.11278,0.48340,-1.75480,-0.15581,0.57114,-1.70872,0.17059,1.01862,-1.70210,0.57580,-0.20514,-0.05495,-0.25404,1.31365,-0.02746,0.83294,1.63194,-1.37451,-0.77272,1.20433,1.65789,1.02718,1.08886,-0.58575,0.84061,-0.46813,2.09334
3.28000,1.44327,-0.13097,0.37658,-0.03429,0.01201,-0.00915,0.99930,-0.10722,1.22216,-1.57283,0.16808,0.53334,-1.66371,-0.06555,0.55065,-1.64723,0.15060,0.99157,-1.71865,0.55298,-0.04388,0.10088,-1.22697,2.17731,-0.35818,-1.02598,2.55941,0.75851,1.93837,1.22928,-3.01770,1.41160,-1.35501,2.72747,-2.32835,-1.00869,-0.21567
3.32000,1.46668,-0.13288,0.37646,-0.03576,0.02554,-0.01477,0.99892,-0.25586,1.51881,-2.02917,0.18988,0.62308,-1.72386,-0.06096,0.60089,-1.64603,0.14155,1.24975,-1.81917,0.59121,-0.04076,0.04705,-0.39126,-0.21682,-0.03595,-3.29637,4.04722,-1.80641,0.47157,2.51055,-0.21197,0.46237,2.49329,-0.57365,2.68016,4.95290,1.40120
3.36000,1.49088,-0.13292,0.37722,-0.02782,0.02279,-0.01674,0.99921,-0.46813,1.40653,-2.11037,0.17195,0.72351,-1.73283,-0.08085,0.69934,-1.67050,0.14006,1.31793,-1.88522,0.62165,0.03036,0.02573,-0.30361,-0.16825,-0.01014,-0.22424,-3.69961,-1.80459,0.10046,2.55754,-0.26647,0.12101,2.41575,-0.20007,-0.44783,-1.69266,-0.98598
3.40000,1.51452,-0.13084,0.37886,-0.03213,0.02408,-0.01482,0.99908,-0.51712,1.06566,-2.12503,0.16712,0.81094,-1.74679,-0.07849,0.77437,-1.65735,0.15501,0.97900,-2.08777,0.59825,0.06316,0.04701,0.01531,-0.21838,0.11466,0.34951,-6.46980,-1.29550,-0.44009,2.20979,0.19417,-0.21379,2.25424,0.13637,0.16635,-8.70243,-2.02489
3.44000,1.53794,-0.12789,0.38231,-0.01983,0.01214,-0.01155,0.99966,-0.43734,0.73844,-2.08431,0.12087,0.88882,-1.70084,-0.11127,0.88270,-1.66078,0.13534,0.61588,-2.01965,0.58094,0.06725,0.08368,0.80040,-0.68458,0.21599,2.33955,-4.85599,-0.64912,-1.32186,1.77551,1.44899,-0.96323,2.84094,-0.14451,-0.77469,-7.90942,-0.07969
3.48000,1.56115,-0.12567,0.38738,-0.02480,-0.00860,-0.00730,0.99963,-0.24480,0.56103,-1.67690,0.11318,0.95797,-1.61874,-0.10582,1.00420,-1.65527,0.12854,0.41002,-1.67161,0.59643,0.04364,0.07671,0.21834,-0.71151,0.04608,3.46133,0.80300,1.81689,-0.46808,1.65998,1.76864,-0.43172,2.59739,0.28639,-2.09049,-0.04050,1.74681
3.52000,1.58644,-0.12487,0.38567,-0.02796,-0.02765,-0.00724,0.99920,-0.15216,0.64675,-1.48663,0.10074,1.11902,-1.77901,-0.09292,1.14700,-1.72992,0.12277,0.55299,-1.61705,0.59639,-0.01460,-0.04498,-0.00798,-0.16957,0.05385,-0.04447,2.45932,-0.75376,0.99303,0.35110,-0.67182,0.01188,2.19373,0.29441,0.07067,2.90070,-1.71699
3.56000,1.60990,-0.12676,0.38350,-0.00526,-0.02643,-0.00064,0.99964,-0.20414,0.75577,-1.53800,0.06491,1.28581,-2.16191,-0.14592,1.23378,-2.01888,0.08796,0.63804,-1.64728,0.57332,-0.08865,0.03858,0.78012,0.39280,0.56017,-0.91610,2.22368,-0.75076,1.17182,0.70084,-1.40011,-0.72882,-1.56397,-1.89635,-0.29601,1.12392,0.51957
3.60000,1.63339,-0.13039,0.38110,0.01391,-0.03367,0.00705,0.99931,-0.24109,0.86486,-1.55696,0.05018,1.24047,-2.41533,-0.27022,1.23310,-2.39859,0.06983,0.74462,-1.68503,0.59766,-0.09475,-0.05037,-0.34354,-0.64153,0.22073,0.55763,2.47719,0.39664,-0.03084,-2.33546,-1.99673,-1.31691,-1.17815,-2.22073,0.89232,3.26757,-1.47467
3.64000,1.65608,-0.13320,0.38099,-0.00183,-0.04837,0.00878,0.99879,-0.20171,0.94956,-1.52359,0.06340,0.96888,-2.42723,-0.30788,1.05218,-2.49035,0.11828,0.87761,-1.73884,0.55815,-0.03973,0.03847,-0.74183,-0.82452,0.05412,0.62553,2.35009,0.49029,-1.10124,-3.24688,-0.75412,0.23511,-2.25483,-1.02165,1.08788,3.29172,-1.07044
3.68000,1.67725,-0.13462,0.38531,-0.00531,-0.05384,0.00642,0.99852,-0.18342,0.99432,-1.45774,0.10036,0.70288,-2.20013,-0.31688,0.80930,-2.34221,0.12901,0.96405,-1.73202,0.55811,-0.04232,0.11898,0.51278,0.00623,-0.11690,-0.26030,1.12029,0.98268,-0.29468,-2.33053,0.19603,0.68940,-1.82318,0.06752,-0.47891,1.64061,0.86145
3.72000,1.69824,-0.13775,0.39115,-0.00789,-0.03826,0.00268,0.99923,-0.16448,1.03069,-1.45051,0.12179,0.49473,-1.84511,-0.20405,0.58234,-1.90297,0.13629,0.96742,-1.65344,0.57551,-0.10804,0.05668,0.46860,0.91185,-0.01825,-0.15271,1.25425,-0.36032,-1.64908,-0.46766,1.19240,2.54118,-0.93560,1.51933,-0.22427,-0.04890,2.01462
3.76000,1.72241,-0.14274,0.38961,-0.01504,-0.02144,0.00546,0.99964,-0.10659,1.20254,-1.50528,0.08515,0.53298,-1.54652,-0.10446,0.56556,-1.54428,0.17067,0.98067,-1.59813,0.60515,-0.11542,-0.14270,-0.64543,1.48914,0.19525,0.10675,2.57325,0.75124,0.94724,2.13762,-4.09725,1.12844,0.89116,-0.44774,1.14161,-0.49849,1.56977
3.80000,1.74602,-0.14600,0.38489,-0.03536,0.00536,0.00348,0.99935,-0.20116,1.39953,-1.83784,0.14658,0.62206,-1.68626,-0.05338,0.58804,-1.53923,0.17475,1.15171,-1.83320,0.56847,-0.05593,0.02377,-1.44174,1.14959,-0.18252,-3.11202,0.81108,-1.63565,1.91596,1.90701,-2.20521,1.63297,0.11090,1.29122,0.54672,1.74523,-0.32404
3.84000,1.76857,-0.14833,0.38470,-0.03316,0.01359,0.00057,0.99936,-0.36192,1.55242,-2.11050,0.15708,0.70589,-1.72171,-0.05181,0.64802,-1.54792,0.14013,1.28665,-1.97154,0.55120,-0.05199,0.06158,-0.19397,-0.05735,-0.02246,-1.28683,1.17175,-0.93333,0.38058,2.02122,0.08594,0.37911,1.92604,-0.14036,0.50954,0.66411,-0.31878
3.88000,1.78994,-0.14924,0.38755,-0.02544,0.01493,-0.00090,0.99956,-0.49821,1.25464,-2.16351,0.14558,0.77641,-1.71116,-0.06450,0.71186,-1.54289,0.13790,1.10162,-2.06241,0.55131,-0.00372,0.06616,0.22765,-0.39671,-0.06983,0.50225,-5.92929,-2.18585,-0.23664,1.99254,0.79935,-0.25189,2.28358,-0.26727,-0.24233,-4.06103,-1.91832
3.92000,1.81107,-0.14914,0.39019,-0.01580,0.00584,0.00025,0.99986,-0.47851,0.89771,-2.07068,0.12132,0.84621,-1.67085,-0.08283,0.80710,-1.55648,0.13349,0.74682,-2.08538,0.51939,-0.00248,0.03710,0.46139,-0.51569,0.00637,1.37056,-7.54114,-0.22616,-0.51142,1.74044,1.05622,-0.47165,2.46695,-0.46965,-0.48760,-7.99698,-0.94634
3.96000,1.83130,-0.14967,0.39298,-0.00811,-0.01098,0.00321,0.99990,-0.32096,0.61611,-1.83646,0.10160,0.90678,-1.60207,-0.09376,0.92351,-1.58046,0.11893,0.43708,-1.80094,0.50836,-0.02497,0.02905,0.78901,-0.66776,0.12612,3.35130,-2.79732,0.44022,-0.79738,1.42441,1.54725,-0.67290,2.81421,-0.67737,-1.69895,-4.13629,0.50407
4.00000,1.85340,-0.14987,0.39177,-0.02462,-0.02284,0.00514,0.99942,-0.13887,0.58981,-1.40678,0.12113,0.97022,-1.60592,-0.05802,1.02949,-1.59031,0.14277,0.43585,-1.54545,0.56974,0.01897,-0.11958,0.82281,0.63218,0.05281,-1.09589,3.31626,-3.61495,-0.50251,1.03409,-0.63715,-0.86868,1.11600,0.36101,-0.85811,1.80720,-1.27924
4.04000,1.87611,-0.15014,0.38793,-0.01712,-0.01711,0.00896,0.99967,-0.16157,0.68892,-1.47479,0.02918,1.23923,-2.03073,-0.06161,1.12849,-1.79116,0.13294,0.51989,-1.60002,0.54200,-0.04191,0.01613,-0.09859,0.20555,0.29056,0.03443,1.95200,-0.48805,-0.00732,3.07241,-0.67194,-0.17042,-0.48656,-0.90208,0.36937,1.73205,-0.51140
4.08000,1.89844,-0.15204,0.38340,0.01467,-0.02153,0.01495,0.99955,-0.22290,0.81925,-1.52721,0.02296,1.33292,-2.31533,-0.19723,1.27652,-2.15076,0.08334,0.62139,-1.65082,0.55806,-0.06030,-0.09421,0.88033,-0.07719,0.30855,-0.88874,2.53338,-0.86918,1.79539,-1.14938,-2.23932,-1.64913,0.68369,-1.41361,-0.46206,2.32016,-1.01298
4.12000,1.91989,-0.15408,0.38165,0.02263,-0.03182,0.01776,0.99908,-0.23269,0.90648,-1.51895,0.03196,1.12546,-2.44854,-0.28120,1.18775,-2.41739,0.08182,0.73655,-1.70176,0.53210,-0.04337,0.03620,-0.69765,-0.82530,0.01971,0.98818,1.62819,1.53338,-1.02858,-3.26101,-1.36825,-0.38706,-2.84642,-2.18616,1.03964,3.24373,-1.33829
4.16000,1.94046,-0.15613,0.38402,0.00918,-0.04439,0.01490,0.99886,-0.19115,0.95905,-1.46164,0.07913,0.83272,-2.33865,-0.32589,0.94884,-2.46613,0.11798,0.85437,-1.73749,0.52899,-0.05596,0.07054,-0.17350,-0.50449,-0.16817,0.53975,1.27992,1.32535,-0.46517,-3.46038,-0.41049,-0.12309,-2.21231,-0.98619,0.39941,2.69858,-0.41737
4.20000,1.96060,-0.15920,0.38866,0.00356,-0.04258,0.00896,0.99905,-0.16249,0.99260,-1.42628,0.10777,0.56371,-2.04357,-0.27907,0.71219,-2.16078,0.13322,0.91644,-1.71146,0.54746,-0.09930,0.07428,0.47095,0.28214,-0.19442,-0.04495,1.21702,0.26606,-1.17843,-2.45930,0.57880,1.61451,-1.41655,0.99653,-0.28497,1.26926,1.01455
4.24000,1.98214,-0.16488,0.39214,-0.00086,-0.02567,0.00660,0.99965,-0.13351,1.03002,-1.42906,0.09218,0.46197,-1.64674,-0.11777,0.54569,-1.59388,0.15547,0.91971,-1.63639,0.59169,-0.17489,-0.02533,0.65662,1.00673,0.18839,-0.21486,1.72469,-1.02586,-2.13556,2.04331,2.19599,3.65730,1.21161,2.74651,-0.04137,-0.16012,1.98065
4.28000,2.00578,-0.16935,0.39262,-0.03123,0.00362,0.00300,0.99950,-0.08700,1.26265,-1.51510,0.14579,0.53331,-1.60598,-0.03641,0.54548,-1.54165,0.16131,1.02785,-1.67361,0.55706,-0.04059,0.12568,-1.23795,2.00652,-0.34019,-1.52159,4.36912,1.26098,1.82185,1.22844,-2.74430,1.36271,-1.55850,3.09788,-1.61178,1.50361,0.60809
4.32000,2.02865,-0.17127,0.39162,-0.02889,0.02047,-0.00272,0.99937,-0.26286,1.52866,-2.02624,0.16140,0.61608,-1.67522,-0.03911,0.58046,-1.53393,0.13281,1.30537,-1.85323,0.58709,-0.05327,-0.01945,-0.22982,-0.02564,-0.00201,-2.94814,2.52258,-2.81274,0.41885,2.43219,-0.72851,0.38822,2.31970,-0.79219,2.43103,3.57905,0.37481
4.36000,2.05253,-0.17202,0.39096,-0.01947,0.02140,-0.00253,0.99958,-0.43688,1.40657,-2.08929,0.14377,0.70835,-1.69686,-0.05557,0.67075,-1.56116,0.13710,1.29516,-1.98103,0.61650,0.00506,0.01233,-0.00580,-0.08375,0.06114,0.09189,-3.04244,-1.30651,-0.08985,2.36322,-0.27300,0.01683,2.29453,-0.29137,-0.50060,-2.85133,-1.58152
4.40000,2.07639,-0.17129,0.39221,-0.01868,0.02322,-0.00165,0.99955,-0.48656,1.07537,-2.14794,0.13740,0.79208,-1.70485,-0.05814,0.74148,-1.55077,0.14746,0.95109,-2.12948,0.61577,0.02518,0.03985,0.08412,-0.25758,0.00350,0.30565,-6.02625,-1.70449,-0.23091,2.20658,0.43395,-0.16575,2.24014,0.05482,0.08979,-7.64946,-1.91925
4.44000,2.10073,-0.16997,0.39439,-0.00850,0.01163,0.00069,0.99990,-0.39704,0.76283,-2.03999,0.10604,0.87290,-1.65967,-0.08024,0.85203,-1.56131,0.12141,0.60008,-2.02061,0.61488,0.02562,0.01606,0.75423,-0.64118,0.14138,2.66231,-4.17195,-0.21046,-0.98748,2.00213,1.20978,-0.76712,3.04095,-0.54781,-1.28228,-6.59984,-0.22589
4.48000,2.12517,-0.16938,0.39701,-0.01259,-0.00433,0.00356,0.99991,-0.20500,0.59214,-1.62803,0.10729,0.94689,-1.59462,-0.07048,0.96579,-1.55906,0.11521,0.38670,-1.64370,0.63235,0.00809,0.02209,0.43305,-0.38293,-0.04194,3.38773,0.86408,1.80455,-0.44562,1.74099,1.33186,-0.50641,2.26957,0.32578,-1.98591,-0.35454,1.67747
4.52000,2.15199,-0.16994,0.39283,-0.00751,-0.01623,0.00518,0.99983,-0.11932,0.69042,-1.41494,0.08637,1.14741,-1.79466,-0.06490,1.11157,-1.61398,0.10216,0.49963,-1.58284,0.63841,-0.05530,-0.10915,0.32329,0.22861,0.30606,-0.39215,2.66945,-1.47881,1.29266,0.97395,-0.58852,0.13731,1.94291,0.34283,0.00949,2.38385,-1.43489
4.56000,2.17677,-0.17190,0.38735,0.01416,-0.01487,0.01376,0.99970,-0.16811,0.80424,-1.47143,0.03418,1.31745,-2.22161,-0.14926,1.17912,-1.86179,0.07465,0.59546,-1.63554,0.59832,-0.06392,-0.05208,0.34104,0.08505,0.58472,-0.44723,2.30436,-0.32141,0.72715,-0.08902,-1.86063,-1.26334,-1.67405,-1.80520,0.17880,1.96342,-0.62827
4.60000,2.19981,-0.17366,0.38413,0.02413,-0.02312,0.02293,0.99918,-0.18939,0.89770,-1.46236,0.01995,1.21210,-2.40772,-0.25873,1.16637,-2.21241,0.07422,0.70539,-1.68772,0.55962,-0.02710,-0.03379,-0.51487,-0.53020,0.35710,0.54278,1.78346,1.14954,-0.25290,-2.48784,-1.62832,-1.19007,-1.46624,-2.08940,0.96280,2.83768,-1.31054
4.64000,2.22137,-0.17395,0.38363,0.01444,-0.03517,0.02463,0.99897,-0.16583,0.95608,-1.40620,0.04733,0.95172,-2.40579,-0.32339,1.01700,-2.42917,0.10347,0.82785,-1.74007,0.54035,0.01399,0.02352,-0.67481,-0.59122,-0.13383,0.81346,1.08097,1.78017,-0.38080,-2.88564,-0.90003,-0.28933,-2.47153,-1.80983,0.76857,3.09585,-1.10911
4.68000,2.24239,-0.17393,0.38470,0.01017,-0.03628,0.01737,0.99914,-0.14965,0.99469,-1.37164,0.09834,0.66116,-2.21158,-0.33631,0.78531,-2.35624,0.10692,0.92089,-1.75273,0.56285,-0.01211,-0.00302,0.30733,0.19178,-0.42034,-0.09358,1.19409,0.26645,-0.32419,-3.44848,-0.12091,0.62758,-1.86623,-0.19088,-0.47617,2.10939,0.02955
4.72000,2.26389,-0.17591,0.38657,-0.00114,-0.01761,0.00784,0.99981,-0.11472,1.02032,-1.37625,0.12544,0.45253,-1.83889,-0.20218,0.52569,-1.88260,0.12236,0.94567,-1.70503,0.59662,-0.07833,-0.02120,0.28193,1.10883,-0.26781,0.00632,1.23267,-0.81384,-1.86071,-0.13194,1.46623,2.98210,-2.08769,1.47477,-0.26475,0.33506,1.51579
4.76000,2.28912,-0.17986,0.38419,-0.01086,0.00339,0.00691,0.99991,-0.03554,1.21140,-1.46221,0.10610,0.49761,-1.61827,-0.10519,0.48402,-1.51419,0.15300,0.96349,-1.65186,0.62243,-0.09234,-0.05262,-0.07301,1.50478,0.04405,0.19627,2.95428,0.84752,0.50182,1.91079,-3.20413,0.44288,0.65807,0.02311,0.31133,-0.63753,2.22121
4.80000,2.31418,-0.18224,0.38254,-0.02278,0.02404,0.00170,0.99945,-0.14166,1.47520,-1.86462,0.15423,0.59166,-1.71660,-0.07554,0.51977,-1.50868,0.15509,1.19505,-1.80324,0.62072,-0.03800,0.09405,-1.48033,0.73584,-0.23013,-3.70645,2.92296,-1.54672,1.95462,2.23475,-1.33542,1.58364,0.64507,1.25138,1.07834,3.56047,0.66478
4.84000,2.33927,-0.18449,0.38301,-0.02320,0.02274,-0.00213,0.99947,-0.35744,1.63616,-2.12872,0.16879,0.69593,-1.73000,-0.06946,0.62223,-1.54038,0.12871,1.37283,-1.91442,0.62552,-0.06309,0.04113,-0.63251,-0.48561,0.03489,-1.57617,0.50970,-1.33550,0.78063,2.62222,0.26907,0.83359,2.89635,-0.79477,0.35548,0.63593,-0.28959
4.88000,2.36344,-0.18558,0.38413,-0.02217,0.02039,-0.00131,0.99955,-0.51291,1.31082,-2.15411,0.16749,0.78614,-1.72894,-0.06700,0.71464,-1.55585,0.12451,1.12897,-2.04851,0.61030,0.00257,0.00622,-0.04171,-0.40423,0.03651,0.46404,-6.87377,-1.79437,-0.04966,2.42936,0.27872,0.02863,2.72609,-0.62016,-0.49645,-5.57197,-2.66181
4.92000,2.38680,-0.18530,0.38471,-0.01525,0.01109,0.00021,0.99982,-0.50157,0.94901,-2.10085,0.14758,0.87217,-1.70354,-0.08085,0.82444,-1.58051,0.12986,0.76913,-2.10897,0.56421,0.00433,0.01637,0.47626,-0.42663,-0.04425,0.94919,-8.13724,-0.25933,-0.52585,1.96304,0.85825,-0.54064,2.48714,-0.39900,-0.10139,-8.02670,-0.91687
4.96000,2.40879,-0.18561,0.38763,-0.00399,-0.00303,0.00108,0.99999,-0.34821,0.63853,-1.90902,0.12141,0.93641,-1.63560,-0.10221,0.93375,-1.59360,0.10992,0.46647,-1.86506,0.55212,-0.02643,0.05266,0.95717,-0.57666,-0.01821,3.39982,-3.98249,0.16405,-0.92141,1.42984,1.76872,-0.92668,2.59153,-0.30444,-1.63622,-3.70084,0.38604
5.00000,2.43236,-0.18602,0.38676,-0.02836,-0.01805,0.00115,0.99943,-0.20291,0.59510,-1.61586,0.16325,1.01095,-1.62013,-0.05364,1.04623,-1.59824,0.16366,0.48526,-1.62198,0.57998,0.04142,-0.05560,-0.94984,-0.22285,0.02151,0.78302,2.48542,-0.60628,0.82201,2.04152,0.01566,0.81561,1.92437,0.47675,0.89112,3.10471,-2.35301
5.04000,2.45638,-0.18492,0.38365,-0.02769,-0.03110,0.00406,0.99912,-0.21096,0.71176,-1.63204,0.09144,1.26238,-1.99270,-0.08039,1.17659,-1.82901,0.16419,0.63090,-1.72094,0.58602,-0.00585,0.00527,0.06891,-0.48893,0.27221,-0.16945,2.60611,0.03197,0.48197,2.04913,-0.97866,-0.65232,-0.66760,-1.14824,0.11587,3.03057,-1.39884
5.08000,2.48033,-0.18609,0.38158,0.00865,-0.04363,0.01249,0.99893,-0.27107,0.88085,-1.67503,0.05170,1.33234,-2.27401,-0.19806,1.25928,-2.12801,0.10549,0.75404,-1.76718,0.59463,-0.06266,-0.00129,1.12487,-0.28126,0.52337,-1.20168,2.73561,-0.19585,1.17378,-1.18491,-1.95450,-0.84051,-0.11608,-1.27303,-0.61907,2.39090,-0.36091
5.12000,2.50428,-0.18833,0.38052,0.02326,-0.06159,0.01686,0.99769,-0.29339,0.99030,-1.65730,0.02087,1.18099,-2.47785,-0.29342,1.21008,-2.31159,0.09536,0.89845,-1.81976,0.59831,-0.05739,0.00057,-0.40594,-1.13380,-0.04549,0.79336,2.35266,1.19145,-0.86012,-2.91866,-1.63542,-0.65262,-1.75623,-1.41266,0.88444,4.13184,-1.62261
5.16000,2.52710,-0.19074,0.38253,0.00658,-0.07916,0.01325,0.99675,-0.24225,1.06242,-1.60281,0.07171,0.93876,-2.36218,-0.29205,1.03496,-2.38051,0.14243,1.04468,-1.86080,0.56549,-0.05534,0.08638,-0.30037,-0.60173,-0.20073,0.70149,1.56130,1.29037,-0.61837,-1.98293,0.00341,0.22008,-2.18615,-0.97500,0.57823,3.00683,-0.21644
5.20000,2.54803,-0.19359,0.38942,-0.00153,-0.07733,0.00813,0.99697,-0.20437,1.11280,-1.57171,0.10483,0.69258,-2.06929,-0.24767,0.82787,-2.19065,0.16225,1.10168,-1.81457,0.54492,-0.07559,0.18261,0.07415,0.31164,-0.17480,1.83916,-0.79202,5.82046,-1.06584,-1.90919,0.57932,1.09514,-1.17599,0.48006,0.00471,0.86497,1.74463
5.24000,2.56779,-0.19766,0.39342,0.00372,-0.05090,0.00329,0.99869,-0.18733,1.15200,-1.60796,0.12293,0.47856,-1.76532,-0.16836,0.60766,-1.81731,0.15047,1.06722,-1.71272,0.52338,-0.10887,-0.05985,0.62213,1.38300,-0.12167,-0.33519,1.66328,-1.75406,-0.59534,-0.94720,0.69803,2.14106,-1.01134,1.07797,-0.51180,-0.57080,1.93690
5.28000,2.59083,-0.20131,0.38699,-0.01010,-0.03331,0.00113,0.99939,-0.17750,1.31699,-1.61057,0.11045,0.58806,-1.60095,-0.08799,0.61447,-1.55913,0.18886,1.05109,-1.75261,0.57979,-0.05176,-0.20004,-1.18620,1.28064,-0.22074,-1.17922,2.80563,0.97793,1.67747,2.55144,-4.20552,1.30380,0.73804,-0.37312,-0.49049,-1.66593,-0.61844
5.32000,2.61322,-0.20298,0.37894,-0.03173,-0.01595,-0.00477,0.99936,-0.31765,1.49942,-1.98109,0.17615,0.69563,-1.73391,-0.04535,0.66094,-1.58592,0.19436,1.12890,-1.91332,0.53314,-0.02044,-0.07223,-1.36387,0.42248,-0.26231,-2.80313,0.10347,-2.22288,1.72748,2.47524,-1.87285,1.32525,1.30726,-0.08329,0.99993,1.35598,-0.10508
5.36000,2.63452,-0.20238,0.37664,-0.03609,-0.01389,-0.00962,0.99921,-0.47180,1.39103,-2.12759,0.19142,0.79408,-1.77478,-0.04511,0.73311,-1.60633,0.16200,1.18423,-1.95953,0.52748,0.04707,-0.00133,-0.31287,-0.21469,-0.14365,-0.24528,-2.47279,-1.53059,0.20605,2.39803,-0.33341,0.03409,2.07007,-0.33083,-0.31100,0.00875,-0.05720
5.40000,2.65474,-0.19934,0.37823,-0.03180,-0.01734,-0.01034,0.99929,-0.53669,1.04869,-2.18116,0.17003,0.87540,-1.77357,-0.06607,0.80705,-1.60688,0.16400,0.93097,-2.03840,0.52396,0.09503,0.06953,0.07789,-0.64963,0.02258,0.63663,-7.19574,-1.38635,-0.56095,2.15096,0.76117,-0.45918,2.49975,-0.21682,0.09677,-5.17367,-2.35790
5.44000,2.67450,-0.19538,0.38258,-0.02040,-0.03399,-0.00751,0.99919,-0.47547,0.71274,-2.03981,0.12377,0.94506,-1.71665,-0.10144,0.91438,-1.61712,0.13096,0.58642,-1.99150,0.49015,0.08606,0.09726,0.42049,-0.92068,0.11769,2.30964,-5.43146,-0.09885,-0.89528,1.68918,1.60902,-0.75649,2.75631,-0.28431,-1.06008,-6.35883,-0.83962
5.48000,2.69422,-0.19224,0.38715,-0.03209,-0.06006,-0.00487,0.99767,-0.30134,0.54615,-1.63410,0.12871,1.01526,-1.63745,-0.08823,1.04309,-1.62792,0.15615,0.50088,-1.67357,0.49410,0.07283,0.07693,0.48768,-0.69177,0.18988,2.14146,0.99917,1.70080,-0.86828,1.41522,1.49408,-0.74810,2.44556,0.01647,-0.73992,3.04996,-1.73931
5.52000,2.71362,-0.19140,0.38967,-0.01338,-0.06547,0.00159,0.99776,-0.15482,0.64595,-1.35635,0.08857,1.01630,-1.76046,-0.09193,1.11045,-1.66267,0.11844,0.58954,-1.70761,0.46973,-0.04411,0.02511,2.08304,0.66876,0.53954,2.87198,3.74701,2.43733,-0.23506,-2.43030,-1.44531,-0.95370,0.73796,-0.16290,-1.91742,0.68183,0.64865
5.56000,2.73339,-0.19381,0.38949,0.01264,-0.06121,0.00840,0.99801,-0.17543,0.73501,-1.35592,0.08522,1.15816,-2.17679,-0.13764,1.18196,-1.77621,0.07934,0.65069,-1.71609,0.48419,-0.08130,0.09177,0.38172,-0.34007,0.37872,-0.28422,1.56854,0.78004,1.05200,1.50580,-1.14882,-0.93605,0.33475,-0.34074,0.05513,2.06086,-0.30675
5.60000,2.75265,-0.19712,0.38863,0.04149,-0.06999,0.01110,0.99662,-0.21008,0.83502,-1.39098,0.02202,1.23260,-2.31450,-0.26763,1.14799,-1.98213,0.03706,0.75141,-1.75038,0.46467,-0.10272,-0.06626,0.36412,-0.23792,-0.05161,-0.01819,1.94019,-0.62997,-0.01276,-0.11933,-0.62739,-0.69647,-2.46248,-1.83224,0.06743,2.43771,-1.09644
5.64000,2.77043,-0.20166,0.38607,0.03594,-0.08055,0.00669,0.99608,-0.18077,0.90459,-1.39191,0.00058,1.08154,-2.37150,-0.28020,1.08927,-2.15676,0.06537,0.86831,-1.80964,0.42599,-0.11726,-0.03833,-0.63633,-0.53669,-0.40345,1.18047,1.44816,0.35146,-1.04273,-2.89777,-0.93936,-0.30106,-0.97847,-0.91179,1.06458,2.92032,-1.35343
5.68000,2.78641,-0.20709,0.38628,0.02832,-0.08452,0.00046,0.99602,-0.14375,0.95244,-1.38636,0.05065,0.81003,-2.17998,-0.27445,0.98500,-2.18312,0.09657,0.95162,-1.82768,0.40608,-0.14018,0.03288,0.15887,0.01382,-0.19895,0.36949,1.15607,0.00646,-0.34475,-2.72424,-0.05695,0.30232,-1.34315,-0.51173,0.25592,1.55378,0.21307
5.72000,2.80129,-0.21398,0.38965,0.02364,-0.07201,-0.00091,0.99712,-0.11227,0.98145,-1.39568,0.08314,0.55352,-1.89896,-0.21896,0.86126,-1.94375,0.12713,0.95527,-1.77270,0.38431,-0.18093,0.07857,-0.25950,0.95229,0.00130,0.81106,0.71526,-0.59347,-0.40361,-2.34980,0.25374,1.14071,0.60498,0.31261,0.81418,-0.49661,1.82072
5.76000,2.81541,-0.21925,0.39748,-0.02106,-0.02213,-0.00989,0.99948,-0.02592,1.04955,-1.47495,0.13538,0.41801,-1.51677,-0.09958,0.75581,-1.80605,0.20757,0.85926,-1.64106,0.39875,-0.03300,0.20751,-2.12590,3.36690,-0.88595,-0.20407,1.31532,0.24965,-1.36476,1.44762,2.10396,2.35634,-3.72998,4.01418,0.37016,-1.27317,2.92784
5.80000,2.83350,-0.22017,0.40521,-0.03399,0.01219,-0.02169,0.99911,-0.11219,1.35314,-1.74579,0.17221,0.45853,-1.55463,-0.07351,0.69683,-1.68637,0.18191,1.09799,-1.68018,0.45828,-0.03116,0.29380,-0.31077,0.23989,-0.27332,-2.17132,4.79590,0.02428,0.53679,1.17394,0.84606,0.40715,0.41134,1.90523,1.05604,4.91219,1.66149
5.84000,2.85235,-0.22122,0.41205,-0.03787,0.02034,-0.02855,0.99867,-0.36383,1.50693,-2.09184,0.16528,0.60145,-1.62561,-0.06563,0.71493,-1.62602,0.17311,1.26020,-1.82794,0.49726,-0.02417,0.15633,-1.59869,0.29210,-0.10181,-3.17758,-0.70516,-2.57150,1.76482,2.31715,-1.59625,1.62657,0.63317,1.58749,0.71652,-0.09865,-1.02791
5.88000,2.87248,-0.22115,0.41519,-0.04881,0.01984,-0.02685,0.99825,-0.49840,1.32256,-2.15247,0.16523,0.70547,-1.65363,-0.04238,0.77847,-1.60613,0.16344,1.08432,-2.01775,0.52770,0.02230,0.00928,-0.11855,-0.60256,0.26774,0.34531,-2.87366,-1.15694,-0.82516,2.06759,2.01402,0.06839,3.62663,-1.90722,-0.56002,-4.61942,-2.38503
5.92000,2.89200,-0.21946,0.41532,-0.03478,0.00598,-0.02256,0.99912,-0.51507,0.96539,-2.06102,0.11522,0.79250,-1.62920,-0.07532,0.89433,-1.63148,0.15230,0.72691,-1.94970,0.45387,0.04408,-0.01533,0.60160,-0.79123,0.05584,1.33784,-8.96936,-0.04791,-0.91277,0.64573,4.65665,-0.89896,2.76790,-0.83579,-0.37483,-7.91514,-0.55214
5.96000,2.90951,-0.21785,0.41413,-0.02956,-0.01214,-0.02206,0.99925,-0.39117,0.62378,-1.84492,0.09307,0.87471,-1.59408,-0.09788,1.01263,-1.66988,0.14920,0.44960,-1.75094,0.42466,0.03021,-0.07687,0.49544,-0.62618,-0.20521,2.55231,-5.90305,0.01236,-0.42604,0.37252,4.02612,-0.98484,2.35156,-0.70958,-1.26475,-2.69280,0.24002
6.00000,2.92885,-0.21703,0.40691,-0.04294,-0.03296,-0.02580,0.99820,-0.20304,0.55174,-1.50151,0.08746,0.93927,-1.61853,-0.08742,1.15664,-1.72528,0.18809,0.56343,-1.62568,0.49009,0.00541,-0.24820,0.50779,0.04724,-0.11308,2.09330,2.87607,2.20526,-0.82148,-1.13400,-0.55223,-0.91234,2.11465,-0.75715,-0.57187,2.69423,-2.55344
6.04000,2.94897,-0.21939,0.39612,-0.00928,-0.01803,-0.02571,0.99946,-0.08311,0.72701,-1.30919,0.04600,1.06194,-1.94192,-0.10441,1.18862,-1.88959,0.12648,0.62250,-1.67256,0.50094,-0.13512,-0.27031,3.41582,1.62125,0.12710,2.13442,4.07512,2.20649,0.76322,0.75060,-0.86877,-0.26755,-1.74558,-1.32525,-2.99752,-0.33037,0.86046
6.08000,2.96940,-0.22396,0.38246,0.04052,0.00114,-0.02474,0.99887,-0.13076,0.85301,-1.38623,0.06272,1.23024,-2.25723,-0.18189,1.18988,-2.19451,0.04313,0.66725,-1.70034,0.51180,-0.09382,-0.21158,0.06060,-0.00841,0.24265,0.01827,2.31811,-1.02973,0.85617,1.03831,-1.21271,-1.26697,-0.80752,-1.50718,0.39076,2.41610,-1.61061
6.12000,2.98910,-0.22692,0.37863,0.03738,-0.00682,-0.01684,0.99914,-0.12581,0.93754,-1.38510,0.03037,1.08322,-2.47427,-0.25263,1.09611,-2.48313,0.06753,0.76801,-1.75003,0.49539,-0.05780,0.04960,-0.80025,-0.71283,0.51190,0.68619,1.82678,0.88773,-1.08643,-3.75675,-1.94712,-0.96716,-2.20711,-2.16336,1.24983,2.54630,-0.74197
6.16000,3.00859,-0.22839,0.37994,0.02882,-0.01831,-0.01254,0.99934,-0.10294,0.97711,-1.30532,0.06697,0.81683,-2.41121,-0.32570,0.89552,-2.39610,0.09407,0.87033,-1.77742,0.50872,-0.02616,-0.00887,0.31142,-0.45612,0.06001,-0.35664,1.95746,-0.09273,-0.21926,-2.33672,-0.40087,-0.03763,-1.42978,-0.05896,-0.19222,2.56038,-0.57239
6.20000,3.02775,-0.22992,0.37978,0.02372,-0.01659,-0.01579,0.99946,-0.07773,1.00785,-1.27037,0.09050,0.62398,-2.15178,-0.25277,0.67338,-2.10256,0.10406,0.94323,-1.78029,0.50840,-0.05482,-0.08605,0.43084,0.28869,-0.15622,-0.27874,1.24939,-0.06117,-1.40067,-0.87827,0.89267,1.80620,-1.44534,0.81111,-0.37932,1.68889,0.00979
6.24000,3.04753,-0.23374,0.37611,0.01170,-0.00006,-0.01469,0.99982,-0.04484,1.05485,-1.29231,0.07493,0.52250,-1.75332,-0.12883,0.55029,-1.60013,0.14152,0.97010,-1.75654,0.52385,-0.11898,-0.17047,-0.94621,1.29073,0.34279,0.98494,0.49083,0.81726,-0.97606,1.01288,1.68004,1.49048,1.03656,-0.60658,1.58527,0.04727,0.83093
6.28000,3.06927,-0.23627,0.37152,-0.02961,0.03341,-0.01420,0.99890,-0.05470,1.24962,-1.63210,0.15024,0.57923,-1.73632,-0.03657,0.54348,-1.55681,0.18670,1.06188,-1.72940,0.54651,-0.00731,0.04162,-1.65008,1.60039,-0.09754,-2.95720,1.76373,-0.95749,1.99974,1.63167,-2.69908,1.67128,-0.74608,2.33820,-0.53263,2.10753,1.26837
6.32000,3.09210,-0.23758,0.36943,-0.02815,0.03577,-0.01748,0.99881,-0.26254,1.56758,-2.06186,0.15584,0.68010,-1.77617,-0.04092,0.62520,-1.58412,0.13948,1.36094,-1.83812,0.57331,-0.05440,0.01465,-0.73496,-0.61784,0.06609,-2.75397,5.22592,-1.12198,0.76823,2.69563,0.18245,0.82554,2.96652,-0.91450,1.52237,4.10653,0.82837
6.36000,3.11537,-0.23839,0.36840,-0.02948,0.02829,-0.01818,0.99900,-0.48696,1.39556,-2.10873,0.15693,0.78663,-1.78115,-0.03990,0.73301,-1.61649,0.13487,1.33970,-1.93866,0.60042,0.01101,-0.04032,-0.51217,-0.42461,0.01212,-0.33589,-4.99040,-2.24669,0.36578,2.75269,-0.17549,0.34849,2.75517,-0.61488,-0.50122,-3.12062,-1.60543
6.40000,3.13811,-0.23727,0.36731,-0.02892,0.02138,-0.01559,0.99923,-0.54893,1.04171,-2.11635,0.14569,0.89113,-1.79738,-0.04516,0.83558,-1.63465,0.16420,0.98989,-2.12631,0.55899,0.03484,0.00750,0.37463,-0.51819,0.13041,0.22650,-7.36359,-1.00820,-0.67283,0.42384,5.03314,-0.49705,2.66441,-0.37744,0.46945,-8.60848,-1.73124
6.44000,3.15989,-0.23547,0.37018,-0.01292,0.00873,-0.01157,0.99981,-0.46895,0.69002,-2.03117,0.09844,0.96286,-1.73989,-0.08018,0.94039,-1.63866,0.14327,0.63776,-2.00403,0.53770,0.03700,0.08501,0.78857,-0.51727,0.20320,2.47474,-6.69369,-0.29836,-1.09770,1.89564,0.74534,-0.82025,2.29127,0.24910,-1.08396,-6.59964,-0.17138
6.48000,3.18148,-0.23455,0.37442,-0.01585,-0.00575,-0.00724,0.99983,-0.27855,0.49903,-1.65613,0.09727,1.02232,-1.66640,-0.07275,1.03501,-1.61849,0.12749,0.45487,-1.74396,0.56102,0.00803,0.04332,0.46569,-0.40192,0.06297,3.17210,0.63385,1.69950,-0.52711,1.87129,0.74239,-0.50626,2.04154,0.48953,-1.88313,0.38529,1.43474
6.52000,3.20499,-0.23582,0.37244,-0.01451,-0.01699,-0.00441,0.99974,-0.19577,0.59520,-1.52545,0.11397,1.16610,-1.83342,-0.04746,1.12237,-1.68487,0.12718,0.57166,-1.74472,0.56297,-0.07659,-0.03949,0.53326,-0.19862,0.32089,-0.57186,2.71407,-1.09725,1.02472,0.35868,-0.63435,0.81068,-0.28293,-0.22168,-0.13839,2.52069,-1.09388
6.56000,3.22861,-0.23925,0.36612,0.01735,-0.02945,0.00109,0.99942,-0.25239,0.75426,-1.59830,0.06303,1.38700,-2.24875,-0.13725,1.20235,-1.83943,0.08310,0.70742,-1.82037,0.57743,-0.12269,-0.14263,1.03300,-0.51623,0.31423,-0.90676,3.21166,-1.31092,1.42062,1.48312,-1.49855,-1.27404,0.32029,-0.49590,-0.35597,3.14107,-1.52460
6.60000,3.25033,-0.24475,0.36146,0.04048,-0.04429,0.00667,0.99818,-0.28817,0.87689,-1.63034,-0.00047,1.32204,-2.43185,-0.23141,1.21116,-2.05213,0.06775,0.83645,-1.87462,0.50703,-0.15824,-0.04179,-0.21183,-0.66071,0.22728,0.62918,2.45139,0.05102,-1.03979,-2.61378,-1.43655,-0.59588,-1.57288,-1.43707,1.09321,2.84018,-0.92635
6.64000,3.26967,-0.25057,0.36152,0.02796,-0.06436,0.00736,0.99751,-0.23970,0.96013,-1.59527,-0.00554,1.10757,-2.48539,-0.28215,1.10700,-2.28955,0.12356,0.97170,-1.92107,0.46854,-0.12748,0.07250,-0.72570,-1.08796,-0.14711,1.35061,1.63060,1.57920,-0.66829,-2.44907,-0.86464,-0.87216,-2.26220,-1.94489,1.38772,3.36399,-0.82255
6.68000,3.28788,-0.25603,0.36510,0.01900,-0.08081,0.00183,0.99655,-0.19428,1.01576,-1.54483,0.05417,0.83327,-2.31533,-0.29987,0.96282,-2.24545,0.16082,1.09144,-1.93453,0.46867,-0.14146,0.08312,0.33283,-0.58114,-0.31919,0.36776,1.45313,0.75855,-0.41986,-2.91672,-0.12344,0.42195,-0.99331,0.01661,0.06246,2.64778,0.14261
6.72000,3.30492,-0.26332,0.37120,0.01714,-0.07624,-0.00279,0.99694,-0.16126,1.05090,-1.52801,0.09240,0.61599,-2.00715,-0.19103,0.78563,-1.96201,0.18181,1.12113,-1.87188,0.45227,-0.20908,0.12366,0.70304,0.44254,0.06901,-0.01703,1.20368,-0.12078,-1.17079,-0.71271,0.98146,2.12841,-0.80435,0.94157,-0.09549,0.09114,2.12204
6.76000,3.32305,-0.27255,0.37099,0.02551,-0.06239,0.00089,0.99772,-0.16056,1.14516,-1.56421,0.09570,0.56547,-1.72301,-0.11173,0.73553,-1.57823,0.20116,1.11240,-1.79772,0.46294,-0.23687,-0.17100,-0.03794,1.07837,0.31269,-0.08242,1.22847,0.30177,0.45891,1.16072,1.16009,0.94926,1.07329,-1.05282,1.04224,-0.50755,1.35781
6.80000,3.34194,-0.27942,0.36504,-0.01136,-0.01822,0.00167,0.99977,-0.22502,1.20549,-1.76262,0.11159,0.65846,-1.59592,-0.01062,0.68063,-1.51821,0.22491,1.11237,-1.93451,0.50368,-0.10579,-0.11601,-3.21561,3.00986,-0.05820,-2.38103,-0.39625,-1.17870,-0.77879,2.60686,1.61153,3.64545,-3.09802,3.54979,0.35268,-0.77610,-1.03322
6.84000,3.36394,-0.28367,0.35758,-0.03396,0.02149,0.00368,0.99918,-0.33601,1.45314,-2.09309,0.14634,0.73937,-1.70508,0.04995,0.65184,-1.47408,0.14599,1.26961,-2.02061,0.56363,-0.10426,-0.11167,-0.22657,0.81276,0.24092,-1.15160,3.12952,-0.45033,0.51637,1.95428,-1.83760,0.68757,1.17699,-0.15651,-0.20494,2.68344,0.92509
6.88000,3.38690,-0.28678,0.35451,-0.01733,0.03429,0.00355,0.99926,-0.47864,1.24709,-2.30881,0.12594,0.81416,-1.74051,0.02717,0.70425,-1.48261,0.13492,1.23385,-2.13576,0.62402,-0.05850,-0.00975,0.79829,0.03924,-0.11346,0.12697,-5.73891,-3.10274,-0.56462,2.05345,0.38564,-0.63395,2.07839,-0.30299,0.54691,-2.35136,-1.62361
6.92000,3.41262,-0.28885,0.35593,0.00201,0.03270,0.00420,0.99945,-0.47987,0.89161,-2.06571,0.09167,0.88664,-1.70163,-0.00266,0.79050,-1.48375,0.12155,0.88423,-2.17849,0.67057,-0.06810,0.02708,0.72090,-0.22672,-0.12925,1.74799,-7.46953,0.68489,-0.46425,1.89062,1.33673,-0.54160,2.31588,0.01177,-1.00069,-8.14585,-1.01431
6.96000,3.43945,-0.29207,0.35932,0.01244,0.02786,0.00405,0.99953,-0.29743,0.61543,-1.83117,0.08010,0.94581,-1.62771,-0.01242,0.87043,-1.45851,0.10399,0.53443,-1.88939,0.68318,-0.09393,0.04441,1.17054,0.06259,-0.03548,3.46729,-2.51136,0.43326,-0.88691,1.26327,1.67131,-0.83896,1.70661,0.69358,-1.69141,-6.59117,0.51362
7.00000,3.46647,-0.29337,0.36227,-0.03511,0.01532,0.00426,0.99926,-0.14657,0.65165,-1.68207,0.12676,1.02804,-1.65778,0.08586,0.94150,-1.39598,0.15569,0.40241,-1.61512,0.64236,0.09511,0.11966,-2.75924,-1.39090,0.01836,2.94667,2.36592,2.59871,-0.97354,0.48119,0.17174,2.34539,2.45156,1.45998,2.47793,4.85913,-3.51371
7.04000,3.49298,-0.29107,0.36116,-0.03603,-0.01191,-0.00187,0.99928,-0.13008,0.80338,-1.66214,0.05831,1.23359,-1.84871,-0.05424,1.13236,-1.86380,0.14774,0.60890,-1.75466,0.64753,-0.01119,-0.02523,-0.06839,-0.40011,-0.15597,0.22716,2.52836,-0.01738,2.46469,2.39569,-0.27530,-3.11610,-0.06599,-2.73483,0.06770,3.61992,-1.86696
7.08000,3.51920,-0.29352,0.35962,0.00317,-0.01660,0.00109,0.99986,-0.20605,0.92289,-1.69050,0.10722,1.32713,-2.13935,-0.21969,1.31242,-2.35814,0.08017,0.72510,-1.78344,0.65988,-0.10757,0.09000,1.34774,0.42835,0.31271,-1.18244,2.29963,-0.32561,1.92813,-0.94424,-2.09669,-0.86720,0.76416,-1.86947,-0.87109,1.47460,1.03556
7.12000,3.54602,-0.29715,0.36330,0.01640,-0.02418,0.00770,0.99954,-0.22353,1.01366,-1.64679,0.07861,1.11278,-2.52609,-0.30561,1.29749,-2.64924,0.07447,0.83142,-1.77979,0.70027,-0.07793,0.13918,-0.78664,-1.00819,0.22293,1.15946,1.85757,2.74049,-1.07768,-4.83393,-3.13846,-0.83972,-1.34030,-1.90135,1.30615,3.72163,-0.61909
7.16000,3.57357,-0.29971,0.36887,-0.00592,-0.03932,0.00787,0.99918,-0.16317,1.06969,-1.54034,0.11145,0.82895,-2.42870,-0.33220,1.01569,-2.55829,0.13284,0.96974,-1.79356,0.70368,-0.05575,0.09168,-0.09244,-0.59551,0.00793,0.37955,1.56873,2.10308,-1.04101,-2.72078,0.15103,0.51565,-3.18635,-0.30213,0.40135,3.18883,0.02418
7.20000,3.59952,-0.30215,0.37422,-0.01135,-0.03239,0.00455,0.99940,-0.13945,1.10607,-1.48755,0.14096,0.55678,-2.10379,-0.27855,0.69226,-2.14498,0.14648,1.02328,-1.73702,0.66753,-0.07149,0.07027,0.45112,0.76760,-0.14062,-0.17203,1.19365,0.37922,-1.13420,-2.55647,0.64006,1.82882,-4.94754,0.98354,-0.40207,0.62893,1.91882
7.24000,3.62511,-0.30612,0.37634,-0.00733,-0.00456,0.00287,0.99996,-0.13438,1.14727,-1.49925,0.10742,0.42217,-1.64191,-0.14885,0.45504,-1.59703,0.14344,0.99537,-1.62740,0.67614,-0.11701,-0.09329,0.42423,1.62908,0.03657,-0.15291,1.70203,-1.25383,-2.01990,1.87584,2.27857,3.42933,-0.77192,2.20062,-0.12547,-0.79723,2.50011
7.28000,3.65239,-0.30822,0.37250,-0.04680,0.03325,-0.00200,0.99835,-0.07356,1.34214,-1.57430,0.13445,0.53904,-1.54576,-0.05224,0.44662,-1.52765,0.14659,1.08090,-1.73648,0.66240,0.02718,-0.02655,-1.67350,2.48849,-0.40525,-1.70650,3.37918,0.94030,2.09530,1.91037,-4.57673,1.53064,-1.30633,2.54503,-1.96897,0.34230,-0.05401
7.32000,3.67900,-0.30842,0.36865,-0.04874,0.04781,-0.00849,0.99763,-0.22556,1.63516,-2.08250,0.15080,0.64428,-1.62782,-0.05382,0.51694,-1.55019,0.12475,1.33723,-1.90721,0.67345,-0.02342,-0.00686,-0.13184,-0.46164,-0.03756,-2.60241,3.71871,-2.38227,0.16141,2.73996,0.14722,0.13343,3.24766,-1.37365,2.45315,3.51530,0.49049
7.36000,3.70588,-0.30921,0.36752,-0.03251,0.03956,-0.00891,0.99865,-0.43984,1.47455,-2.17703,0.11640,0.74432,-1.61241,-0.08585,0.65462,-1.61346,0.10762,1.27688,-1.95532,0.67303,-0.01793,-0.02764,-0.25785,-0.61558,0.13890,0.05932,-4.32995,-1.92881,0.16552,2.59367,0.49128,0.29501,3.55055,-1.30387,-0.83292,-3.22677,-1.30916
7.40000,3.73077,-0.30955,0.36630,-0.03817,0.03529,-0.00650,0.99863,-0.50571,1.11741,-2.14588,0.12424,0.83235,-1.60823,-0.07269,0.76213,-1.63725,0.11846,0.92171,-2.07615,0.58866,-0.00082,-0.02753,-0.18487,-0.08808,0.00046,-0.11726,-7.97407,-0.73784,0.16134,1.97720,0.19139,0.14706,2.20467,-0.19797,0.04463,-9.12394,-1.07813
7.44000,3.75371,-0.30919,0.36571,-0.02768,0.02728,-0.00430,0.99923,-0.42781,0.78767,-2.09951,0.09708,0.90130,-1.57133,-0.09386,0.87178,-1.66110,0.11981,0.55881,-2.00928,0.56257,0.00593,-0.02764,1.11077,-0.34207,0.14029,2.16583,-4.85964,-0.58170,-1.27210,1.49525,1.05293,-1.06297,2.75466,-0.67501,-0.45230,-7.80301,-0.25129
7.48000,3.77688,-0.30882,0.36690,-0.02673,0.01722,-0.00206,0.99949,-0.24658,0.61222,-1.72243,0.09034,0.95871,-1.51081,-0.09513,0.97357,-1.66020,0.11632,0.36774,-1.66772,0.60711,-0.00145,-0.02130,0.38104,-0.00495,-0.24810,-0.35722,2.47557,-1.02856,-0.30084,1.47672,1.01078,-0.58060,1.70464,0.48890,-1.85871,0.52763,1.79946
7.52000,3.80304,-0.30950,0.35997,-0.05985,-0.00510,-0.00936,0.99815,-0.16184,0.74337,-1.73505,0.07336,1.22147,-1.77766,-0.05258,1.20985,-1.87769,0.17300,0.57494,-1.54697,0.62385,-0.01005,-0.18822,-1.05708,-0.89379,-0.37081,1.34893,3.05652,-0.58406,-0.80123,2.09540,-0.32137,-0.83006,1.18996,-0.15867,0.97542,4.87405,-3.93532
7.56000,3.82840,-0.31107,0.35075,-0.04965,-0.02202,-0.01208,0.99845,-0.17978,0.88200,-1.77009,0.08222,1.35618,-2.02340,-0.14297,1.39642,-2.33207,0.15635,0.75505,-1.67484,0.63148,-0.05306,-0.11940,0.79707,-0.02936,0.16686,-0.92548,3.01474,-1.15313,2.29694,-0.00285,-1.45454,-1.13357,0.20903,-2.16262,-0.58314,2.59306,-0.93512
7.60000,3.85453,-0.31352,0.34684,-0.01822,-0.02881,-0.00100,0.99942,-0.25630,1.02069,-1.78968,0.10855,1.20400,-2.40669,-0.27507,1.43891,-2.71155,0.11348,0.85901,-1.69686,0.69888,-0.06372,0.03253,0.09925,-0.41936,0.77135,-0.57271,3.45907,0.16107,0.22680,-4.22694,-3.52918,-0.11424,-0.10104,0.00438,0.59956,2.47250,0.02774
7.64000,3.88317,-0.31401,0.34993,-0.02631,-0.04536,0.01127,0.99856,-0.25013,1.12053,-1.68802,0.08943,0.98526,-2.51806,-0.31945,1.25078,-2.69672,0.15246,0.98517,-1.70721,0.74030,0.02674,0.10318,-0.36564,-1.07763,0.55664,-0.02346,2.63914,2.06760,-1.00033,-1.97832,-0.61927,0.18973,-2.07426,-0.00000,0.84564,3.55045,-0.25687
7.68000,3.91128,-0.31203,0.35617,-0.03151,-0.05188,0.01246,0.99808,-0.23599,1.17306,-1.58883,0.11876,0.74815,-2.27808,-0.32449,0.91882,-2.42059,0.16139,1.07521,-1.67031,0.71735,0.05618,0.12613,0.23077,0.08800,-0.22080,-0.50260,1.72379,0.79077,-0.74012,-1.59917,0.52069,1.21562,-5.60473,0.36678,-0.58135,1.72731,1.42383
7.72000,3.93802,-0.31074,0.36368,-0.03609,-0.02889,0.00697,0.99891,-0.21388,1.19563,-1.54922,0.13507,0.51029,-1.77992,-0.20843,0.60099,-1.98817,0.15218,1.04876,-1.54408,0.69806,0.01651,0.09030,-0.04088,1.61627,-0.31561,-0.22835,1.37271,-0.69348,-1.58706,-1.21115,1.52305,2.57652,-4.36950,1.02737,-0.39283,-1.33359,3.46411
7.76000,3.96648,-0.30973,0.36463,-0.04999,-0.00316,0.00127,0.99874,-0.12912,1.29717,-1.64546,0.12687,0.54973,-1.55453,-0.12890,0.51523,-1.64203,0.14671,0.96691,-1.49696,0.70117,0.04596,-0.00570,-0.27437,1.05391,-0.46154,0.89162,0.50400,0.01244,0.53580,2.59132,-2.55565,0.04535,1.18856,0.20659,-1.23434,-1.83064,-0.59085
7.80000,3.99495,-0.30808,0.36300,-0.06814,0.00245,-0.00581,0.99766,-0.18874,1.50589,-1.83915,0.17017,0.67357,-1.62437,-0.10395,0.60649,-1.66439,0.15772,1.06313,-1.71445,0.69076,0.05025,0.04161,-1.52531,-0.03530,-0.30477,-3.03824,2.93192,-0.19640,1.59312,2.90274,-0.73576,1.25401,2.27820,0.02854,1.23658,1.11581,-0.35876
7.84000,4.02186,-0.30699,0.36212,-0.07507,-0.00895,-0.01135,0.99707,-0.42259,1.49254,-2.08560,0.18518,0.79109,-1.61961,-0.08831,0.77188,-1.72928,0.16444,1.13630,-1.73604,0.64529,0.02664,-0.00300,-1.01514,-0.95958,-0.08210,-1.40175,-2.89536,-2.57222,0.90919,2.84473,0.69404,0.69324,3.66611,-1.09906,0.51327,0.84055,0.30261
7.88000,4.04443,-0.30482,0.36041,-0.07892,-0.01309,-0.01022,0.99674,-0.56315,1.14173,-2.06608,0.18242,0.87999,-1.63042,-0.09120,0.87291,-1.75038,0.15884,0.87420,-1.81575,0.51363,0.07208,-0.07963,-0.33920,-0.10733,0.10031,0.11481,-7.73864,-0.92325,0.01163,2.13765,-0.60319,0.01872,2.24252,-0.40869,-0.37653,-6.51474,-2.79321
7.92000,4.06355,-0.30066,0.35957,-0.07823,-0.01534,-0.00912,0.99678,-0.49769,0.79278,-2.10774,0.16429,0.94935,-1.63254,-0.10886,0.94572,-1.74719,0.16647,0.52307,-1.92903,0.47653,0.12333,0.02279,0.70368,-0.25080,0.00963,1.51460,-6.18684,-1.00751,-1.17114,1.46197,0.69982,-1.22684,1.80159,0.21582,0.29476,-6.68380,-1.64919
7.96000,4.08278,-0.29591,0.36293,-0.06644,-0.03098,-0.00733,0.99728,-0.34910,0.54386,-1.87060,0.12150,1.01436,-1.58324,-0.15096,1.04523,-1.74522,0.17503,0.38998,-1.67708,0.50356,0.09510,0.08723,0.93761,-0.79061,0.15588,3.08090,-1.63263,0.69305,-1.35008,1.09779,2.16863,-1.37704,2.58585,0.02335,-1.15703,1.93700,1.93996
8.00000,4.10380,-0.29282,0.36427,-0.06518,-0.04921,-0.00399,0.99665,-0.16630,0.52790,-1.39329,0.09063,1.00643,-1.59022,-0.16264,1.16851,-1.75516,0.17408,0.54075,-1.61419,0.51829,0.03020,-0.01282,1.16205,0.33542,0.34362,2.64788,3.47602,2.79937,-0.80705,-2.29037,-0.97679,-1.10441,1.47794,0.50694,-1.24221,1.54391,-0.51616
