0.04000,0.00040,0.00034,0.28919,-0.00706,-0.00442,0.00265,0.99996,-0.08939,0.74304,-1.54696,0.07484,1.06874,-1.94785,-0.12498,0.86124,-1.71460,0.11806,0.75432,-1.58602,-0.02782,0.00406,0.04899,-0.31239,-0.06959,0.29617,0.13501,-0.21919,0.68034,0.82841,5.72589,0.30176,-1.11394,1.33360,0.03419,0.46003,-0.33409,0.28946
0.08000,-0.00090,0.00080,0.29062,0.01145,-0.01259,0.00742,0.99983,-0.13266,0.74688,-1.52232,0.00851,1.31661,-2.15328,-0.26297,1.03622,-1.96722,0.08465,0.75877,-1.58151,-0.05205,0.00219,0.09415,-0.05327,-0.24689,0.04458,0.06949,-0.43856,1.02779,0.93415,1.29996,-0.91568,-1.79875,0.92175,-0.93302,0.05485,-0.13124,0.34363
0.12000,-0.00253,0.00038,0.29269,0.02528,-0.02277,0.00733,0.99939,-0.15685,0.74505,-1.49164,-0.02081,1.23255,-2.32112,-0.32376,1.17695,-2.24071,0.05810,0.77468,-1.58319,-0.02380,-0.02024,0.04421,0.04952,-0.50110,-0.27676,0.23990,-0.13326,0.76509,-0.22732,-2.81613,-1.71810,-0.42799,0.40958,-0.92354,-0.11259,0.76392,-0.39619
0.16000,-0.00395,-0.00073,0.29405,0.02426,-0.03342,0.00482,0.99913,-0.14624,0.74102,-1.45873,-0.01853,1.01418,-2.23870,-0.30034,1.17504,-2.30902,0.06166,0.80245,-1.60040,-0.03154,-0.03109,-0.00545,-0.17649,-0.52568,-0.03733,0.32497,0.06102,0.62903,-0.79135,-1.95765,-0.12999,0.37416,-0.55438,-0.27906,0.30858,0.76270,-0.66580
0.20000,-0.00581,-0.00299,0.29438,0.01984,-0.03387,0.00751,0.99920,-0.13337,0.73693,-1.45489,-0.00781,0.82951,-1.99043,-0.23771,1.06704,-2.04282,0.08120,0.78996,-1.59264,-0.03148,-0.08039,-0.05974,0.31504,0.04871,0.35764,-0.30300,0.36113,-0.65688,-1.09768,-0.88797,0.73904,1.51067,0.11526,1.28003,0.14477,-0.43495,0.16184
0.24000,-0.00598,-0.00723,0.29094,0.00684,-0.03228,0.01620,0.99932,-0.10018,0.77037,-1.48407,-0.00742,0.77034,-1.69702,-0.12951,0.96283,-1.64044,0.13324,0.77795,-1.59832,0.02496,-0.12097,-0.16269,-0.59761,0.12075,0.56995,0.56279,0.85731,-1.20646,-0.71074,1.17775,1.40898,1.39158,1.04709,-1.32576,1.39614,-0.22311,-0.42240
0.28000,-0.00281,-0.00859,0.28948,-0.04266,-0.00036,0.01605,0.99896,-0.03713,0.95239,-1.61292,0.09734,0.74883,-1.65344,-0.02037,0.85295,-1.54240,0.18132,0.83015,-1.60704,0.12213,0.05510,0.09776,-1.30856,2.35664,-0.48089,-1.44692,3.72874,0.99149,1.42129,-0.42722,-2.71014,0.95218,-4.70587,4.49591,-1.50528,1.88473,1.32599
0.32000,0.00244,-0.00728,0.29152,-0.05566,0.03443,0.00527,0.99784,-0.11992,1.29333,-2.02401,0.13789,0.74548,-1.72690,-0.00932,0.71873,-1.41187,0.13553,1.08690,-1.68122,0.12773,0.00582,0.06899,-0.57750,0.77256,-0.38042,-2.43571,6.44868,-0.87036,0.87066,0.11789,-0.53699,0.37389,-1.66920,2.04534,1.28399,4.26716,1.04248
0.36000,0.00715,-0.00808,0.29228,-0.04842,0.03560,-0.00138,0.99819,-0.24069,1.44502,-2.13079,0.13520,0.76100,-1.71443,-0.01983,0.73502,-1.40802,0.13310,1.25868,-1.82561,0.11231,-0.04420,0.02499,0.11244,-0.42474,-0.19676,-0.55842,-0.48569,-0.90355,0.14846,0.50673,0.84715,-0.12277,0.85634,-0.38726,0.58678,0.05005,-0.77268
0.40000,0.01130,-0.00993,0.29266,-0.03812,0.02820,-0.00385,0.99887,-0.33377,1.21092,-2.12109,0.12245,0.77699,-1.68309,-0.03809,0.77384,-1.43298,0.12891,1.07023,-1.86558,0.12305,-0.05325,-0.02594,0.05779,-0.76933,-0.03309,0.46739,-3.67233,-1.18621,0.11276,0.77511,0.88956,0.01425,1.81126,-1.27558,-0.38965,-3.91370,-1.57600
0.44000,0.01524,-0.01050,0.29269,-0.03066,0.02127,-0.00571,0.99929,-0.30557,0.88974,-1.97883,0.11038,0.79399,-1.65948,-0.05440,0.80936,-1.45342,0.10234,0.73921,-1.84260,0.11163,0.00678,-0.03679,0.58869,-0.33790,-0.23012,1.85558,-5.09680,-0.40946,-0.50952,0.61425,0.40254,-0.80050,0.95498,-0.69136,-0.83691,-5.68229,-1.47232
0.48000,0.02091,-0.01012,0.29126,-0.02200,0.00214,-0.00976,0.99971,-0.13655,0.74443,-1.69507,0.09412,0.83105,-1.61438,-0.08205,0.89271,-1.50935,0.10129,0.65215,-1.60948,0.16227,0.01753,-0.08294,0.98225,-0.81254,-0.30683,3.31496,0.72454,1.50682,-0.91351,1.02782,0.83883,-1.39612,2.03693,-1.55367,-1.14922,2.13583,2.07527
0.52000,0.02805,-0.01067,0.28728,-0.01004,-0.00902,-0.01087,0.99985,-0.10909,0.74916,-1.53497,0.07231,1.02085,-1.77083,-0.07656,1.01135,-1.60334,0.08018,0.72123,-1.63667,0.15803,-0.04239,-0.02366,0.30934,-0.16474,0.26081,-0.35148,0.85390,-0.09294,0.53529,2.24544,0.22200,0.86460,1.01838,0.19869,-0.04168,0.64977,-0.16754
0.56000,0.03445,-0.01219,0.28484,0.01089,-0.01637,-0.00447,0.99980,-0.15476,0.79636,-1.54618,0.01958,1.28178,-2.16385,-0.18602,1.07141,-1.81918,0.05029,0.75881,-1.65291,0.15484,-0.05953,0.00104,0.15231,-0.37090,0.40827,-0.18959,0.84204,0.44829,1.47811,2.51702,-1.21738,-2.33207,-0.94507,-1.50692,0.27304,0.76732,-0.16506
0.60000,0.04091,-0.01490,0.28375,0.02500,-0.03207,0.00218,0.99917,-0.18032,0.84208,-1.52426,-0.00720,1.27999,-2.30629,-0.29392,1.17387,-2.09748,0.03977,0.81944,-1.68093,0.16051,-0.07682,0.00368,-0.14594,-0.65798,0.11381,0.37089,0.79052,0.76052,-0.29468,-1.91012,-1.25672,-0.77997,0.56114,-0.87161,0.52330,1.46075,-0.64381
0.64000,0.04701,-0.01792,0.28344,0.02633,-0.04642,0.00088,0.99857,-0.17008,0.87378,-1.50041,-0.01237,1.13293,-2.37854,-0.31985,1.19369,-2.31129,0.04763,0.88727,-1.71296,0.15227,-0.06926,0.00927,-0.04983,-0.59239,-0.30509,0.47185,0.60122,0.52075,-0.19043,-1.83133,-0.89227,-0.30553,-1.04073,-1.25321,0.16197,1.64943,-0.68176
0.68000,0.05286,-0.02119,0.28382,0.02285,-0.05573,-0.00390,0.99818,-0.14692,0.89602,-1.48440,0.01624,0.87570,-2.21684,-0.28174,1.08168,-2.28654,0.06125,0.94203,-1.73209,0.17072,-0.09051,-0.03352,0.08594,-0.51291,-0.13220,0.27335,0.88279,0.13266,-1.00229,-2.61152,-0.04005,0.87438,-1.12442,-0.00516,0.19756,1.54363,-0.65169
0.72000,0.05873,-0.02588,0.28534,0.01337,-0.05392,-0.00268,0.99845,-0.11428,0.91127,-1.48017,0.04345,0.67727,-1.89778,-0.18045,0.90561,-1.89629,0.09876,0.94597,-1.71094,0.17379,-0.13781,0.00443,0.43064,0.13047,0.43517,-0.21646,0.85057,-0.37339,-1.37522,-0.41039,1.10858,2.06823,-0.02454,1.58219,0.27997,-0.23533,0.86280
0.76000,0.06593,-0.03125,0.28669,-0.01607,-0.02838,0.00322,0.99946,-0.05364,0.98184,-1.51144,0.08015,0.66472,-1.58180,-0.07295,0.79193,-1.62722,0.18133,0.87383,-1.63890,0.20756,-0.07236,0.01932,-1.50583,2.37538,0.07670,-0.24893,1.14057,0.28234,-0.79829,2.36473,2.04090,2.01028,-3.11625,3.10057,1.41443,-2.80118,2.59350
0.80000,0.07693,-0.03306,0.28463,-0.03991,0.00576,0.00268,0.99918,-0.12397,1.28305,-1.89784,0.12895,0.70258,-1.67940,-0.01692,0.72165,-1.54966,0.16346,1.16140,-1.76814,0.29316,-0.03439,0.00400,-1.19333,1.07546,0.06449,-2.81449,4.74547,-0.54783,1.33664,0.76500,-1.81757,1.39820,-0.84496,1.57326,0.33014,5.99745,1.93107
0.84000,0.08830,-0.03459,0.28357,-0.04614,0.02339,0.00269,0.99866,-0.30060,1.47373,-2.10828,0.15012,0.73481,-1.73548,0.00126,0.70573,-1.51358,0.13671,1.33284,-1.88149,0.28836,-0.03775,0.01880,-0.62413,0.49070,0.00943,-1.78151,0.70183,-1.20049,0.80839,0.88032,-0.69859,0.76962,0.00555,0.86284,0.61233,-0.33919,-1.03950
0.88000,0.10074,-0.03522,0.28405,-0.04254,0.02733,0.00216,0.99872,-0.41945,1.32464,-2.20128,0.14619,0.77590,-1.74256,-0.00383,0.73206,-1.50311,0.14213,1.18439,-2.01860,0.36107,0.00471,0.01436,0.15808,-0.49396,-0.02875,0.19039,-3.08021,-1.46238,-0.19215,1.51183,0.61076,-0.19756,1.88265,-0.51000,0.05094,-3.31057,-1.81288
0.92000,0.11503,-0.03430,0.28543,-0.02783,0.01544,0.00215,0.99949,-0.44941,0.97879,-2.12797,0.11049,0.82896,-1.70140,-0.03600,0.81466,-1.52765,0.13482,0.84858,-2.02377,0.37900,0.02856,0.02001,0.42669,-0.93149,-0.05939,1.33096,-7.07590,-0.64854,-0.53950,1.58910,1.33513,-0.58837,2.60709,-0.91767,-0.42484,-6.14660,-1.48923
0.96000,0.12996,-0.03300,0.28656,-0.01720,-0.00801,0.00296,0.99982,-0.32731,0.68574,-1.88640,0.08131,0.88803,-1.63205,-0.06201,0.93696,-1.57404,0.11515,0.53908,-1.82687,0.38583,0.02950,-0.02492,0.66310,-1.01899,-0.04110,3.03192,-3.31844,0.40797,-0.75132,1.57101,1.38306,-0.87235,2.98354,-1.22845,-1.40654,-4.28302,-0.06324
1.00000,0.14677,-0.03195,0.28445,-0.02248,-0.02879,0.00160,0.99933,-0.16201,0.64164,-1.50990,0.08927,0.96284,-1.59115,-0.06011,1.05827,-1.61463,0.14249,0.54315,-1.58168,0.41725,0.01344,-0.06305,0.93902,0.26783,-0.01423,1.65939,2.67392,2.16705,-0.94033,1.27100,-0.17169,-1.05407,1.03227,0.16952,-1.00583,1.49310,-0.73127
1.04000,0.16386,-0.03277,0.28221,-0.01282,-0.02624,0.00357,0.99957,-0.15538,0.71513,-1.47341,0.05202,1.16793,-1.93325,-0.07156,1.14370,-1.76283,0.12801,0.60713,-1.61183,0.41444,-0.04976,0.05403,0.09122,-0.03901,0.25968,-0.07035,1.42435,0.15230,0.64109,1.07472,-0.93397,-0.27374,0.04285,-0.55384,0.17659,1.36032,-0.07329
1.08000,0.18170,-0.03500,0.27913,0.02491,-0.03429,0.00832,0.99907,-0.21942,0.83608,-1.51887,0.02537,1.28179,-2.31226,-0.22086,1.25749,-2.07618,0.06527,0.69432,-1.64456,0.46192,-0.08031,-0.06640,1.13463,-0.31186,0.22278,-1.00183,2.18636,-0.56562,1.84905,-0.50624,-2.24607,-1.64333,0.05714,-1.48522,-0.72476,2.15201,-0.75057
1.12000,0.20003,-0.03826,0.27626,0.03559,-0.04976,0.00792,0.99810,-0.22865,0.91983,-1.51427,0.00826,1.14801,-2.45719,-0.28694,1.17659,-2.28829,0.05863,0.81737,-1.70482,0.45965,-0.08840,-0.04353,-0.41590,-0.97859,-0.19771,0.85490,1.79357,0.86738,-1.21655,-2.61932,-1.05505,-0.15705,-2.56529,-1.71017,0.80221,3.50821,-1.76770
1.16000,0.21791,-0.04224,0.27493,0.02202,-0.06796,0.00226,0.99744,-0.18182,0.98300,-1.47790,0.05658,0.88889,-2.34840,-0.30164,1.00229,-2.37450,0.09926,0.95501,-1.76811,0.45651,-0.10389,-0.01530,-0.23437,-0.75484,-0.28269,0.70959,1.53490,0.81506,-0.45351,-2.50634,-0.31960,-0.08458,-1.91897,-1.00698,0.59411,3.09746,-1.03003
1.20000,0.23530,-0.04732,0.27714,0.01773,-0.07276,-0.00278,0.99719,-0.15255,1.02697,-1.45152,0.09253,0.62799,-2.06542,-0.26613,0.79818,-2.17182,0.12078,1.03016,-1.76128,0.47471,-0.14667,0.05777,0.45624,-0.06542,-0.04831,0.04078,1.30048,0.40278,-0.98887,-2.36282,0.44847,1.21317,-1.26125,0.54759,-0.01051,1.40842,0.78682
1.24000,0.25379,-0.05537,0.28078,0.01499,-0.05932,-0.00104,0.99813,-0.12281,1.06578,-1.45232,0.10275,0.45628,-1.71456,-0.14074,0.64944,-1.69321,0.15367,1.02048,-1.68084,0.51667,-0.24182,0.00994,0.33154,0.80979,0.35883,0.29046,1.56399,-0.71503,-0.92246,0.29118,1.28884,0.64378,1.64636,-0.94800,0.63031,-0.48931,2.17486
1.28000,0.27570,-0.06255,0.28134,-0.02909,-0.03265,0.00024,0.99904,-0.10137,1.22949,-1.57393,0.12409,0.53033,-1.52516,-0.02115,0.66414,-1.65949,0.21727,1.06379,-1.67012,0.56535,-0.09276,0.03360,-3.27280,2.24026,-0.20229,-1.81131,2.18935,0.21157,-0.37086,2.71429,1.70808,3.71993,-1.45560,2.86412,0.20922,0.53557,0.15627
1.32000,0.29956,-0.06585,0.27767,-0.04575,-0.00543,-0.00058,0.99894,-0.32324,1.48322,-1.95349,0.15625,0.62684,-1.63996,0.02310,0.68520,-1.64353,0.15035,1.23171,-1.78460,0.60168,-0.07390,-0.04613,-0.83979,0.31003,0.01130,-2.67519,2.62754,-1.55404,1.12626,2.45956,-1.58954,1.09842,1.99243,-0.44235,0.78375,2.42888,0.46231
1.36000,0.32347,-0.06624,0.27578,-0.03986,0.00211,-0.00155,0.99920,-0.50953,1.35668,-2.13225,0.14799,0.72147,-1.69188,0.01125,0.75911,-1.65857,0.17704,1.20290,-1.99366,0.62212,0.05081,0.00890,0.45493,0.12210,-0.06121,-0.37410,-4.04348,-2.42998,-0.60208,2.36637,-0.55891,-0.66191,2.03316,-0.06858,0.91304,-3.06643,-2.26044
1.40000,0.34891,-0.06316,0.27685,-0.02562,0.00224,-0.00151,0.99967,-0.58805,1.00109,-2.15293,0.10743,0.81357,-1.69770,-0.02779,0.84586,-1.65722,0.20397,0.86188,-2.18401,0.67929,0.09160,0.05193,0.22719,-0.42827,-0.04497,0.30202,-8.00126,-0.86264,-0.55987,2.55333,0.55291,-0.58592,2.69199,0.06741,0.26733,-7.40971,-2.15623
1.44000,0.37619,-0.05923,0.28045,-0.01317,-0.01193,0.00086,0.99984,-0.49345,0.66824,-2.07988,0.06375,0.90361,-1.64208,-0.06359,0.97003,-1.65686,0.16134,0.50730,-2.04283,0.69912,0.09210,0.07174,0.44567,-0.73537,0.20506,2.64252,-5.03507,-0.37058,-0.89751,2.20280,1.46455,-0.65292,3.19716,0.08777,-1.53614,-7.01127,0.07779
1.48000,0.40461,-0.05574,0.28482,-0.03024,-0.03197,0.00436,0.99902,-0.29963,0.50810,-1.64972,0.08187,0.99141,-1.56729,-0.03574,1.09655,-1.63126,0.14552,0.31371,-1.64094,0.75152,0.08512,0.05441,-0.27498,-0.60389,-0.01620,3.04526,1.47123,2.02387,0.01949,2.16820,1.54835,-0.03598,2.60735,0.93310,-2.36613,0.45224,2.06384
1.52000,0.43547,-0.05355,0.28279,-0.02758,-0.04751,0.00441,0.99848,-0.15066,0.62089,-1.38632,0.05145,1.15089,-1.71704,-0.04407,1.18331,-1.72014,0.12055,0.46679,-1.57255,0.73088,-0.00674,-0.08107,1.89170,0.41001,0.33945,1.50594,3.25664,1.95168,-0.31050,-0.10218,-0.70364,-0.14844,-1.43796,-0.82223,-1.82984,2.54731,-1.36784
1.56000,0.46514,-0.05551,0.27765,0.00435,-0.04869,0.01060,0.99875,-0.20423,0.76347,-1.45076,0.08454,1.26297,-2.15010,-0.10643,1.29301,-2.01513,0.06913,0.59688,-1.65118,0.72503,-0.08738,0.00014,0.67064,-0.28280,0.45686,-0.63180,2.90114,-0.25058,1.92979,-0.54222,-2.36373,-1.64798,0.86396,-0.88571,-0.16114,3.11610,-1.21508
1.60000,0.49465,-0.05962,0.27479,0.02630,-0.06181,0.01617,0.99761,-0.23965,0.89283,-1.46378,0.07433,1.23321,-2.46979,-0.27080,1.27008,-2.35016,0.04882,0.75301,-1.72407,0.74294,-0.13053,-0.02687,0.05496,-0.64330,0.17690,0.32531,2.78400,0.42401,-0.08398,-1.63482,-1.95129,-1.11781,-2.48918,-2.64730,0.65549,3.85109,-1.51285
1.64000,0.52309,-0.06533,0.27454,0.01714,-0.07214,0.01467,0.99714,-0.19980,0.98571,-1.43991,0.08664,0.95004,-2.48251,-0.32788,0.97627,-2.49066,0.09295,0.89853,-1.77088,0.71216,-0.15110,0.01110,-0.60207,-0.54121,-0.17859,1.20684,2.09070,0.96765,-1.27928,-3.61377,-0.76668,-0.11744,-3.72539,-1.78515,1.29104,3.58737,-0.86852
1.68000,0.55071,-0.07156,0.27725,0.00895,-0.07612,0.00619,0.99704,-0.15569,1.05034,-1.40493,0.12271,0.63645,-2.22711,-0.33352,0.66594,-2.37279,0.12550,1.01598,-1.76987,0.72663,-0.15682,0.08536,0.32301,-0.00563,-0.44917,0.38955,1.59984,0.75727,-0.80895,-4.39573,0.19056,0.63643,-4.04386,-0.30184,-0.02608,2.57091,0.71526
1.72000,0.57829,-0.07872,0.28513,0.00516,-0.06153,-0.00263,0.99809,-0.11868,1.07995,-1.36743,0.14309,0.37946,-1.83709,-0.21997,0.41979,-1.86045,0.14104,1.04074,-1.67284,0.75016,-0.19434,0.18145,0.72753,0.98222,-0.14988,-0.03533,0.99203,0.63459,-1.47429,-1.69025,1.06294,2.59258,-1.02898,1.93119,-0.41628,-0.14962,3.27156
1.76000,0.60950,-0.08672,0.28788,0.00773,-0.04841,-0.00169,0.99880,-0.06334,1.30357,-1.37754,0.08209,0.34931,-1.50208,-0.14114,0.47071,-1.51029,0.15585,1.03729,-1.58843,0.78343,-0.17500,-0.04504,-0.99510,1.30869,-0.05198,0.64642,4.08956,1.44541,-0.45460,2.08358,1.77418,1.61188,1.74103,-0.93222,0.38177,-1.44766,0.50434
1.80000,0.64092,-0.09142,0.28441,-0.03727,-0.01575,-0.00780,0.99915,-0.20294,1.43844,-1.64685,0.13739,0.51085,-1.51525,-0.03750,0.50299,-1.50121,0.18617,1.08074,-1.73296,0.77781,-0.06548,-0.01179,-2.31417,1.52608,-0.37321,-4.39452,-0.73158,-2.12954,2.90230,2.95243,-4.09059,2.48293,0.53177,1.08375,-0.08250,0.64753,-0.27554
1.84000,0.67270,-0.09372,0.27931,-0.03254,-0.01182,-0.00653,0.99938,-0.42629,1.59028,-2.02380,0.13398,0.64691,-1.60489,-0.04383,0.66036,-1.59210,0.17677,1.20631,-2.00732,0.78658,-0.03208,-0.07021,0.38712,-0.45191,0.38900,-1.43311,1.25028,-1.42050,-0.63266,3.30349,-0.86067,-0.20704,4.33807,-2.29779,1.68463,-0.23327,-1.24987
1.88000,0.70296,-0.09330,0.27921,-0.01630,-0.01448,-0.00296,0.99976,-0.58898,1.25177,-2.11984,0.09343,0.75854,-1.62097,-0.07612,0.79155,-1.63389,0.18631,0.93171,-2.12504,0.76431,0.04661,0.06636,-0.08284,-0.44237,-0.06190,0.04808,-9.21200,-1.41357,-0.07533,2.84152,0.43657,-0.13647,3.10970,-0.21363,-0.32352,-5.28649,-2.44492
1.92000,0.73277,-0.09179,0.28031,-0.01240,-0.02611,-0.00072,0.99958,-0.58513,0.88471,-2.12212,0.07633,0.86589,-1.59550,-0.08832,0.93111,-1.65682,0.17692,0.57431,-2.16542,0.72748,0.03196,0.00044,-0.04541,-0.55828,0.06489,0.58997,-8.71146,-0.16021,-0.11370,2.60098,0.62403,-0.08242,3.31233,-0.39213,-0.41216,-7.88737,-0.80961
1.96000,0.76181,-0.09094,0.28192,-0.01891,-0.04645,0.00248,0.99874,-0.44502,0.56144,-1.87162,0.08224,0.96172,-1.53229,-0.07594,1.08646,-1.67360,0.16286,0.30534,-1.79938,0.74547,0.01155,0.01202,0.10376,-0.84905,-0.00101,3.04183,-4.75613,0.28060,-0.12361,2.27612,1.66453,-0.23955,3.59418,-0.20467,-2.16262,-2.18653,1.27605
2.00000,0.79301,-0.08987,0.28055,-0.04265,-0.06393,0.00165,0.99704,-0.25752,0.47232,-1.41434,0.09120,1.01159,-1.56381,-0.03495,1.22757,-1.66603,0.18855,0.41405,-1.54508,0.78190,0.02809,-0.08249,0.58895,0.47008,0.11172,1.41133,3.00487,2.50038,-0.97376,-0.16216,-1.30422,-0.67023,1.58965,1.13203,-0.63238,3.04066,-2.37942
2.04000,0.82442,-0.09175,0.27660,-0.01480,-0.04911,0.00400,0.99868,-0.18058,0.66610,-1.38268,0.04295,1.11815,-1.88412,-0.06905,1.28502,-1.88058,0.14044,0.51340,-1.60245,0.77023,-0.12421,-0.04051,1.02311,1.22701,0.09055,-0.88880,2.99749,-3.49487,1.74120,0.13335,-1.18205,0.69220,-1.72836,-1.50112,-0.61411,1.51633,-0.07777
2.08000,0.85696,-0.09752,0.27298,0.02116,-0.04113,0.00690,0.99891,-0.24112,0.81834,-1.49262,0.06384,1.26425,-2.37324,-0.17887,1.30833,-2.26168,0.09103,0.62273,-1.63731,0.84120,-0.17831,0.02484,1.02778,-0.14762,0.33209,-0.63637,3.26078,-0.50718,1.67958,-0.13084,-2.55291,-1.72943,-0.83417,-2.15533,-0.27684,3.16440,-0.56116
2.12000,0.89026,-0.10411,0.27213,0.03020,-0.05512,0.00862,0.99799,-0.23849,0.94527,-1.48129,0.05813,1.11710,-2.56813,-0.30294,1.18488,-2.44664,0.09294,0.80402,-1.70737,0.81989,-0.15691,-0.01484,-0.43867,-0.92581,-0.04714,1.01125,2.77417,1.17310,-1.07958,-2.95699,-1.41620,-0.58054,-2.18532,-1.59727,1.18982,4.55177,-1.63879
2.16000,0.92161,-0.11026,0.27252,0.01815,-0.06669,0.00379,0.99760,-0.18974,1.03523,-1.43808,0.10274,0.82517,-2.42255,-0.31668,0.87133,-2.46967,0.13971,0.96161,-1.74406,0.78697,-0.14798,0.01548,0.02634,-0.37902,-0.21824,0.53202,2.13489,0.98496,-0.87759,-3.39385,-0.01407,0.46676,-4.63621,-1.17623,0.49381,3.43517,-0.19931
2.20000,0.95118,-0.11600,0.27623,0.01019,-0.06539,-0.00234,0.99781,-0.15142,1.08964,-1.38745,0.13712,0.50821,-2.10676,-0.28080,0.56368,-2.14880,0.16831,1.05257,-1.70920,0.76481,-0.13580,0.09244,0.21116,0.30340,-0.16219,0.26486,1.33817,1.16007,-1.16416,-4.68897,0.36682,1.20509,-3.89347,0.63227,0.07683,1.61543,1.58034
2.24000,0.98156,-0.12299,0.28027,0.01685,-0.04776,-0.00355,0.99871,-0.14256,1.13663,-1.36025,0.11110,0.32367,-1.70249,-0.18024,0.42616,-1.62165,0.16987,1.05864,-1.59900,0.82693,-0.20667,-0.00564,0.89439,1.14797,0.18037,-0.32146,1.77486,-0.13003,-1.45954,0.87738,1.73612,2.84866,2.55802,3.03450,-0.30827,-0.29428,3.07952
2.28000,1.01429,-0.12940,0.27909,-0.01693,-0.01715,-0.00641,0.99969,-0.11439,1.36450,-1.48710,0.12691,0.42523,-1.47720,-0.07193,0.47230,-1.54306,0.20275,1.05739,-1.72577,0.79042,-0.08098,0.00158,-2.62851,2.66930,-0.35276,-2.31765,3.31297,0.56517,3.40160,2.55099,-6.01236,2.95039,-0.85974,2.26796,-0.90682,-2.38495,-1.30310
2.32000,1.04734,-0.13230,0.27474,-0.02390,0.00270,-0.00813,0.99968,-0.31435,1.61784,-1.95650,0.15847,0.55863,-1.62115,-0.05072,0.57477,-1.59193,0.17913,1.17972,-1.90858,0.84315,-0.05753,-0.04708,-0.20628,-0.26546,0.22684,-2.19538,2.02574,-2.38116,0.15016,3.65586,-1.42704,0.41720,4.14067,-2.07902,1.79070,2.26050,0.24970
2.36000,1.08059,-0.13274,0.27425,-0.01129,-0.00130,-0.00618,0.99992,-0.52322,1.35934,-2.10198,0.12858,0.69281,-1.65218,-0.07504,0.72508,-1.65127,0.17156,1.13925,-2.03553,0.83082,0.02347,0.06117,-0.01616,-0.35792,0.06401,0.02369,-6.03065,-2.87991,-0.20447,3.21834,-0.05807,-0.06977,3.51705,-0.56470,-0.26766,-2.73172,-1.49883
2.40000,1.11306,-0.13178,0.27631,-0.01023,-0.00909,-0.00258,0.99990,-0.59141,0.99591,-2.11604,0.11515,0.81187,-1.64460,-0.07761,0.86504,-1.66859,0.19361,0.79022,-2.19863,0.80573,0.02601,0.06742,-0.19800,-0.50554,0.09208,-0.37400,-8.82117,-0.42841,-0.01494,2.84243,0.68994,0.13943,3.36349,-0.05082,0.27223,-8.70384,-1.58257
2.44000,1.14495,-0.13064,0.27966,-0.00540,-0.02378,0.00177,0.99970,-0.52321,0.65213,-2.01790,0.09396,0.91223,-1.58747,-0.08658,1.01215,-1.67305,0.15648,0.43497,-2.01416,0.79502,0.02406,0.05424,0.23924,-0.58062,0.20961,2.29076,-5.85448,-0.34902,-0.45147,2.34649,1.34565,-0.20651,3.37405,0.16219,-1.69404,-6.96483,0.31037
2.48000,1.17725,-0.12935,0.28319,-0.02554,-0.03634,0.00460,0.99900,-0.32092,0.47367,-1.64113,0.12682,1.00415,-1.52710,-0.04493,1.12767,-1.63171,0.13319,0.28370,-1.63700,0.84926,0.04165,0.03226,-0.09895,-0.10402,-0.02484,3.01805,0.91578,1.73259,0.00806,2.19166,1.16520,-0.04810,2.11512,1.44556,-2.46083,1.82673,2.38261
2.52000,1.21154,-0.12880,0.28021,-0.02287,-0.04248,0.00612,0.99882,-0.15577,0.59441,-1.37287,0.07177,1.16595,-1.71239,-0.05165,1.20060,-1.75833,0.11382,0.43633,-1.57092,0.81074,-0.04814,-0.12684,1.57991,0.94750,0.35072,-1.84734,3.63529,-3.95100,-0.46758,-0.34353,-0.93504,0.02553,-2.06001,-1.17558,-1.34973,2.22647,-1.27803
2.56000,1.24501,-0.13223,0.27298,0.00379,-0.03843,0.01359,0.99916,-0.21180,0.76033,-1.49162,0.06540,1.35429,-2.26667,-0.10025,1.31720,-2.11468,0.08027,0.57083,-1.65936,0.83520,-0.12532,-0.05898,0.76775,-0.06310,0.49570,-0.68268,3.58790,-1.15821,1.95757,0.62115,-2.63989,-1.67112,0.78381,-1.17030,-0.07553,3.34379,-1.42663
2.60000,1.27817,-0.13733,0.26892,0.02589,-0.04909,0.02118,0.99823,-0.24701,0.90934,-1.51969,0.05618,1.23955,-2.51992,-0.26826,1.29179,-2.39193,0.06687,0.73315,-1.73422,0.81849,-0.13679,-0.04790,-0.20324,-0.61956,0.31638,0.56417,3.14839,0.42354,-0.65320,-2.94926,-2.00061,-0.88858,-2.03606,-2.12401,1.07362,4.02998,-1.61460
2.64000,1.30982,-0.14231,0.26874,0.01250,-0.06191,0.02148,0.99777,-0.19970,1.01101,-1.47955,0.07956,0.94727,-2.51945,-0.33051,0.98384,-2.51306,0.12193,0.89663,-1.78844,0.79053,-0.11272,0.04018,-0.56821,-0.72275,-0.10335,1.11472,2.15720,1.63466,-0.96118,-3.47590,-0.64572,-0.07210,-4.48491,-1.81453,1.22970,4.05306,-0.89830
2.68000,1.34030,-0.14689,0.27236,0.00362,-0.06935,0.01385,0.99749,-0.15729,1.07553,-1.41764,0.12318,0.62264,-2.24024,-0.34469,0.65788,-2.33384,0.15355,1.03344,-1.79028,0.78753,-0.11733,0.09541,0.25989,-0.03934,-0.42932,0.35793,1.55789,1.20487,-0.90635,-5.08465,0.27083,0.68166,-4.81548,-0.00756,-0.04205,2.82975,0.75055
2.72000,1.37053,-0.15270,0.28015,0.00374,-0.05334,0.00447,0.99856,-0.13095,1.10701,-1.37547,0.14772,0.35580,-1.82683,-0.23715,0.39259,-1.85936,0.15510,1.06318,-1.68769,0.81520,-0.16460,0.17160,0.84485,1.21341,-0.26916,-0.20082,1.00728,0.53417,-1.13546,-1.95492,1.06991,2.55581,-1.83070,1.54183,-0.75688,-0.22880,3.53079
2.76000,1.40423,-0.15923,0.28331,0.00702,-0.03706,0.00233,0.99929,-0.04919,1.30747,-1.39198,0.07074,0.36169,-1.48204,-0.15787,0.41926,-1.48149,0.14791,1.01785,-1.61848,0.84676,-0.13388,-0.02849,-1.19437,1.39414,-0.22704,1.52987,3.30793,1.20077,-0.90305,3.16928,2.24265,1.66132,1.68068,-0.72978,-0.17082,-2.56685,-0.36708
2.80000,1.43831,-0.16306,0.28051,-0.03402,-0.01267,-0.00533,0.99933,-0.17433,1.48657,-1.64966,0.14932,0.51519,-1.56136,-0.06585,0.48444,-1.49744,0.16410,1.06552,-1.72310,0.82625,-0.06529,0.04044,-2.23780,0.72496,-0.43552,-4.16820,0.76460,-1.55474,2.87381,3.39897,-2.68138,2.38084,1.74918,0.27546,0.28499,1.65553,0.40307
2.84000,1.47129,-0.16570,0.27661,-0.03045,-0.01910,-0.00785,0.99932,-0.44029,1.59598,-2.03482,0.15402,0.66513,-1.61474,-0.06770,0.68876,-1.62048,0.16692,1.23394,-1.91403,0.79516,-0.04666,-0.06432,0.04935,-0.71310,0.17089,-1.82483,-0.34008,-2.22970,-0.09856,3.53132,-0.48509,0.04673,4.57861,-2.36942,1.71777,0.74708,-0.59623
2.88000,1.50149,-0.16583,0.27608,-0.01885,-0.02440,-0.00456,0.99951,-0.60416,1.24661,-2.07430,0.12474,0.78110,-1.62868,-0.09022,0.82951,-1.66864,0.18685,0.93583,-2.09029,0.74777,0.03405,0.04516,-0.05813,-0.40892,0.01256,0.01428,-9.21200,-0.87344,-0.11721,2.80622,0.25568,-0.10336,3.18045,-0.35805,-0.26289,-7.36466,-2.95243
2.92000,1.53070,-0.16440,0.27762,-0.01535,-0.03360,-0.00329,0.99931,-0.59391,0.87886,-2.13187,0.10952,0.88433,-1.60619,-0.10302,0.95696,-1.68076,0.18194,0.57380,-2.13315,0.71229,0.04099,0.04382,0.00385,-0.33713,0.01171,0.37293,-8.99811,-0.31222,-0.17733,2.36443,0.63945,-0.19071,2.71030,0.20028,-0.21002,-8.09579,-0.55997
2.96000,1.55954,-0.16281,0.28125,-0.02147,-0.04898,-0.00040,0.99857,-0.45840,0.55164,-1.89362,0.11143,0.97117,-1.54423,-0.09396,1.08625,-1.67069,0.16833,0.30163,-1.81843,0.75140,0.03413,0.06565,0.15459,-0.66783,0.06938,2.94161,-4.89148,0.27686,-0.31334,2.07198,1.71809,-0.31714,3.10827,0.37194,-1.99717,-2.32494,0.98496
3.00000,1.59104,-0.16104,0.28111,-0.04572,-0.06678,0.00077,0.99672,-0.26536,0.47124,-1.43535,0.10596,1.01006,-1.56282,-0.05158,1.22565,-1.65484,0.19220,0.42223,-1.55761,0.79511,0.04622,-0.09344,0.31086,0.24371,0.17296,1.66639,3.25908,2.57908,-1.14941,-0.13504,-1.53734,-0.41562,2.03062,0.94303,-0.38214,3.42351,-2.84644
3.04000,1.62351,-0.16203,0.27642,-0.01747,-0.05725,0.00333,0.99820,-0.17033,0.68189,-1.37486,0.05114,1.12952,-1.86388,-0.07980,1.28680,-1.87828,0.14098,0.54409,-1.63741,0.80348,-0.10511,-0.08412,1.71185,1.21756,0.10954,-1.62802,3.35012,-4.04636,1.69135,0.41644,-1.00376,0.64608,-2.15178,-1.68287,-1.38823,1.80466,-0.34359
3.08000,1.65676,-0.16747,0.27148,0.02436,-0.04569,0.00644,0.99864,-0.24455,0.84184,-1.50618,0.07108,1.25306,-2.37329,-0.17259,1.28259,-2.24652,0.07871,0.64972,-1.67070,0.85027,-0.18005,-0.00414,1.00452,0.03431,0.35389,-0.65937,3.34210,-0.86479,1.41546,-0.77990,-2.88434,-1.56918,-0.94881,-2.07042,-0.22893,3.03164,-0.52029
3.12000,1.69056,-0.17410,0.27017,0.03078,-0.05778,0.00834,0.99782,-0.23744,0.96992,-1.49847,0.06012,1.12575,-2.57081,-0.29601,1.16510,-2.44575,0.09417,0.82010,-1.73129,0.83253,-0.15745,-0.00240,-0.57495,-0.84329,-0.03670,1.13967,2.71285,1.27087,-0.97728,-2.42498,-1.24671,-0.74015,-2.16896,-1.70164,1.34209,4.46257,-1.47886
3.16000,1.72238,-0.18007,0.27082,0.01767,-0.06873,0.00327,0.99747,-0.18698,1.05826,-1.45129,0.09880,0.83253,-2.41174,-0.31953,0.86500,-2.46057,0.14236,0.97885,-1.76576,0.79861,-0.13881,0.01336,-0.07200,-0.36713,-0.26893,0.61635,2.10007,1.06793,-1.00419,-3.56360,0.00926,0.43535,-3.97238,-1.08772,0.54693,3.56156,-0.26012
3.20000,1.75262,-0.18551,0.27466,0.00942,-0.06593,-0.00369,0.99777,-0.14874,1.11116,-1.39980,0.13775,0.51611,-2.11456,-0.28105,0.56287,-2.17362,0.16883,1.07007,-1.72813,0.78806,-0.12976,0.10393,0.27219,0.37147,-0.18773,0.19257,1.28670,1.25376,-0.96291,-4.63388,0.26317,1.12356,-3.68226,0.45417,-0.05258,1.59090,1.73029
3.24000,1.78349,-0.19213,0.27972,0.01575,-0.04543,-0.00501,0.99883,-0.14011,1.15116,-1.36670,0.11389,0.32632,-1.70758,-0.18395,0.41078,-1.62514,0.16794,1.06555,-1.60591,0.83490,-0.19394,0.02353,0.79320,1.29658,0.19528,-0.25250,1.53754,0.10499,-1.53235,0.77095,1.73103,2.83387,2.23423,3.00293,-0.26983,-0.62309,3.40251
3.28000,1.81724,-0.19850,0.27841,-0.01479,-0.01691,-0.00580,0.99973,-0.11271,1.39716,-1.50360,0.11879,0.44269,-1.47622,-0.07417,0.46288,-1.50374,0.20197,1.06868,-1.72562,0.82178,-0.09157,-0.01983,-2.53755,2.47331,-0.22328,-2.30078,3.57715,0.60800,3.19545,2.76187,-5.90393,2.90440,-0.38676,1.77221,-0.78485,-2.24702,-1.22411
3.32000,1.85113,-0.20175,0.27339,-0.02350,0.00248,-0.00638,0.99970,-0.31631,1.63515,-1.96545,0.15290,0.58008,-1.62260,-0.04817,0.56462,-1.55704,0.17368,1.19674,-1.92756,0.85674,-0.06472,-0.05709,-0.34437,-0.13072,0.24057,-2.20584,1.42144,-2.51147,0.33910,3.63792,-1.59109,0.59631,3.99084,-1.99767,1.57483,2.13435,0.13639
3.36000,1.88494,-0.20272,0.27261,-0.01046,-0.00101,-0.00352,0.99994,-0.52018,1.37712,-2.12770,0.12339,0.71345,-1.65181,-0.07029,0.71720,-1.62065,0.16727,1.13747,-2.06488,0.84765,0.00688,0.05913,0.11930,-0.42654,0.11641,0.10616,-5.80117,-2.84553,-0.30887,3.19579,0.17976,-0.11074,3.72764,-0.77691,-0.18982,-3.05694,-1.67121
3.40000,1.91801,-0.20238,0.27488,-0.00701,-0.00879,0.00048,0.99994,-0.59062,1.01336,-2.11331,0.10755,0.82931,-1.63550,-0.07438,0.85881,-1.63969,0.18578,0.78527,-2.19410,0.81573,0.01089,0.07381,-0.17388,-0.41459,0.07093,-0.34742,-9.09656,-0.15767,0.05320,2.71975,0.80121,0.18173,3.18376,0.08639,0.10885,-8.58310,-1.38654
3.44000,1.95031,-0.20191,0.27797,-0.00154,-0.02140,0.00509,0.99976,-0.52341,0.66772,-2.02455,0.08839,0.92573,-1.57807,-0.08091,1.00088,-1.64231,0.15393,0.42869,-2.03627,0.80579,0.00647,0.04113,0.36985,-0.47319,0.25898,2.14064,-5.95953,-0.41529,-0.51654,2.24993,1.32236,-0.21328,3.31134,0.12706,-1.46699,-7.10801,0.15893
3.48000,1.98285,-0.20145,0.28156,-0.01988,-0.03060,0.00866,0.99930,-0.30880,0.48528,-1.64270,0.12091,1.01062,-1.51781,-0.03757,1.10530,-1.59462,0.12173,0.25968,-1.64848,0.85484,0.01671,0.03462,0.01234,0.07486,-0.00131,3.39078,0.88020,1.78941,-0.00847,1.99924,1.19567,-0.01889,1.81672,1.60682,-2.80123,1.35748,2.30602
3.52000,2.01775,-0.20173,0.27761,-0.02230,-0.03642,0.01027,0.99904,-0.16370,0.60815,-1.41448,0.08512,1.18387,-1.73206,-0.03361,1.19843,-1.71110,0.11207,0.40940,-1.54707,0.82474,-0.05402,-0.13165,0.41536,0.56623,0.29152,-0.60812,3.60756,-2.97266,0.44379,-0.11914,-0.92562,0.80125,-1.31516,-0.76329,-0.09955,2.91778,-2.17022
3.56000,2.05162,-0.20508,0.27034,0.00527,-0.03764,0.01904,0.99910,-0.22141,0.78076,-1.51543,0.06653,1.36878,-2.27382,-0.10756,1.33441,-2.06657,0.07850,0.55880,-1.64926,0.84388,-0.12486,-0.05451,1.00339,-0.11782,0.61852,-0.95026,3.70007,-1.00742,2.07694,0.50455,-2.63528,-1.71687,0.69273,-1.24822,-0.25118,3.35256,-1.38571
3.60000,2.08518,-0.20998,0.26593,0.02710,-0.05093,0.02661,0.99798,-0.25485,0.93327,-1.53678,0.05014,1.25403,-2.53515,-0.27676,1.28741,-2.33455,0.06459,0.73553,-1.73757,0.82831,-0.12899,-0.07285,-0.29159,-0.81646,0.22586,0.72409,3.25836,0.52321,-0.86606,-3.00940,-1.97337,-0.90615,-2.42834,-2.20003,1.17503,4.49782,-2.09460
3.64000,2.11678,-0.21464,0.26491,0.01124,-0.06563,0.02529,0.99746,-0.20121,1.03653,-1.49688,0.07918,0.95692,-2.50775,-0.32552,0.97190,-2.47945,0.12407,0.91018,-1.80451,0.77764,-0.10290,0.02482,-0.66177,-0.70006,-0.17813,1.21998,2.13208,1.51267,-0.94011,-3.63783,-0.53877,0.01183,-4.92621,-1.92823,1.29760,4.09533,-1.02272
3.68000,2.14710,-0.21901,0.26806,0.00318,-0.07279,0.01660,0.99720,-0.15998,1.10242,-1.44016,0.12732,0.62959,-2.23668,-0.34766,0.64929,-2.33589,0.15299,1.04982,-1.80938,0.78925,-0.11460,0.09751,0.29458,-0.01492,-0.47591,0.35032,1.55625,1.16930,-0.71594,-5.22778,0.17308,0.48936,-4.52295,-0.19105,-0.10478,2.87165,0.76456
3.72000,2.17730,-0.22478,0.27625,0.00324,-0.05508,0.00641,0.99846,-0.13248,1.13200,-1.39981,0.15312,0.36106,-1.82391,-0.23660,0.38926,-1.84741,0.15318,1.07500,-1.70199,0.81470,-0.16514,0.18352,0.85197,1.32473,-0.28588,-0.18592,0.95279,0.49991,-1.22902,-2.00238,1.09325,2.70116,-1.57884,1.67946,-0.78830,-0.42137,3.70552
3.76000,2.21124,-0.23130,0.27933,0.00713,-0.03875,0.00370,0.99922,-0.05595,1.35243,-1.40450,0.07397,0.36591,-1.48739,-0.15763,0.42652,-1.48253,0.14417,1.02864,-1.63420,0.85529,-0.13390,-0.03917,-1.22788,1.33285,-0.28526,1.27734,3.90494,1.46155,-0.80136,3.07121,2.16695,1.67926,1.77092,-0.84461,-0.09847,-2.31703,-0.43484
3.80000,2.24536,-0.23520,0.27622,-0.03383,-0.01465,-0.00538,0.99931,-0.19541,1.50378,-1.65656,0.15534,0.51919,-1.56720,-0.06649,0.49111,-1.49973,0.16350,1.07437,-1.73864,0.82411,-0.06674,0.03351,-2.14506,0.69797,-0.49839,-3.94855,-0.13210,-1.90512,2.84464,3.44029,-2.63973,2.26763,1.76238,0.20234,0.27503,1.53914,0.34701
3.84000,2.27826,-0.23785,0.27233,-0.02792,-0.02176,-0.00816,0.99934,-0.44718,1.59083,-2.04383,0.15573,0.66930,-1.61744,-0.07364,0.69391,-1.62220,0.16988,1.22368,-1.93276,0.79504,-0.04652,-0.06135,0.19422,-0.75152,0.18510,-1.67625,-0.33895,-2.14491,-0.26038,3.51927,-0.39527,-0.10426,4.66183,-2.45571,1.74203,0.38527,-0.74645
3.88000,2.30840,-0.23795,0.27240,-0.01711,-0.02673,-0.00533,0.99948,-0.60624,1.24110,-2.06497,0.12846,0.78378,-1.62880,-0.09510,0.83067,-1.66496,0.18714,0.92052,-2.10068,0.74509,0.03469,0.06782,-0.16690,-0.35203,-0.04800,-0.02961,-9.21200,-0.77902,0.02213,2.74627,0.31017,-0.01743,2.94713,-0.09332,-0.35803,-7.21547,-2.82278
3.92000,2.33759,-0.23663,0.27466,-0.01463,-0.03627,-0.00403,0.99923,-0.59487,0.87338,-2.13951,0.11517,0.88511,-1.60188,-0.10541,0.95676,-1.67364,0.18551,0.55951,-2.13300,0.71596,0.03739,0.05661,0.00467,-0.42865,0.07167,0.36695,-8.97906,-0.40779,-0.21503,2.33880,0.80256,-0.14987,2.88446,0.12247,-0.14942,-7.90921,-0.62714
3.96000,2.36649,-0.23511,0.27855,-0.02053,-0.05254,-0.00027,0.99841,-0.46351,0.54734,-1.88283,0.11575,0.97104,-1.53720,-0.09543,1.08999,-1.66551,0.16461,0.29862,-1.81297,0.75159,0.03246,0.06450,0.09361,-0.65858,0.07901,2.95582,-4.84750,0.37092,-0.25142,2.08245,1.65864,-0.23964,3.10385,0.37211,-2.14202,-1.86392,1.12273
4.00000,2.39786,-0.23348,0.27863,-0.04350,-0.06960,0.00182,0.99662,-0.27527,0.46477,-1.42174,0.10700,1.02366,-1.56592,-0.05315,1.22790,-1.64902,0.19074,0.42149,-1.58470,0.78201,0.03473,-0.06630,0.53375,0.36537,0.30197,1.54369,3.18605,2.57252,-1.09290,0.07928,-1.14218,-0.47880,1.84001,1.06908,-0.57064,3.06520,-2.36787
4.04000,2.42955,-0.23495,0.27526,-0.01421,-0.05727,0.00706,0.99823,-0.18480,0.67295,-1.37762,0.05334,1.13879,-1.88688,-0.07263,1.27819,-1.84965,0.14026,0.52627,-1.64469,0.78244,-0.11577,-0.04448,1.46794,1.19250,0.21715,-1.41258,3.17907,-3.62529,1.74752,0.06210,-1.22549,0.89985,-2.02666,-1.51919,-1.06159,1.64317,-0.12386
4.08000,2.46239,-0.24038,0.27084,0.02584,-0.04918,0.01054,0.99840,-0.25275,0.83637,-1.49976,0.06682,1.27085,-2.41258,-0.17742,1.28183,-2.18706,0.08318,0.64087,-1.68594,0.84199,-0.17407,-0.01287,1.03068,-0.17335,0.29905,-0.63627,3.40199,-0.75839,1.45478,-0.54761,-2.90664,-1.73023,-0.83142,-1.90190,-0.24995,3.43426,-0.93558
4.12000,2.49554,-0.24694,0.26917,0.03394,-0.06321,0.01078,0.99736,-0.24690,0.96563,-1.49630,0.05186,1.14443,-2.56365,-0.29004,1.15305,-2.38360,0.09455,0.82015,-1.75695,0.80823,-0.15921,-0.02125,-0.49330,-0.84729,-0.12431,1.10661,2.75997,0.96067,-1.12399,-2.30663,-0.92929,-0.52260,-2.58281,-1.76698,1.26643,4.53861,-1.66225
4.16000,2.52657,-0.25327,0.26899,0.02188,-0.07529,0.00406,0.99691,-0.19615,1.05829,-1.46048,0.09309,0.85104,-2.41106,-0.31024,0.86896,-2.42974,0.14171,0.98671,-1.80145,0.78043,-0.15317,0.00177,-0.06810,-0.44618,-0.34612,0.69504,2.19812,0.87506,-0.89492,-3.61968,-0.10046,0.30954,-3.31883,-1.22954,0.59574,3.79722,-0.49083
4.20000,2.55597,-0.25944,0.27255,0.01334,-0.07348,-0.00408,0.99720,-0.15416,1.11482,-1.41718,0.13434,0.54259,-2.12125,-0.27171,0.58538,-2.14896,0.17091,1.08468,-1.77061,0.76454,-0.15115,0.10466,0.29692,0.32878,-0.20478,0.24775,1.37267,1.07712,-0.99240,-4.19895,0.29069,1.14406,-2.96727,0.48690,-0.00132,1.69918,1.62565
4.24000,2.58606,-0.26726,0.27754,0.01992,-0.05382,-0.00481,0.99834,-0.14235,1.16009,-1.39115,0.11691,0.33054,-1.73175,-0.17418,0.46347,-1.64183,0.17510,1.08326,-1.65209,0.81768,-0.22837,0.02810,0.85474,1.22871,0.25667,-0.21148,1.67757,-0.02469,-1.40882,-0.15074,1.38325,2.67110,2.58458,2.89063,-0.17356,-0.54677,3.34121
4.28000,2.61873,-0.27454,0.27783,-0.01086,-0.02251,-0.00672,0.99967,-0.12400,1.38135,-1.50904,0.10969,0.41645,-1.44673,-0.07051,0.50668,-1.55508,0.20089,1.08005,-1.77307,0.80776,-0.10609,0.01083,-3.62208,2.86632,-0.36993,-1.34910,3.13735,0.47290,4.35214,3.50183,-8.53984,4.06390,-1.22896,2.85522,0.33962,-2.35498,-1.34793
4.32000,2.65190,-0.27810,0.27480,-0.02274,0.00491,-0.00756,0.99970,-0.30306,1.61438,-1.92183,0.15176,0.54231,-1.60971,-0.03613,0.57059,-1.56671,0.16665,1.13320,-1.96238,0.84261,-0.07040,-0.01313,-0.10002,0.06879,0.23471,-1.72391,1.30955,-2.07747,0.10423,3.37513,-1.58978,0.38977,3.52289,-1.45440,1.22359,0.87355,-0.30906
4.36000,2.68547,-0.27951,0.27507,-0.00849,0.00312,-0.00690,0.99994,-0.49827,1.40950,-2.14566,0.12404,0.67316,-1.63835,-0.06109,0.71062,-1.61658,0.16529,1.11696,-2.07335,0.84566,-0.00551,0.08262,0.03445,-0.34371,-0.01950,-0.38168,-5.20087,-2.99899,-0.10688,3.19104,0.14862,-0.06194,3.39076,-0.41707,0.17879,-1.39364,-0.95389
4.40000,2.71836,-0.27961,0.27764,-0.00353,-0.00193,-0.00455,0.99998,-0.58907,1.04637,-2.12932,0.10784,0.78816,-1.62894,-0.06918,0.83907,-1.62602,0.18056,0.77934,-2.19786,0.81563,-0.00057,0.05992,-0.14490,-0.39090,0.02049,-0.23389,-9.13098,-0.10812,0.06176,2.83358,0.59771,0.12774,3.14260,0.03210,-0.03356,-7.90723,-1.89811
4.44000,2.75053,-0.27979,0.27982,0.00390,-0.01555,-0.00049,0.99987,-0.51067,0.70558,-2.03527,0.08585,0.89033,-1.57753,-0.07976,0.98702,-1.63867,0.15471,0.43198,-2.03926,0.80184,-0.01395,0.01102,0.55609,-0.58439,0.20538,2.33919,-5.58367,-0.37874,-0.65011,2.41867,1.24460,-0.41582,3.60040,-0.26639,-1.38597,-6.27641,0.03263
4.48000,2.78302,-0.28011,0.28239,-0.01480,-0.02508,0.00221,0.99957,-0.29591,0.50380,-1.63273,0.12097,0.98256,-1.52619,-0.03633,1.09588,-1.59877,0.12655,0.25634,-1.64543,0.86073,-0.00084,0.01384,-0.06709,0.07739,-0.06701,3.38141,0.24480,1.64449,0.12667,2.20499,0.95242,0.02818,1.86821,1.50991,-2.86032,1.09541,2.22039
4.52000,2.81825,-0.28117,0.27784,-0.01927,-0.03143,0.00328,0.99931,-0.16257,0.61914,-1.43120,0.08650,1.17154,-1.74391,-0.02299,1.19616,-1.70475,0.12078,0.40059,-1.53698,0.82827,-0.07241,-0.12542,0.27885,0.45278,0.31836,-0.43553,3.60830,-2.65154,0.30901,0.15209,-0.80094,0.98708,-1.08710,-0.59200,0.08554,3.04234,-2.24869
4.56000,2.85233,-0.28504,0.27040,0.00919,-0.03512,0.01267,0.99926,-0.22222,0.79368,-1.52342,0.06539,1.36240,-2.28375,-0.10228,1.34373,-2.03660,0.08659,0.55578,-1.64332,0.84774,-0.13673,-0.06800,1.12805,-0.21297,0.66668,-1.09097,3.79235,-0.92902,2.24880,0.62811,-2.66632,-1.78423,0.92193,-1.07176,-0.34793,3.44318,-1.46580
4.60000,2.88569,-0.29026,0.26579,0.03131,-0.04914,0.02133,0.99807,-0.25755,0.94599,-1.53987,0.04704,1.24873,-2.52528,-0.26680,1.28250,-2.29106,0.07230,0.73176,-1.73177,0.81705,-0.13466,-0.08008,-0.33950,-0.84030,0.30078,0.71646,3.22588,0.65368,-1.01132,-2.97900,-1.79808,-0.83142,-2.80548,-2.25623,1.25111,4.41870,-2.08668
4.64000,2.91695,-0.29508,0.26424,0.01498,-0.06520,0.02113,0.99754,-0.20447,1.04920,-1.49510,0.07945,0.95832,-2.50857,-0.32224,0.96691,-2.45927,0.13417,0.90835,-1.80309,0.77122,-0.10690,0.01452,-0.75387,-0.79268,-0.15445,1.28740,2.10797,1.68251,-0.74333,-3.39385,-0.65320,-0.11959,-4.91581,-2.09239,1.42534,4.21192,-1.17622
4.68000,2.94682,-0.29958,0.26686,0.00587,-0.07359,0.01300,0.99719,-0.16225,1.11428,-1.43511,0.12854,0.63221,-2.23408,-0.34494,0.65077,-2.30785,0.16644,1.05118,-1.81365,0.77333,-0.11782,0.07902,0.28123,-0.03837,-0.44681,0.32986,1.55361,1.14624,-0.78615,-5.21197,0.20300,0.55119,-4.18790,-0.12263,-0.06567,2.90181,0.63424
4.72000,2.97663,-0.30557,0.27449,0.00693,-0.05693,0.00373,0.99835,-0.13746,1.14460,-1.39334,0.14916,0.37267,-1.83341,-0.23081,0.40646,-1.85515,0.16595,1.07995,-1.71127,0.80912,-0.17276,0.17850,0.89967,1.24480,-0.23303,-0.23171,0.94517,0.63177,-1.20584,-1.64775,1.11103,2.67295,-1.09229,1.62459,-0.80006,-0.29552,3.59950
4.76000,3.00995,-0.31213,0.27770,0.00679,-0.03964,0.00011,0.99919,-0.06387,1.35356,-1.41221,0.08551,0.37345,-1.51045,-0.15595,0.43916,-1.52883,0.15181,1.02178,-1.65915,0.83217,-0.12209,-0.01331,-1.51706,1.47394,-0.41420,1.01593,3.49386,1.22794,-0.65197,2.69885,1.99185,1.93428,1.35840,-0.27566,-0.37257,-2.41800,-0.66581
4.80000,3.04366,-0.31578,0.27451,-0.03729,-0.01416,-0.01003,0.99915,-0.22053,1.52004,-1.67458,0.16130,0.52558,-1.56249,-0.06028,0.49881,-1.53968,0.17390,1.05630,-1.73344,0.82288,-0.06239,0.00796,-2.24037,0.71906,-0.50855,-4.25090,0.47934,-1.76448,2.91822,3.51718,-2.83435,2.31952,1.87301,0.04592,0.32824,1.63199,0.50774
4.84000,3.07643,-0.31787,0.27030,-0.03393,-0.02112,-0.01271,0.99912,-0.46020,1.57861,-2.04587,0.16373,0.67682,-1.61757,-0.06764,0.69693,-1.65481,0.17666,1.21079,-1.91691,0.79058,-0.02337,-0.06434,0.26946,-0.75565,0.23838,-1.24970,-1.25062,-2.34765,-0.48312,3.50289,-0.44878,-0.27083,4.70077,-2.45369,1.55499,0.47857,-0.63805
4.88000,3.10665,-0.31709,0.26988,-0.02180,-0.02643,-0.00868,0.99938,-0.62039,1.22545,-2.07667,0.12835,0.79302,-1.63357,-0.09470,0.83923,-1.70140,0.19470,0.91036,-2.08286,0.75203,0.05735,0.05506,-0.27526,-0.35452,0.00769,-0.22875,-9.21200,-0.72472,-0.00007,2.83690,0.12924,0.01889,3.07594,-0.13344,-0.20253,-7.20375,-2.91154
4.92000,3.13592,-0.31472,0.27241,-0.02161,-0.03559,-0.00698,0.99911,-0.59677,0.85817,-2.13909,0.11501,0.89516,-1.60944,-0.10399,0.96368,-1.70392,0.18521,0.54991,-2.11092,0.71492,0.06394,0.07253,-0.04163,-0.41304,0.06052,0.67910,-8.79228,-0.39159,-0.26789,2.31685,0.83756,-0.21178,2.78196,0.32420,-0.37877,-7.81114,-0.59579
4.96000,3.16490,-0.31211,0.27677,-0.02885,-0.05248,-0.00308,0.99820,-0.46590,0.53414,-1.88063,0.11391,0.98153,-1.54265,-0.09553,1.09707,-1.69095,0.17327,0.29349,-1.80467,0.75617,0.06038,0.07709,0.07314,-0.72364,0.11395,2.78103,-4.75779,0.33536,-0.35749,2.08784,1.76808,-0.31966,3.18651,0.44409,-1.83392,-1.71616,1.04121
5.00000,3.19638,-0.30954,0.27694,-0.04980,-0.07198,-0.00034,0.99616,-0.28401,0.45839,-1.44811,0.10643,1.02433,-1.54955,-0.06148,1.24481,-1.67818,0.19819,0.42778,-1.58729,0.77898,0.05430,-0.06944,0.51546,0.22431,0.33475,1.53332,3.04387,2.44053,-1.03267,-0.21477,-1.05868,-0.54536,2.11893,0.93868,-0.62006,3.25099,-2.59508
5.04000,3.22817,-0.31005,0.27350,-0.01809,-0.06307,0.00523,0.99783,-0.17641,0.66542,-1.34962,0.05000,1.13002,-1.86178,-0.08639,1.28857,-1.87417,0.13929,0.54311,-1.65757,0.79142,-0.09494,-0.07068,2.27294,1.23789,0.29195,-2.30343,3.42629,-4.22626,1.34600,-0.11499,-1.26560,0.48174,-2.37868,-1.67006,-1.97445,1.64966,-0.11778
5.08000,3.26090,-0.31516,0.26814,0.02535,-0.05080,0.00909,0.99835,-0.25181,0.83539,-1.49632,0.07245,1.25567,-2.39817,-0.17220,1.27033,-2.21332,0.07377,0.64718,-1.69400,0.83050,-0.17231,-0.03603,0.98931,0.04694,0.32658,-0.66839,3.39461,-1.17155,1.36525,-0.57103,-2.95079,-1.56517,-0.93394,-1.91822,-0.21831,3.12381,-0.82445
5.12000,3.29380,-0.32174,0.26611,0.03138,-0.06192,0.01032,0.99753,-0.24379,0.96410,-1.50028,0.05720,1.14416,-2.56569,-0.28656,1.14888,-2.41714,0.09204,0.81385,-1.75853,0.80647,-0.16157,-0.00980,-0.60700,-0.76140,-0.05633,1.18954,2.70804,0.99179,-1.04477,-2.15001,-0.97353,-0.67777,-2.37095,-1.77198,1.40334,4.33417,-1.51193
5.16000,3.32476,-0.32800,0.26658,0.01902,-0.07270,0.00486,0.99716,-0.19338,1.05419,-1.46167,0.09307,0.84959,-2.40418,-0.31633,0.86672,-2.44279,0.14030,0.97284,-1.79681,0.77985,-0.14803,0.01636,-0.09743,-0.40463,-0.30019,0.69888,2.13029,0.96450,-0.99038,-3.69629,-0.05268,0.31836,-3.24595,-1.08901,0.61977,3.66450,-0.39613
5.20000,3.35437,-0.33392,0.27068,0.01108,-0.07079,-0.00309,0.99743,-0.15308,1.10884,-1.41453,0.13218,0.53701,-2.12278,-0.27925,0.57955,-2.16969,0.16737,1.07000,-1.76419,0.77502,-0.14533,0.11734,0.34334,0.29817,-0.22922,0.20082,1.33772,1.19564,-0.93432,-4.40832,0.22117,1.10912,-3.13028,0.41541,-0.08776,1.78495,1.62131
5.24000,3.38467,-0.34138,0.27668,0.01708,-0.05105,-0.00431,0.99854,-0.14058,1.14878,-1.38092,0.11576,0.33054,-1.72755,-0.17843,0.43984,-1.63541,0.17047,1.06763,-1.64197,0.82165,-0.21855,0.05794,0.83973,1.24994,0.25327,-0.22153,1.51746,0.18358,-1.48000,0.11601,1.49929,2.76601,2.41708,2.96097,-0.20612,-0.64940,3.49668
5.28000,3.41759,-0.34824,0.27777,-0.01460,-0.02052,-0.00613,0.99966,-0.11979,1.39163,-1.51113,0.11904,0.42268,-1.46993,-0.07334,0.48563,-1.54911,0.20139,1.07782,-1.75495,0.80542,-0.09327,0.04131,-3.02663,2.71619,-0.33255,-2.15612,3.62404,0.62571,3.77478,2.53795,-6.03020,3.42794,-0.97207,2.63419,-0.32850,-1.97053,-1.13219
5.32000,3.45101,-0.35146,0.27510,-0.02416,0.00257,-0.00783,0.99967,-0.31812,1.62843,-1.95452,0.15682,0.55091,-1.61410,-0.04568,0.56932,-1.57504,0.16758,1.19226,-1.93565,0.85163,-0.06297,-0.01520,-0.19052,-0.09398,0.19797,-1.94075,1.33428,-2.37856,0.18618,3.52997,-1.43679,0.42817,3.79562,-1.67019,1.41931,1.89017,0.10687
5.36000,3.48490,-0.35226,0.27520,-0.01076,0.00009,-0.00633,0.99992,-0.52204,1.37701,-2.13398,0.12740,0.68439,-1.64474,-0.07041,0.71473,-1.62843,0.16687,1.14157,-2.06454,0.85598,0.01416,0.06614,0.06309,-0.36518,0.04885,-0.10155,-5.72098,-2.95008,-0.24667,3.28417,-0.00011,-0.12559,3.58098,-0.59015,-0.01840,-2.67434,-1.53058
5.40000,3.51829,-0.35164,0.27739,-0.00786,-0.00697,-0.00318,0.99994,-0.59364,1.01348,-2.11970,0.11196,0.80490,-1.63633,-0.07600,0.85386,-1.64437,0.18508,0.79198,-2.20259,0.82390,0.01594,0.06302,-0.17452,-0.42794,0.05058,-0.23883,-9.01233,-0.18502,0.02485,2.87702,0.61979,0.12519,3.25329,0.02330,0.04466,-8.61153,-1.45801
5.44000,3.55093,-0.35107,0.28003,-0.00188,-0.02142,0.00121,0.99977,-0.52339,0.67092,-2.02832,0.09039,0.90830,-1.58177,-0.08557,1.00464,-1.65376,0.15721,0.43571,-2.03335,0.81308,0.00691,0.03244,0.38994,-0.59427,0.24524,2.19795,-5.72565,-0.42224,-0.56308,2.41062,1.31492,-0.28397,3.56863,-0.05188,-1.43222,-7.08261,0.20857
5.48000,3.58369,-0.35056,0.28326,-0.02082,-0.03252,0.00427,0.99925,-0.31363,0.48229,-1.63557,0.12323,0.99972,-1.52337,-0.04339,1.11746,-1.61163,0.12709,0.26655,-1.64458,0.85889,0.01844,0.02840,-0.07029,0.00618,-0.04154,3.30957,0.65885,1.73883,0.06353,2.15280,1.11361,-0.00426,1.93674,1.54809,-2.78396,1.33351,2.30244
5.52000,3.61882,-0.35080,0.27929,-0.02269,-0.03952,0.00509,0.99895,-0.16007,0.60469,-1.39657,0.07938,1.17186,-1.72840,-0.03927,1.20613,-1.72610,0.11492,0.42064,-1.53809,0.83228,-0.05690,-0.13943,0.69804,0.62786,0.26214,-0.88241,3.67118,-3.27467,0.17239,-0.22073,-0.91696,0.78136,-1.54769,-0.82712,-0.41237,2.86857,-2.08575
5.56000,3.65280,-0.35432,0.27211,0.00397,-0.03872,0.01313,0.99916,-0.21667,0.77285,-1.50249,0.06405,1.35393,-2.26565,-0.09957,1.32041,-2.08130,0.08241,0.56616,-1.63535,0.84281,-0.12734,-0.04639,0.93280,-0.05827,0.59737,-0.89737,3.62080,-1.03474,2.01480,0.44586,-2.57536,-1.65122,0.43659,-1.33777,-0.22173,3.22317,-1.24811
5.60000,3.68646,-0.35933,0.26786,0.02625,-0.05148,0.02111,0.99811,-0.25260,0.92467,-1.52420,0.05449,1.24452,-2.52658,-0.27409,1.28690,-2.35746,0.06740,0.73818,-1.71866,0.83273,-0.13237,-0.06516,-0.26008,-0.77274,0.27561,0.63553,3.23905,0.55303,-0.67321,-2.89674,-2.01447,-1.00021,-2.08900,-2.13514,1.12223,4.37612,-1.95321
5.64000,3.71822,-0.36413,0.26724,0.01139,-0.06497,0.02109,0.99760,-0.20290,1.02670,-1.48264,0.08041,0.94710,-2.50412,-0.32662,0.97379,-2.49275,0.12485,0.90534,-1.77805,0.78382,-0.10666,0.03265,-0.62738,-0.64976,-0.10131,1.13424,2.11327,1.56723,-1.02147,-3.67987,-0.54792,0.00605,-4.85010,-1.89551,1.26707,3.91448,-0.85820
5.68000,3.74876,-0.36857,0.27050,0.00284,-0.07147,0.01359,0.99735,-0.16219,1.09179,-1.42378,0.12773,0.62270,-2.23442,-0.34697,0.65217,-2.34689,0.15537,1.03913,-1.77903,0.79516,-0.11493,0.09324,0.25640,-0.01229,-0.43427,0.34981,1.55593,1.21031,-0.70898,-5.04522,0.17833,0.48529,-4.47868,-0.16865,-0.05503,2.79213,0.78636
5.72000,3.77912,-0.37435,0.27827,0.00265,-0.05341,0.00397,0.99856,-0.13534,1.12232,-1.38489,0.15369,0.35717,-1.81466,-0.23686,0.38958,-1.85415,0.15632,1.06127,-1.67107,0.81817,-0.16485,0.16687,0.83361,1.33584,-0.27709,-0.19115,1.00155,0.41005,-1.23445,-1.88021,1.14027,2.70916,-1.68756,1.68253,-0.76925,-0.45742,3.67852
5.76000,3.81311,-0.38083,0.28082,0.00472,-0.03652,0.00118,0.99932,-0.05469,1.33427,-1.40322,0.07286,0.36683,-1.47331,-0.15309,0.42049,-1.48246,0.14694,1.00860,-1.61164,0.85625,-0.13165,-0.05007,-1.32096,1.37056,-0.29261,1.37658,3.56866,1.28416,-0.91739,3.17920,2.23547,1.75621,1.74176,-0.83480,-0.04256,-2.27873,-0.54246
5.80000,3.84713,-0.38479,0.27775,-0.03342,-0.01417,-0.00733,0.99931,-0.18402,1.50088,-1.64961,0.15371,0.51688,-1.57043,-0.06771,0.49167,-1.50616,0.15965,1.06188,-1.71463,0.81346,-0.07293,0.04754,-2.04173,0.57305,-0.47177,-3.79299,0.37769,-1.64981,2.71891,3.40408,-2.33502,2.18267,1.92140,0.09079,0.30135,1.66155,0.41763
5.84000,3.87968,-0.38763,0.27391,-0.02839,-0.02236,-0.01009,0.99930,-0.44731,1.58394,-2.03877,0.15582,0.66685,-1.61808,-0.07235,0.69962,-1.63221,0.17417,1.21953,-1.90726,0.78772,-0.04922,-0.06912,0.07577,-0.74895,0.17725,-1.89392,-0.66322,-2.35903,-0.13779,3.53914,-0.49026,0.00827,4.64098,-2.44442,1.87650,0.54829,-0.70312
5.88000,3.90946,-0.38772,0.27383,-0.01860,-0.02724,-0.00678,0.99943,-0.60233,1.23286,-2.04782,0.12960,0.78093,-1.63253,-0.09159,0.83586,-1.67475,0.18856,0.91933,-2.09292,0.73374,0.03555,0.06648,-0.13856,-0.33068,-0.01208,0.07785,-9.21191,-0.65254,-0.03987,2.70719,0.24541,-0.03670,2.91753,-0.08898,-0.42968,-7.46143,-2.89008
5.92000,3.93831,-0.38629,0.27618,-0.01592,-0.03618,-0.00537,0.99920,-0.59181,0.86534,-2.13808,0.11512,0.88134,-1.60782,-0.10268,0.95886,-1.68105,0.18892,0.55895,-2.12389,0.71186,0.04301,0.06411,-0.00699,-0.41075,0.07080,0.28223,-8.87819,-0.55001,-0.23116,2.32945,0.78194,-0.15946,2.81096,0.21221,-0.04718,-7.74699,-0.66044
5.96000,3.96715,-0.38444,0.28042,-0.02194,-0.05242,-0.00155,0.99838,-0.46058,0.54334,-1.88333,0.11434,0.96741,-1.54305,-0.09361,1.09029,-1.66969,0.16720,0.30120,-1.81376,0.75364,0.04240,0.07327,0.08672,-0.68810,0.09360,2.99405,-4.61023,0.39681,-0.29629,2.10281,1.69078,-0.26387,3.12354,0.42004,-2.15749,-1.73210,1.10437
6.00000,3.99862,-0.38239,0.28080,-0.04539,-0.07001,0.00060,0.99651,-0.27262,0.46733,-1.42346,0.09882,1.00700,-1.56359,-0.05199,1.22846,-1.65098,0.19289,0.42830,-1.58521,0.78761,0.04578,-0.06550,0.32330,0.34514,0.26376,1.67319,3.21477,2.57473,-1.38776,-0.50203,-1.63626,-0.32171,1.80574,1.16247,-0.39565,3.14783,-2.47767
6.04000,4.03079,-0.38349,0.27709,-0.01762,-0.05822,0.00459,0.99814,-0.17493,0.67728,-1.37278,0.05068,1.12498,-1.87059,-0.08051,1.27872,-1.88586,0.14338,0.53959,-1.65214,0.79790,-0.10762,-0.06264,1.73216,1.29891,0.16921,-1.67911,3.27595,-4.01029,1.93746,0.61718,-0.96189,0.48408,-2.33860,-1.85208,-1.39022,1.62667,-0.10907
6.08000,4.06408,-0.38890,0.27252,0.02493,-0.04669,0.00809,0.99857,-0.24893,0.84165,-1.50523,0.07184,1.25268,-2.39187,-0.18048,1.27851,-2.23860,0.08018,0.64570,-1.68440,0.85359,-0.17796,-0.00560,1.02638,-0.01564,0.32859,-0.66100,3.36997,-0.84307,1.36627,-0.92016,-3.03067,-1.56297,-0.69789,-1.88460,-0.25003,3.18789,-0.65532
6.12000,4.09784,-0.39550,0.27130,0.03070,-0.05861,0.00916,0.99777,-0.23952,0.96884,-1.49861,0.05876,1.12669,-2.56373,-0.29142,1.15533,-2.42618,0.09713,0.81693,-1.74599,0.82724,-0.15722,-0.00444,-0.56970,-0.79595,-0.07398,1.15216,2.69943,1.15257,-1.06037,-2.24708,-1.00887,-0.60467,-2.38138,-1.68912,1.32780,4.43714,-1.48408
6.16000,4.12969,-0.40160,0.27165,0.01884,-0.06948,0.00327,0.99740,-0.19060,1.05940,-1.45677,0.09810,0.83709,-2.41397,-0.31781,0.86010,-2.46164,0.14274,0.97898,-1.78335,0.80404,-0.14507,0.00788,-0.04048,-0.39468,-0.31493,0.62440,2.16583,0.99477,-0.88623,-3.47691,-0.09207,0.32865,-3.71421,-1.19885,0.52256,3.72215,-0.36140
6.20000,4.15989,-0.40724,0.27553,0.00971,-0.06665,-0.00430,0.99772,-0.14953,1.11254,-1.40650,0.13669,0.52262,-2.11610,-0.27500,0.56003,-2.15473,0.17106,1.07306,-1.74748,0.78311,-0.13366,0.10711,0.25737,0.38686,-0.18892,0.22056,1.28281,1.22464,-1.09472,-4.52295,0.30518,1.25154,-3.61041,0.55950,-0.02728,1.59544,1.72708
6.24000,4.19078,-0.41413,0.28044,0.01721,-0.04661,-0.00516,0.99875,-0.14267,1.15510,-1.37482,0.11214,0.32699,-1.71425,-0.18317,0.42002,-1.62910,0.16952,1.07152,-1.62732,0.83798,-0.20326,0.01973,0.82514,1.25913,0.22624,-0.26266,1.60660,0.10196,-1.40541,0.51184,1.61169,2.66372,2.45047,2.94200,-0.24155,-0.52483,3.33888
6.28000,4.22450,-0.42081,0.27918,-0.01159,-0.01785,-0.00584,0.99976,-0.11810,1.38838,-1.50354,0.11924,0.43448,-1.48304,-0.07733,0.47169,-1.50653,0.19755,1.07016,-1.74608,0.82115,-0.09884,-0.01797,-2.46887,2.48612,-0.22468,-2.19954,3.32972,0.55192,3.17317,2.73157,-5.88685,2.86014,-0.42513,1.80010,-0.86861,-2.33768,-1.24558
6.32000,4.25847,-0.42434,0.27438,-0.02027,0.00147,-0.00631,0.99977,-0.31706,1.62968,-1.95943,0.15436,0.57177,-1.62890,-0.05024,0.57087,-1.55721,0.17541,1.19337,-1.93759,0.85833,-0.07136,-0.04774,-0.34056,-0.12751,0.24231,-2.28472,1.60038,-2.39295,0.35111,3.63648,-1.57579,0.62035,3.96486,-1.92628,1.63102,2.13903,0.16894
6.36000,4.29225,-0.42552,0.27413,-0.00785,-0.00115,-0.00398,0.99996,-0.52100,1.37244,-2.11909,0.12755,0.70448,-1.65843,-0.07068,0.71774,-1.61372,0.16601,1.14257,-2.07258,0.84513,0.00177,0.07314,0.10610,-0.36241,0.07838,0.09490,-5.88777,-2.87188,-0.25885,3.17014,0.15610,-0.09499,3.52949,-0.57185,-0.23875,-2.86301,-1.58440
6.40000,4.32537,-0.42544,0.27681,-0.00436,-0.00862,-0.00023,0.99995,-0.59133,1.00869,-2.12202,0.11233,0.82050,-1.64177,-0.07426,0.85623,-1.62893,0.18882,0.79209,-2.21250,0.82269,0.00382,0.08275,-0.13763,-0.45560,0.08973,-0.38537,-9.02781,-0.27380,0.01135,2.74983,0.86801,0.17652,3.24797,0.07772,0.21142,-8.53275,-1.50489
6.44000,4.35787,-0.42527,0.28038,0.00168,-0.02158,0.00464,0.99975,-0.52164,0.66526,-2.01838,0.09207,0.91701,-1.58182,-0.08060,0.99827,-1.62971,0.15014,0.43593,-2.03615,0.80980,-0.00273,0.04853,0.34398,-0.47349,0.25648,2.28078,-5.80816,-0.32238,-0.47029,2.26162,1.33391,-0.15557,3.27184,0.18632,-1.68499,-7.05981,0.28224
6.48000,4.39067,-0.42515,0.28414,-0.01757,-0.03072,0.00848,0.99934,-0.30620,0.48505,-1.63767,0.12695,1.00310,-1.52248,-0.03380,1.10166,-1.57980,0.11967,0.25685,-1.64858,0.86456,0.01052,0.03774,0.02231,0.06455,0.02906,3.29876,0.91520,1.76899,-0.01248,2.03294,1.19366,0.01737,1.84233,1.63109,-2.71080,1.02464,2.17006
6.52000,4.42602,-0.42566,0.28026,-0.01782,-0.03649,0.01082,0.99912,-0.15242,0.62227,-1.39974,0.08495,1.18698,-1.73825,-0.03342,1.18961,-1.69203,0.10705,0.40187,-1.55068,0.83620,-0.06353,-0.14417,0.75212,0.68937,0.34998,-0.94209,3.70456,-3.29283,0.35984,0.03054,-0.89100,0.62390,-1.49588,-0.82566,-0.40081,2.77334,-2.02145
6.56000,4.46033,-0.42922,0.27259,0.01068,-0.03745,0.01966,0.99905,-0.21173,0.79252,-1.50032,0.05843,1.37327,-2.27819,-0.10340,1.32028,-2.04082,0.07279,0.55324,-1.65567,0.85291,-0.12789,-0.06471,0.90872,-0.20329,0.58980,-0.80483,3.69634,-0.86802,1.82173,0.45441,-2.62128,-1.67989,0.68486,-1.17613,-0.13443,3.56776,-1.61868
6.60000,4.49385,-0.43413,0.26818,0.03191,-0.05062,0.02731,0.99783,-0.24351,0.94177,-1.51726,0.04425,1.24837,-2.53093,-0.27106,1.27596,-2.30064,0.06188,0.72715,-1.74257,0.81948,-0.12774,-0.06542,-0.26565,-0.74808,0.25937,0.67814,3.11191,0.61829,-0.77925,-3.05251,-1.98446,-0.95420,-2.38147,-2.15509,1.15319,4.31798,-1.95355
6.64000,4.52535,-0.43873,0.26710,0.01731,-0.06549,0.02559,0.99738,-0.19229,1.04167,-1.47385,0.07386,0.95734,-2.51454,-0.32969,0.96660,-2.46232,0.11834,0.90320,-1.81115,0.78118,-0.10257,0.01992,-0.65721,-0.76265,-0.24877,1.24393,2.06437,1.63846,-0.85122,-3.40221,-0.58592,-0.09393,-4.72447,-2.10240,1.27150,4.30183,-1.19289
6.68000,4.55549,-0.44308,0.26980,0.00899,-0.07256,0.01562,0.99720,-0.15051,1.10494,-1.41746,0.12493,0.62800,-2.23493,-0.34634,0.64580,-2.31427,0.14617,1.04694,-1.82133,0.77751,-0.11328,0.07748,0.34254,0.04890,-0.52204,0.28686,1.52586,1.01064,-0.78161,-5.41749,0.22889,0.60477,-4.48117,-0.15200,-0.19853,2.88559,0.65558
6.72000,4.58537,-0.44875,0.27751,0.00711,-0.05528,0.00502,0.99843,-0.12019,1.13136,-1.37432,0.14705,0.35910,-1.83741,-0.22950,0.39204,-1.84030,0.14970,1.07786,-1.72126,0.80820,-0.16076,0.18167,0.76236,1.25754,-0.27909,-0.12190,0.83642,0.70806,-1.31052,-2.02625,1.04140,2.64947,-1.37812,1.63793,-0.69484,-0.23918,3.52944
6.76000,4.61891,-0.45519,0.28048,0.01074,-0.03880,0.00265,0.99919,-0.05062,1.34044,-1.39470,0.07244,0.35956,-1.49531,-0.15481,0.43078,-1.47950,0.14712,1.03295,-1.64839,0.84654,-0.13276,-0.04162,-1.17469,1.34837,-0.24420,1.13155,3.58698,1.26835,-0.70409,3.06782,2.17373,1.62315,1.72630,-0.81005,-0.04374,-2.52152,-0.36112
6.80000,4.65310,-0.45890,0.27689,-0.03250,-0.01337,-0.00570,0.99937,-0.19389,1.49709,-1.65459,0.14977,0.52001,-1.55906,-0.05947,0.49244,-1.49406,0.17125,1.07644,-1.75589,0.83542,-0.05950,0.01214,-2.29516,0.82820,-0.45171,-4.20249,0.16575,-1.82030,2.93622,3.48053,-3.03467,2.39991,1.66201,0.27776,0.21787,1.54682,0.34546
6.84000,4.68630,-0.46127,0.27257,-0.02837,-0.01852,-0.00811,0.99939,-0.44308,1.59950,-2.04086,0.15255,0.67076,-1.61851,-0.06551,0.68406,-1.60745,0.16678,1.23155,-1.95061,0.79975,-0.04024,-0.06193,0.17006,-0.68473,0.19131,-1.56529,-0.22391,-2.08526,-0.25703,3.50959,-0.48082,-0.08516,4.55900,-2.36438,1.56755,0.45947,-0.69859
6.88000,4.71680,-0.46130,0.27224,-0.01612,-0.02376,-0.00498,0.99957,-0.60801,1.25066,-2.08885,0.12175,0.78694,-1.63040,-0.08980,0.82426,-1.65446,0.18788,0.93095,-2.10905,0.75838,0.03407,0.05411,-0.11837,-0.43013,-0.01154,-0.09316,-9.21193,-0.94714,-0.04868,2.82973,0.34663,-0.05396,3.17955,-0.30139,-0.21378,-6.98362,-2.85253
6.92000,4.74630,-0.46005,0.27397,-0.01266,-0.03383,-0.00339,0.99934,-0.59671,0.88284,-2.13454,0.10660,0.89013,-1.60360,-0.10157,0.95508,-1.66822,0.17928,0.56978,-2.14240,0.71688,0.03199,0.04104,0.00456,-0.39742,0.03813,0.49718,-9.02867,-0.21717,-0.16677,2.36915,0.72857,-0.14958,2.85530,0.07858,-0.34473,-7.99536,-0.57460
6.96000,4.77519,-0.45894,0.27733,-0.01880,-0.04991,-0.00009,0.99858,-0.46256,0.55317,-1.88646,0.10977,0.97676,-1.54003,-0.09038,1.08879,-1.66286,0.16492,0.29992,-1.82008,0.74975,0.02014,0.05672,0.14745,-0.66339,0.06492,2.88896,-5.04999,0.28369,-0.25362,2.06007,1.70619,-0.26175,3.14030,0.29110,-1.99153,-2.21233,1.03111
7.00000,4.80644,-0.45778,0.27722,-0.04088,-0.06616,0.00151,0.99697,-0.27307,0.46675,-1.43042,0.10786,1.01815,-1.56750,-0.04893,1.22409,-1.64667,0.19065,0.41195,-1.59185,0.78027,0.02412,-0.07138,0.59961,0.40187,0.26901,1.59591,3.17570,2.56752,-1.05418,-0.26076,-1.21696,-0.53554,1.77606,1.06012,-0.60881,3.04114,-2.34498
7.04000,4.83815,-0.45971,0.27372,-0.01348,-0.05399,0.00627,0.99843,-0.19276,0.66905,-1.39130,0.05400,1.13929,-1.90184,-0.05976,1.27993,-1.82734,0.14560,0.51872,-1.65404,0.78084,-0.12651,-0.03509,1.21931,1.05323,0.19974,-1.12149,3.14934,-3.30124,1.64679,0.33310,-1.14677,1.03955,-1.69754,-1.27224,-0.75838,1.84470,-0.28062
7.08000,4.87076,-0.46550,0.26969,0.02566,-0.04736,0.00993,0.99850,-0.25837,0.83095,-1.50678,0.06376,1.28020,-2.40755,-0.16975,1.28376,-2.15749,0.09186,0.63582,-1.69554,0.83238,-0.18198,-0.00584,1.07598,-0.18091,0.33130,-0.67535,3.40203,-0.75231,1.52692,-0.38321,-2.74250,-1.78380,-0.99985,-1.96361,-0.26017,3.36338,-0.83718
7.12000,4.90377,-0.47237,0.26790,0.03660,-0.06232,0.01034,0.99733,-0.25735,0.96333,-1.50591,0.04892,1.16443,-2.57784,-0.28995,1.16082,-2.36394,0.09632,0.82123,-1.77007,0.80899,-0.16779,-0.02756,-0.37263,-0.92635,-0.14033,1.02802,2.86694,0.89595,-1.02613,-2.28152,-1.06439,-0.59389,-2.51241,-1.79640,1.17821,4.68819,-1.74215
7.16000,4.93456,-0.47903,0.26749,0.02287,-0.07601,0.00339,0.99684,-0.20181,1.05791,-1.46977,0.08916,0.86712,-2.41750,-0.30134,0.88388,-2.40158,0.14868,0.99341,-1.81925,0.76540,-0.16009,-0.00790,-0.17727,-0.50100,-0.34576,0.82058,2.23343,0.84154,-1.08588,-3.82042,-0.00357,0.39527,-3.17561,-1.16233,0.76560,3.86944,-0.59950
7.20000,4.96366,-0.48558,0.27030,0.01502,-0.07567,-0.00502,0.99701,-0.16005,1.11971,-1.43217,0.13146,0.55829,-2.14151,-0.27113,0.60504,-2.15818,0.17842,1.09872,-1.79520,0.75990,-0.16292,0.08856,0.35084,0.24789,-0.23586,0.23803,1.51304,0.93755,-0.80667,-4.16893,0.19823,0.95833,-2.84477,0.28621,-0.01860,1.92692,1.45529
7.24000,4.99319,-0.49367,0.27549,0.02007,-0.05648,-0.00621,0.99818,-0.14403,1.16466,-1.40663,0.11863,0.34536,-1.77224,-0.16911,0.47307,-1.65375,0.18579,1.09946,-1.67861,0.79783,-0.22983,0.05195,0.82158,1.20583,0.25310,-0.16773,1.57708,0.08037,-1.47093,-0.20101,1.31246,2.71816,2.34875,2.80364,-0.15960,-0.59279,3.39736
7.28000,5.02492,-0.50074,0.27714,-0.01008,-0.02442,-0.00889,0.99961,-0.13459,1.38799,-1.51768,0.10641,0.42474,-1.46800,-0.07339,0.51648,-1.60811,0.20294,1.09252,-1.80044,0.78448,-0.09847,0.06896,-3.31124,2.73683,-0.47115,-1.66944,3.36474,0.67801,-0.50323,3.91235,2.50507,3.71809,-1.12230,2.92500,-0.07551,-2.21157,-1.31533
7.32000,5.05668,-0.50451,0.27644,-0.02720,0.00370,-0.01335,0.99953,-0.32404,1.62019,-1.90510,0.15905,0.54417,-1.60438,-0.02964,0.56337,-1.59686,0.14418,1.21006,-1.87697,0.78420,-0.08798,0.05443,-0.50284,0.07995,0.04056,-1.92816,1.32169,-1.98521,0.70058,3.06238,-1.05134,0.77026,2.98941,-0.80380,0.61439,3.01063,1.05214
7.36000,5.08791,-0.50627,0.27628,-0.01560,0.00309,-0.01363,0.99978,-0.54414,1.39517,-2.17794,0.13280,0.68118,-1.64445,-0.05011,0.69318,-1.64604,0.16867,1.21657,-2.06806,0.79802,-0.00126,0.01668,0.35162,-0.26025,0.07063,-0.56833,-5.76048,-3.57726,-0.51991,3.10032,-0.30418,-0.40020,3.48402,-0.96711,0.93697,-2.63123,-2.04689
7.40000,5.11969,-0.50578,0.27787,-0.00866,-0.00296,-0.00948,0.99991,-0.60494,1.03148,-2.10876,0.10692,0.79548,-1.64100,-0.06390,0.83095,-1.67045,0.19015,0.86379,-2.23836,0.79329,0.01794,0.07150,-0.02914,-0.36193,0.08735,0.20700,-9.21200,0.33813,-0.18958,2.71790,0.58214,-0.03782,3.15352,-0.00857,-0.25623,-9.21162,-1.17171
7.44000,5.15141,-0.50505,0.28097,-0.00178,-0.01556,-0.00497,0.99987,-0.53070,0.68138,-2.05428,0.08135,0.89468,-1.59014,-0.07671,0.97473,-1.67768,0.16405,0.49767,-2.06593,0.79011,0.01486,0.05228,0.33711,-0.46123,0.28485,1.90386,-6.29467,-0.63759,-0.60198,2.28851,1.15582,-0.24726,3.30017,0.11231,-1.21069,-8.45333,0.64641
7.48000,5.18351,-0.50412,0.28546,-0.01972,-0.02619,-0.00052,0.99946,-0.32363,0.48487,-1.66521,0.10777,0.98074,-1.52860,-0.03699,1.08558,-1.63316,0.12583,0.26498,-1.68383,0.84483,0.02871,0.06634,-0.10840,-0.07772,0.03820,3.48409,0.55248,1.76143,-0.01170,2.03599,1.31164,0.04536,2.05573,1.53595,-2.93932,-0.73612,1.69694
7.52000,5.21890,-0.50393,0.28251,-0.02441,-0.03926,0.00109,0.99893,-0.13846,0.62777,-1.37714,0.07600,1.16411,-1.71883,-0.03487,1.19448,-1.71148,0.11800,0.41068,-1.52547,0.84965,-0.04591,-0.15086,1.50488,0.44834,0.31457,-1.70148,3.86840,-3.23787,-0.24549,-0.03485,-0.87389,-0.23039,-1.09220,-0.52581,-1.29043,3.16138,-2.26647
7.56000,5.25335,-0.50734,0.27414,0.00800,-0.03834,0.00847,0.99920,-0.20456,0.80388,-1.49185,0.06275,1.35474,-2.25676,-0.09230,1.30967,-2.03995,0.07157,0.55963,-1.63071,0.84807,-0.13131,-0.09502,1.05422,0.05878,0.53266,-1.00968,3.66175,-1.38874,1.89439,0.71125,-2.49214,-1.34757,0.33249,-1.20514,-0.37680,3.23423,-1.46226
7.60000,5.28698,-0.51259,0.26894,0.03014,-0.04889,0.01619,0.99822,-0.24073,0.95326,-1.51707,0.05505,1.24768,-2.53105,-0.25789,1.28614,-2.34946,0.05743,0.72562,-1.71441,0.83069,-0.14125,-0.06014,-0.38475,-0.67956,0.31455,0.73965,3.05910,0.75090,-0.62035,-3.00112,-2.15170,-1.18814,-2.09268,-2.32450,1.24517,4.19995,-1.84751
7.64000,5.31874,-0.51773,0.26856,0.01378,-0.06119,0.01749,0.99788,-0.18890,1.04857,-1.46568,0.08045,0.94100,-2.49372,-0.32792,0.97747,-2.50251,0.11879,0.88706,-1.77036,0.78625,-0.11250,0.03872,-0.69428,-0.58224,-0.02270,1.16155,1.93516,1.82019,-1.12272,-4.07056,-0.47985,-0.19977,-4.62897,-2.03451,1.35386,3.74877,-0.75935
7.68000,5.34947,-0.52230,0.27176,0.00407,-0.06605,0.01078,0.99775,-0.14716,1.10736,-1.40004,0.12578,0.61279,-2.23896,-0.35409,0.65335,-2.35728,0.15196,1.01582,-1.76952,0.80129,-0.11619,0.08387,0.27988,0.07122,-0.42820,0.29303,1.43815,1.29248,-0.67399,-5.20060,0.11326,0.42277,-4.67012,-0.17837,-0.09804,2.71469,0.78812
7.72000,5.37988,-0.52794,0.27917,0.00344,-0.04612,0.00110,0.99893,-0.12100,1.13179,-1.35800,0.15133,0.34183,-1.81843,-0.24480,0.37349,-1.85096,0.15264,1.03469,-1.66158,0.81469,-0.15826,0.15410,0.80281,1.43902,-0.30111,-0.19681,0.84152,0.44926,-1.28736,-2.07500,1.12100,2.74515,-2.46368,1.62964,-0.78045,-0.54117,3.65849
7.76000,5.41381,-0.53416,0.28151,0.00222,-0.02767,-0.00244,0.99961,-0.03905,1.31933,-1.40256,0.06760,0.37410,-1.46254,-0.15148,0.38581,-1.46402,0.15172,0.99098,-1.59621,0.85665,-0.12399,-0.04970,-1.50126,1.45679,-0.30205,1.33263,2.79529,0.86842,-1.09322,3.89919,2.56504,1.90731,1.61006,-0.69304,0.17602,-2.05289,-0.40073
7.80000,5.44766,-0.53810,0.27890,-0.03345,-0.00739,-0.00933,0.99937,-0.16372,1.50419,-1.65179,0.14575,0.52246,-1.56766,-0.07062,0.46498,-1.49473,0.16121,1.05902,-1.70332,0.80305,-0.07999,0.07298,-1.97435,0.41468,-0.33739,-3.68257,1.17237,-1.30659,2.53166,3.27973,-1.85306,2.17059,2.17235,-0.07148,0.37860,1.73487,0.42892
7.84000,5.47998,-0.54125,0.27568,-0.02928,-0.01775,-0.01118,0.99935,-0.44483,1.60338,-2.05066,0.14782,0.66930,-1.60292,-0.07199,0.68428,-1.62778,0.17099,1.22976,-1.89028,0.78843,-0.05621,-0.06027,-0.19037,-0.80001,0.18694,-2.27277,-0.77741,-2.54327,0.13110,3.51311,-0.35420,0.30402,4.68309,-2.41687,1.81581,0.85097,-0.56509
7.88000,5.50974,-0.54159,0.27514,-0.02150,-0.02345,-0.00669,0.99947,-0.60574,1.25169,-2.05342,0.12466,0.78275,-1.61716,-0.08530,0.82624,-1.67647,0.18142,0.92903,-2.07519,0.72828,0.03126,0.03630,-0.12317,-0.33801,0.07444,0.16038,-9.21191,-0.59554,-0.08829,2.69487,0.11260,0.00009,3.09216,-0.36060,-0.51803,-7.80707,-2.85010
7.92000,5.53841,-0.54016,0.27597,-0.01881,-0.03230,-0.00455,0.99929,-0.59764,0.88382,-2.13911,0.10994,0.88512,-1.60056,-0.09586,0.95510,-1.69337,0.18587,0.56704,-2.13341,0.70520,0.04668,0.02792,0.04699,-0.35179,0.06018,0.15712,-9.03302,-0.48769,-0.26977,2.37295,0.54880,-0.23895,2.82964,0.04070,0.11618,-7.91859,-0.72998
7.96000,5.56692,-0.53816,0.27925,-0.02325,-0.04722,-0.00140,0.99861,-0.46105,0.55348,-1.90172,0.10689,0.97124,-1.54146,-0.09162,1.08451,-1.68557,0.16700,0.29971,-1.82502,0.74317,0.04548,0.06057,0.18069,-0.63068,0.04323,3.13258,-5.05404,0.32537,-0.36488,2.06448,1.64418,-0.40912,3.03077,0.38712,-2.14633,-2.09789,1.03001
8.00000,5.59809,-0.53611,0.27914,-0.04521,-0.06433,0.00033,0.99690,-0.26926,0.46919,-1.43207,0.10301,1.01757,-1.56040,-0.05423,1.22288,-1.67036,0.19385,0.41705,-1.58292,0.78034,0.04256,-0.07145,0.55910,0.34552,0.28555,1.57960,3.28344,2.63349,-1.01955,-0.02842,-1.11685,-0.55704,1.90713,1.01666,-0.63285,3.10335,-2.41790
