0.04000,0.00162,0.00246,0.29590,-0.01550,-0.05140,0.00103,0.99856,-0.07078,0.74619,-1.37802,0.11391,0.75954,-1.40000,-0.09332,0.90477,-1.64224,0.11900,0.94702,-1.69254,0.02729,0.13350,0.31478,-0.33574,-3.15427,0.14442,0.09624,-0.71016,7.30220,-0.65183,0.08327,5.88259,-0.13654,4.06049,-1.33097,0.10797,4.37399,-2.04643
0.08000,0.00283,0.00806,0.30346,-0.00738,-0.08145,0.00680,0.99663,-0.12291,0.88854,-1.62901,0.16177,0.64127,-1.68029,-0.12370,0.98603,-1.65914,0.09262,1.02310,-1.71848,0.03324,0.14813,0.14523,0.36007,-0.66264,0.36735,-1.64058,0.67307,-1.01071,2.58492,-6.42206,-3.67130,-0.68978,0.82638,0.30880,-0.68650,0.67027,0.03825
0.12000,0.00524,0.01399,0.30685,0.00294,-0.09425,0.01060,0.99549,-0.16068,0.85782,-1.68931,0.17595,0.53936,-1.47171,-0.16242,1.02485,-1.65930,0.05582,1.06498,-1.73220,0.08769,0.14697,0.01614,-0.36681,-0.19590,0.04828,0.45709,-1.66980,-0.77604,-0.74975,2.94642,2.05463,-0.06824,0.33804,0.36940,-0.05887,0.78799,-0.51241
0.16000,0.00870,0.01954,0.30425,-0.01445,-0.08481,0.01450,0.99619,-0.15134,0.78261,-1.57707,0.14006,0.63918,-1.35987,-0.13704,1.00668,-1.63215,0.07896,1.05952,-1.74490,0.09448,0.12859,-0.18207,-0.90143,1.16715,0.26261,-0.11032,0.20797,0.48675,-1.07415,1.60747,0.93967,0.77973,-1.04683,0.64759,0.69327,-1.05303,-0.15947
0.20000,0.01295,0.02422,0.29884,-0.01904,-0.05153,0.01804,0.99833,-0.08503,0.77252,-1.44678,0.10659,0.68635,-1.40138,-0.13404,0.92519,-1.57486,0.07402,0.98192,-1.71133,0.13587,0.07893,-0.10571,1.23036,1.44102,0.04695,2.08485,1.03167,1.25303,-1.40040,0.41310,-2.58255,-1.50629,-1.45128,0.87716,-1.65548,-1.59474,1.16674
0.24000,0.02025,0.02690,0.29699,-0.00804,-0.01433,0.01209,0.99979,-0.02874,0.81437,-1.53354,0.08726,0.72070,-1.51666,-0.16695,0.82038,-1.48672,0.03100,0.89578,-1.63585,0.24653,0.04632,-0.00293,-0.37185,1.25091,-0.51290,0.46839,0.23538,-1.63947,0.60059,0.72766,-1.78752,0.05716,-1.90647,2.16758,-0.14492,-0.88655,1.23834
0.28000,0.02957,0.02759,0.29952,-0.00733,0.03403,0.00912,0.99935,-0.03140,0.80349,-1.63894,0.08906,0.72120,-1.62497,-0.13409,0.70195,-1.36187,0.02172,0.75379,-1.49323,0.25548,-0.00784,0.06918,0.36319,2.16523,0.10072,-0.48354,-0.03694,-2.22161,-0.35379,-0.27936,-2.13479,2.20073,-0.48085,1.28552,-0.29281,-3.40106,3.70705
0.32000,0.03966,0.02673,0.30202,0.00092,0.07374,0.01037,0.99722,-0.04896,0.80312,-1.72065,0.07665,0.71090,-1.69826,-0.08536,0.61693,-1.30419,0.00906,0.62795,-1.34905,0.26618,-0.02694,0.02673,0.26592,1.08845,-0.06684,-0.18942,0.41969,-1.14281,-0.11514,0.30287,-0.91763,1.20172,-0.98150,-0.04424,-0.21890,-1.38041,2.13349
0.36000,0.04965,0.02582,0.30132,0.00774,0.08524,0.00742,0.99630,-0.05668,0.83103,-1.75449,0.07097,0.73657,-1.71941,-0.07000,0.59198,-1.29776,-0.00447,0.61504,-1.30669,0.22689,-0.02052,-0.04372,0.05502,0.11638,-0.21577,0.13703,0.82825,-0.41132,0.16160,0.91561,-0.18648,-0.11618,0.47353,0.01140,-0.12144,0.62761,0.04647
0.40000,0.05710,0.02492,0.29873,0.00990,0.07992,0.00358,0.99675,-0.05263,0.86848,-1.75923,0.07494,0.77614,-1.71399,-0.07198,0.58153,-1.43072,0.00064,0.64416,-1.33462,0.14416,-0.02551,-0.05311,0.21062,-0.42868,-0.14738,-0.04838,0.85536,0.11953,-0.07260,0.81405,0.40959,-0.06987,-2.04333,-1.21753,-0.19859,1.34284,-0.80458
0.44000,0.06245,0.02342,0.29730,0.00848,0.03952,0.00055,0.99918,-0.03865,0.91743,-1.67300,0.08264,0.82778,-1.61841,-0.08526,0.53780,-1.67595,0.06099,0.66670,-1.55373,0.12491,-0.03851,-0.01587,0.23998,-3.10459,-0.27561,0.06523,1.40555,3.49721,-0.16006,1.39093,4.02474,-1.17582,-2.15227,-1.74929,1.58812,-2.40374,-1.80601
0.48000,0.06836,0.02302,0.29262,-0.00053,-0.04155,-0.00441,0.99913,-0.01327,0.98716,-1.49661,0.06909,0.92931,-1.47458,-0.14990,0.51140,-1.71998,0.11027,0.63701,-1.70302,0.14672,0.00804,-0.22384,-0.99160,-4.35157,-0.30344,1.04844,1.87156,4.40215,-0.78575,2.60464,1.66505,-0.84964,0.02535,-0.07411,0.23327,-0.76512,-0.68769
0.52000,0.07418,0.02232,0.28413,0.01225,-0.10597,-0.00366,0.99429,-0.09689,1.03560,-1.48803,0.07396,0.87585,-1.54428,-0.20380,0.64759,-1.63652,0.08221,0.80208,-1.78028,0.06838,-0.05776,-0.05600,0.58315,-0.97543,0.20425,-1.60570,-1.34092,-0.81112,2.18758,-4.44281,-2.20170,-0.53981,2.08380,-2.09816,-0.28543,1.67078,-1.20323
0.56000,0.07936,0.02033,0.28325,0.00722,-0.12233,-0.00471,0.99245,-0.09957,1.02952,-1.69718,0.14501,0.75918,-1.54166,-0.19171,0.72152,-1.69554,0.10202,0.87750,-1.83036,0.17668,-0.02547,0.05008,-0.37260,-0.50530,-0.21546,-0.26429,-1.16250,-1.24394,-0.09813,-0.14560,0.02565,0.39166,1.32224,-0.58204,0.46145,1.60450,-0.68013
0.60000,0.08929,0.02038,0.28425,-0.00722,-0.13305,-0.00762,0.99105,-0.12579,0.97443,-1.80518,0.16954,0.67498,-1.53934,-0.16668,0.79006,-1.72581,0.13162,0.96228,-1.87445,0.31213,0.03617,0.03462,-0.66639,-0.42233,-0.19657,-0.89838,-1.30755,-0.97840,0.22021,-2.13743,-0.77879,0.47685,1.78814,-0.58489,0.59827,2.18427,-1.00673
0.64000,0.10362,0.02197,0.28396,-0.00478,-0.13761,-0.00617,0.99046,-0.20245,0.84106,-1.83125,0.16991,0.55713,-1.56548,-0.18042,0.87092,-1.76346,0.12381,1.04146,-1.90552,0.40907,0.03403,-0.02216,0.06082,0.03180,0.15093,-0.41422,-2.34843,-0.99517,0.46056,-1.87892,-0.79388,-0.24488,1.86444,-0.75661,-0.09071,1.74848,-0.53125
0.68000,0.12028,0.02283,0.28341,0.00582,-0.12363,-0.00143,0.99231,-0.24346,0.68183,-1.67546,0.17065,0.53715,-1.52114,-0.20207,0.90908,-1.76677,0.10233,1.06190,-1.88609,0.44842,-0.00411,-0.03406,0.42201,1.36724,0.35625,0.24025,-1.03610,0.24149,0.11900,1.12057,0.62223,-0.24937,0.19618,0.45903,-0.35510,-0.51495,1.21449
0.72000,0.13862,0.02300,0.28252,0.00379,-0.08236,0.00102,0.99660,-0.18704,0.66619,-1.56360,0.13821,0.68215,-1.42655,-0.18776,0.86342,-1.70072,0.10423,1.00152,-1.80958,0.48642,0.01286,-0.08972,-0.19376,2.65609,0.07689,1.19546,1.15781,0.92861,-1.44813,3.85785,1.86117,0.42034,-1.88526,2.05715,0.03317,-2.11570,2.16521
0.76000,0.15792,0.02395,0.28042,0.00729,-0.01544,-0.00205,0.99985,-0.10890,0.71589,-1.58829,0.11577,0.75985,-1.55272,-0.18924,0.72899,-1.56691,0.07583,0.88035,-1.68043,0.51012,0.00592,-0.04115,0.55852,2.71184,-0.38640,-0.48698,1.03538,-4.41636,-0.08410,1.14228,-3.52376,-0.57166,-2.54072,2.81586,-1.59565,-0.64679,2.47352
0.80000,0.17968,0.02350,0.28101,-0.00052,0.03695,-0.00570,0.99930,-0.09306,0.75057,-1.72157,0.14433,0.80531,-1.67979,-0.16300,0.64091,-1.43461,0.08159,0.78671,-1.55067,0.59155,-0.01491,0.04578,-0.08888,1.66338,0.05121,0.01814,1.36234,-1.78093,0.22988,1.25330,-1.57526,0.65009,0.45364,2.06273,0.06208,-1.17858,2.72144
0.84000,0.20216,0.02266,0.28571,-0.00004,0.08468,-0.00132,0.99641,-0.10227,0.77989,-1.79987,0.14605,0.82467,-1.75370,-0.13152,0.56582,-1.28554,0.08152,0.66245,-1.36833,0.55805,-0.02104,0.11234,0.14579,1.93658,0.30553,-0.36175,0.91826,-1.28582,-0.15518,0.52361,-1.22797,1.77681,0.43873,2.36155,-0.29952,-2.25925,4.19588
0.88000,0.22291,0.02105,0.28959,0.00805,0.10595,-0.00013,0.99434,-0.11625,0.82548,-1.82159,0.13306,0.85361,-1.75418,-0.06513,0.60084,-1.49460,0.02789,0.61630,-1.42452,0.47961,-0.05581,0.10437,0.19085,0.28084,-0.19664,0.15533,1.16456,0.35231,-0.00251,0.88620,1.09915,0.61819,-1.98163,-1.65743,-0.76477,-1.49916,-0.86403
0.92000,0.24157,0.01934,0.29368,0.01343,0.07663,-0.00089,0.99697,-0.11356,0.89544,-1.72238,0.11937,0.90443,-1.63105,-0.10262,0.54486,-1.90041,0.08834,0.49796,-1.79675,0.47527,-0.02397,0.12131,0.23883,-2.75335,-0.02932,0.05206,1.94332,4.30277,-0.49308,1.40214,4.77143,-2.21470,-3.47300,-2.96161,2.75997,-5.40779,-3.56443
0.96000,0.25991,0.01857,0.29186,0.00377,0.02087,-0.00561,0.99976,-0.07325,0.97182,-1.59168,0.07268,1.00826,-1.59302,-0.20323,0.28649,-1.95375,0.16809,0.33442,-1.94627,0.46554,-0.02636,-0.19692,-0.99922,-2.86993,-0.36421,1.98391,1.37776,1.63793,-0.85183,1.04354,0.45193,-1.27312,-3.63361,-1.65370,0.50985,-1.18854,-1.02209
1.00000,0.28090,0.02055,0.28985,-0.00947,-0.07176,-0.00745,0.99735,-0.04952,1.04696,-1.32767,0.07019,1.06562,-1.35122,-0.23956,0.35890,-1.55391,0.10922,0.53259,-1.56843,0.52334,0.10313,-0.04216,-0.12747,-5.15342,0.45732,-0.41252,1.52751,7.95035,-1.48804,0.41753,3.25839,0.75427,5.78619,4.03147,-0.00047,9.87331,-8.24680
1.04000,0.29978,0.02279,0.28786,-0.00613,-0.13564,0.00486,0.99073,-0.13118,1.06920,-1.81523,0.17971,0.80615,-1.85264,-0.21276,0.64795,-1.60028,0.11152,0.79699,-1.77263,0.43330,0.04510,0.12004,-0.11464,-1.90506,0.41415,-1.90462,-6.15385,-4.79686,3.64728,-9.21198,-5.23703,-0.11498,4.83771,-2.85532,0.24488,4.36554,-2.33387
1.08000,0.31904,0.02474,0.29021,0.00442,-0.17999,0.01182,0.98359,-0.19073,0.83302,-2.05089,0.22142,0.54582,-1.72739,-0.24642,0.88507,-1.75236,0.08945,1.03170,-1.90271,0.48344,0.05980,0.06076,-0.16451,-1.55746,0.14576,0.02426,-3.18546,-2.08271,-0.22002,-1.91616,0.11285,-0.24789,4.46402,-2.24185,0.27675,4.53949,-2.19625
1.12000,0.33961,0.02726,0.28989,0.01176,-0.20706,0.01738,0.97810,-0.27567,0.69459,-1.82675,0.23296,0.41102,-1.67361,-0.26153,1.10101,-1.87717,0.08012,1.21359,-1.98905,0.52782,0.04899,-0.03489,0.20337,-0.44148,0.19778,-0.72827,0.06307,0.69347,1.16777,-2.26367,-0.77989,-0.63291,3.18135,-1.32588,-0.14133,3.20877,-1.19537
1.16000,0.36027,0.02994,0.28931,0.01612,-0.20087,0.01850,0.97931,-0.35097,0.58422,-1.56167,0.24044,0.31987,-1.62454,-0.28453,1.17035,-1.88477,0.06494,1.29076,-1.99945,0.53683,0.06624,-0.00783,-0.29738,1.16186,-0.22237,-0.39265,-0.48726,0.61957,-0.07776,-0.48300,0.05432,0.12014,0.19709,0.98657,-0.02691,0.70049,0.56269
1.20000,0.38244,0.03213,0.28964,-0.00092,-0.16838,0.01485,0.98561,-0.34552,0.55548,-1.45643,0.18826,0.35623,-1.50899,-0.24695,1.14612,-1.81597,0.08853,1.28170,-1.95145,0.60081,0.04732,-0.03806,-1.08383,2.09687,-0.33286,0.20503,0.41020,0.50385,-1.86168,2.17614,1.42094,1.32024,-1.10120,2.03753,0.89112,-0.83345,1.50425
1.24000,0.40775,0.03363,0.29018,-0.02486,-0.10562,0.01113,0.99403,-0.28700,0.59574,-1.44502,0.10558,0.51402,-1.39655,-0.17680,1.03397,-1.67332,0.12205,1.17116,-1.82930,0.69532,0.03194,-0.05139,-0.69447,3.61342,-0.27261,1.02762,1.11941,0.53760,-2.10797,3.97738,1.90403,1.94534,-1.69348,3.02325,0.27194,-3.31748,3.51853
1.28000,0.43656,0.03340,0.28944,-0.01935,-0.01740,0.01056,0.99961,-0.16871,0.66755,-1.44459,0.04934,0.63117,-1.55425,-0.12237,0.90185,-1.50747,0.09735,0.96663,-1.61518,0.75747,-0.04974,-0.03258,2.52914,3.73896,-0.16943,2.41118,1.68275,1.09820,-2.16997,1.21462,-4.93142,0.89638,0.61836,1.49869,-2.90784,-3.71750,5.70502
1.32000,0.46710,0.03212,0.28889,-0.02941,0.05931,0.00089,0.99781,-0.12639,0.71852,-1.63580,0.08882,0.71014,-1.77691,-0.09144,0.72091,-1.27218,0.08086,0.83406,-1.40911,0.77205,0.01579,-0.00720,-0.72716,2.31139,-0.45009,0.75027,1.49810,-2.75406,1.12441,2.15478,-3.08895,0.81715,-0.79926,3.59428,-1.28664,0.98191,2.75360
1.36000,0.49702,0.03122,0.28773,-0.02561,0.09121,-0.00852,0.99547,-0.10150,0.81276,-1.73980,0.10081,0.80175,-1.84724,-0.06306,0.73020,-1.38397,0.06359,0.75651,-1.31469,0.71974,-0.05070,-0.02770,0.39220,0.66226,-0.68058,0.03937,2.08604,-1.01165,0.14747,2.54636,-0.26820,0.33779,-1.19669,-0.99991,-0.11415,-2.47001,-0.38607
1.40000,0.52453,0.02865,0.28722,-0.00582,0.07754,-0.02250,0.99672,-0.11772,0.90960,-1.71685,0.08026,0.90940,-1.77695,-0.08277,0.66355,-1.74481,0.08579,0.63664,-1.55457,0.67768,-0.07626,0.02621,0.79172,-1.90584,-0.82662,-0.21230,2.47567,2.29429,-0.49427,2.70377,3.63083,-0.87336,-4.11351,-2.95827,1.46442,-3.86917,-2.48436
1.44000,0.54959,0.02717,0.28565,0.00547,0.02773,-0.03484,0.99899,-0.12552,1.00729,-1.59700,0.05608,1.01519,-1.62697,-0.15412,0.37268,-2.00352,0.17632,0.36226,-1.86625,0.62471,-0.00530,-0.09554,0.02728,-3.23837,-0.51046,-0.04989,2.47778,3.96731,-1.39262,2.54157,3.20116,-1.73321,-5.39644,-3.13202,2.09901,-6.17597,-3.71962
1.48000,0.57554,0.02895,0.28222,-0.00509,-0.05089,-0.04395,0.99772,-0.11214,1.08762,-1.37543,0.00181,1.04367,-1.56226,-0.20689,0.26716,-1.78831,0.16853,0.33931,-1.59183,0.67066,0.07860,-0.17166,-1.71232,-4.18152,-0.54692,1.07558,1.77682,6.14910,-0.24844,-1.24145,-0.45025,0.53818,1.90655,1.65315,-1.90476,4.99828,3.21146
1.52000,0.59964,0.03017,0.27468,-0.00628,-0.10804,-0.04259,0.99321,-0.17478,1.10106,-1.69789,0.06065,0.84466,-1.79442,-0.19020,0.53110,-1.61554,0.13737,0.57668,-1.67274,0.48333,-0.03161,-0.06150,0.39360,-1.10177,0.68143,-1.28957,-5.17273,-3.40917,2.54509,-6.03747,-3.44875,-0.65316,4.39380,-3.67503,-0.30086,3.34103,-2.56619
1.56000,0.62247,0.02934,0.27490,-0.01085,-0.14000,-0.03721,0.98939,-0.11318,0.96013,-1.84139,0.14711,0.72833,-1.64294,-0.19287,0.73589,-1.75507,0.15090,0.77460,-1.80930,0.60291,0.01492,0.11151,0.03223,-1.02132,0.12532,0.80912,-1.72568,-1.07696,-0.00749,1.37862,1.06325,-0.46431,4.07172,-1.88704,-0.19662,4.12038,-2.02472
1.60000,0.64972,0.03097,0.27730,-0.01557,-0.15932,-0.03086,0.98662,-0.15877,0.85315,-1.91651,0.20589,0.54170,-1.73307,-0.20026,0.92118,-1.83731,0.13985,1.00787,-1.93332,0.74485,0.07410,0.07646,-0.52433,-0.71294,0.34919,-1.44825,-1.86177,-1.15501,1.22365,-6.37237,-2.72460,0.00198,4.54841,-1.44964,0.40637,4.28797,-1.69132
1.64000,0.68141,0.03427,0.27767,-0.00431,-0.17621,-0.02308,0.98407,-0.29724,0.64636,-1.79413,0.22535,0.34986,-1.65943,-0.24213,1.14240,-1.92242,0.10054,1.21984,-2.01483,0.82630,0.07100,-0.01297,0.02084,-0.25087,0.14917,-0.94116,-2.88309,-0.76603,1.04207,-0.62842,-0.04697,-0.75309,3.91649,-0.70490,-0.27468,4.31088,-1.16689
1.68000,0.71531,0.03709,0.27763,-0.00519,-0.16937,-0.01731,0.98539,-0.37918,0.50664,-1.52482,0.22585,0.32024,-1.63900,-0.25602,1.26544,-1.91514,0.09825,1.34408,-2.02061,0.87737,0.05334,0.00260,-0.44786,1.31319,0.20677,-0.78313,0.30555,0.95452,-0.13642,-0.39782,-0.03880,0.49567,1.55839,1.41944,0.42717,1.39592,1.08924
1.72000,0.75315,0.03903,0.27855,-0.01982,-0.13824,-0.01258,0.99012,-0.37625,0.53938,-1.42243,0.18322,0.35842,-1.50980,-0.21742,1.30332,-1.82627,0.12755,1.38078,-1.95102,1.01854,0.04748,-0.01769,-0.71373,2.05814,0.03162,0.21373,1.25705,0.76785,-1.46263,2.14290,1.38950,1.02311,0.08960,2.91496,0.62220,0.24654,2.32665
1.76000,0.79668,0.04057,0.27961,-0.03025,-0.07768,-0.00961,0.99647,-0.31543,0.60220,-1.41211,0.11665,0.46479,-1.41225,-0.16157,1.24245,-1.64241,0.13634,1.30672,-1.78574,1.16425,0.03193,-0.05063,0.14839,3.42630,0.04551,1.24051,1.07225,0.50356,-1.65541,2.55200,1.29969,2.20199,0.09899,4.68321,-0.74548,-2.02138,4.92146
1.80000,0.84414,0.04029,0.28058,-0.01307,0.01021,-0.00941,0.99982,-0.21013,0.66165,-1.49199,0.07564,0.58555,-1.66520,-0.12156,1.07214,-1.41602,0.08128,1.10521,-1.48210,1.17576,-0.06231,0.02418,1.27054,3.41273,-0.33941,-1.41840,3.12985,-5.48021,-0.65673,3.04365,-5.19311,2.58655,-1.26952,1.57491,-1.94884,-1.90362,7.66004
1.84000,0.89120,0.03732,0.27972,-0.03312,0.06563,-0.01632,0.99716,-0.16073,0.78151,-1.63969,0.14183,0.74079,-1.84670,-0.05442,0.92906,-1.24269,0.10079,1.03459,-1.23346,1.14696,-0.05441,-0.04666,-0.41697,1.56029,-0.36374,0.59135,3.12279,-1.71308,0.93278,4.15740,-2.35809,0.76877,-1.69815,0.31667,-0.86198,0.68450,1.62912
1.88000,0.93501,0.03357,0.27924,-0.02020,0.08242,-0.02576,0.99606,-0.12049,0.94070,-1.70813,0.13699,0.89429,-1.86210,-0.05233,0.79577,-1.49853,0.09394,0.87986,-1.33266,1.06857,-0.13677,0.03401,1.02650,-0.19115,-0.72314,-0.39662,3.00033,0.93660,-0.52981,3.64597,1.78005,-0.11577,-4.95072,-2.83254,0.51002,-2.61708,-2.16461
1.92000,0.97527,0.02763,0.27841,0.01271,0.05997,-0.03840,0.99738,-0.16293,1.06525,-1.63381,0.08743,1.02784,-1.73704,-0.11522,0.52797,-2.08923,0.16931,0.64465,-1.94767,1.01356,-0.16538,-0.02362,1.20925,-2.18802,-0.76858,-0.60549,3.03463,3.31333,-0.99449,3.12714,4.76486,-2.31107,-7.54142,-4.55640,3.30293,-8.80739,-5.13789
1.96000,1.01594,0.02418,0.27860,0.00315,0.00084,-0.04791,0.99885,-0.13644,1.14344,-1.39719,-0.02693,1.09942,-1.72437,-0.25224,0.19448,-2.01334,0.28245,0.31284,-1.94984,1.03945,-0.03963,-0.01612,-2.45415,-3.27248,-0.41227,2.14319,1.05146,7.73842,-1.65122,-1.10681,-0.33199,-1.33167,-5.28635,-0.63587,0.24266,-4.94202,-0.92849
2.00000,1.05672,0.02256,0.27205,-0.03581,-0.05402,-0.06119,0.99602,-0.11045,1.08503,-1.56759,0.01177,0.91549,-1.77209,-0.21576,0.11669,-1.88868,0.16064,0.26189,-1.60760,1.06164,-0.02854,-0.37411,-2.40271,-2.87456,-0.89214,-0.05854,-5.02576,-2.66029,1.48034,-3.23883,-1.65173,1.32223,2.44915,1.21779,-2.96992,4.51678,2.97913
2.04000,1.09790,0.02016,0.26022,-0.04001,-0.11370,-0.06368,0.99067,-0.14732,1.04386,-1.49475,0.00382,0.93104,-1.59963,-0.20974,0.43410,-1.54942,0.13214,0.59703,-1.83347,0.88324,-0.11435,-0.14638,0.50995,-1.59335,0.54589,0.37485,1.93198,1.36598,-0.99235,3.98322,0.42501,-1.15121,6.84488,-6.44091,-0.50708,6.25734,-4.94209
2.08000,1.13522,0.01674,0.25666,-0.04533,-0.13414,-0.05833,0.98821,-0.12228,1.13617,-2.01361,0.13568,0.73854,-1.69960,-0.21807,0.67881,-1.73769,0.14712,0.84106,-2.00251,0.99768,-0.02916,0.05743,-0.26705,-0.89966,0.56714,-1.74130,-2.97649,-3.56200,1.99136,-7.56367,-3.31224,-0.34520,6.26261,-3.46511,0.15968,5.95188,-2.95166
2.12000,1.17819,0.01618,0.25765,-0.04696,-0.15937,-0.04764,0.98495,-0.22479,0.81571,-2.07324,0.19741,0.49363,-1.67118,-0.23946,0.98370,-1.88887,0.14209,1.14582,-2.14103,1.11919,0.00404,0.05015,-0.29092,-0.77998,0.52879,-0.63373,-5.74968,-2.09905,0.58099,-1.78306,-0.59649,-0.47830,6.52077,-2.10119,0.25677,6.68794,-2.02426
2.16000,1.22432,0.01619,0.25970,-0.03231,-0.16451,-0.03067,0.98537,-0.35169,0.59063,-1.75383,0.22036,0.34831,-1.68233,-0.26887,1.25187,-1.95464,0.12614,1.36218,-2.16183,1.18098,-0.02639,0.07445,0.64620,0.92221,0.94599,-0.97662,-0.82830,0.84220,1.35301,-2.84755,-1.18674,-0.48404,4.20162,0.64957,-0.22113,3.15974,1.40665
2.20000,1.27330,0.01552,0.26142,-0.03449,-0.14291,-0.01660,0.98899,-0.38593,0.51485,-1.50108,0.24217,0.27308,-1.63771,-0.24543,1.39282,-1.89285,0.12486,1.53282,-2.10022,1.26776,-0.01571,-0.01068,-0.45346,1.76216,0.43427,-0.39952,0.34082,0.86520,-0.46063,-0.07211,0.28613,1.13916,2.06380,2.66084,-0.07159,2.82202,2.48654
2.24000,1.32687,0.01557,0.26274,-0.03798,-0.09115,-0.00750,0.99508,-0.38588,0.56140,-1.44868,0.18308,0.28419,-1.45302,-0.19601,1.38798,-1.71226,0.13343,1.51472,-1.91793,1.41442,0.00972,-0.03387,-0.24951,3.11113,0.18307,0.51348,1.43072,0.75956,-1.57021,2.06832,1.58523,2.22493,-0.52341,5.19148,-1.09339,0.07617,5.57543
2.28000,1.38475,0.01548,0.26191,-0.02839,-0.01980,-0.00386,0.99939,-0.26254,0.64321,-1.44894,0.12914,0.43423,-1.58078,-0.13435,1.29428,-1.48452,0.08444,1.39089,-1.64081,1.39983,-0.05449,-0.07138,3.22545,2.98969,-0.06425,-4.01955,5.62452,-8.11722,-2.65281,4.47448,-6.77044,0.60605,0.22039,1.88063,-5.58316,-1.22455,6.18550
2.32000,1.44081,0.01200,0.26385,-0.02707,0.01529,-0.00514,0.99950,-0.26542,0.81315,-1.55254,0.14694,0.63589,-1.75460,-0.03614,1.22397,-1.34625,0.08278,1.29367,-1.33934,1.34719,-0.08324,0.13658,-0.46421,-0.00937,-0.11639,0.95075,3.74860,1.08539,0.78626,5.45276,-0.88478,0.94328,-0.55648,0.30457,0.29270,0.18995,4.89868
2.36000,1.49210,0.00944,0.27195,-0.03041,0.07243,-0.00992,0.99686,-0.12598,0.89104,-1.77472,0.16765,0.78016,-1.87097,-0.02623,0.96169,-1.09687,0.07815,1.02867,-1.11944,1.18974,-0.06068,0.13251,0.73128,3.50774,-0.41647,-0.62791,2.23755,-2.64647,-0.10941,2.55415,-2.80041,-0.27606,-7.12939,-0.89905,-0.23543,-7.60514,-2.07983
2.40000,1.54012,0.00659,0.28310,-0.02292,0.07972,-0.02141,0.99632,-0.11476,0.97992,-1.68795,0.16610,0.91222,-1.78372,-0.03692,0.80076,-1.75357,0.13358,0.92426,-1.56409,1.26562,-0.08990,0.46808,0.81806,-2.39011,-1.05547,0.10293,1.87570,6.55908,-0.85785,3.20591,7.39641,-1.67689,-6.35340,-5.47739,1.33012,-2.17484,-2.71551
2.44000,1.58767,0.00326,0.29069,-0.00961,0.03773,-0.04147,0.99838,0.06165,1.06143,-1.97656,0.04602,1.11461,-1.92611,-0.17420,0.46669,-2.30235,0.25319,0.64168,-2.36436,1.19964,-0.08247,0.04457,0.86894,-2.30776,-1.01654,2.60143,-3.28806,-1.94838,-1.90008,0.00335,-0.44176,-3.99786,-7.40060,-3.56373,3.25669,-9.21200,-6.15011
2.48000,1.63722,0.00238,0.29659,0.01231,-0.03947,-0.05484,0.99764,-0.01393,1.03052,-1.40983,-0.04999,1.09370,-1.49290,-0.31493,0.17952,-1.96682,0.23786,0.32568,-1.78305,1.29872,0.07261,0.22913,-2.45249,-5.28413,-0.33636,1.20604,1.74973,12.01590,-0.60518,3.51296,2.81068,1.76574,-2.41389,1.38827,-2.24649,-3.86314,3.27026
2.52000,1.68724,0.00529,0.29875,-0.01397,-0.12049,-0.05601,0.99103,-0.14141,0.97914,-1.83811,0.06433,0.89373,-2.08991,-0.19340,0.38753,-1.53759,0.13327,0.44337,-1.45034,1.20078,0.02847,-0.01120,0.78267,-3.52778,0.68476,-6.09651,-8.42903,-5.98341,1.14080,-9.21200,-6.77977,1.87078,8.83547,4.55821,-1.44648,10.24760,-8.72977
2.56000,1.73192,0.00478,0.30202,0.00111,-0.17333,-0.04461,0.98385,-0.23759,0.79894,-1.68686,0.16212,0.62316,-1.75788,-0.18866,0.73699,-1.64609,0.09817,0.78279,-1.68754,1.07474,-0.03037,0.19543,0.02963,-1.38840,0.48576,1.22334,1.26212,1.39596,0.45541,-2.33656,1.12074,-0.58040,6.92975,-3.50129,-0.16138,6.38642,-3.08997
2.60000,1.77585,0.00395,0.30417,-0.00529,-0.19752,-0.03310,0.97973,-0.23928,0.72098,-1.75109,0.21132,0.41710,-1.75248,-0.18476,1.04930,-1.80042,0.06067,1.11459,-1.88707,1.11615,0.00658,-0.01971,-0.68676,-0.79184,0.45752,-1.09267,-3.54897,-1.68242,0.56573,-3.96484,-1.51806,0.22579,6.61486,-2.54513,0.83640,6.12392,-2.57224
2.64000,1.82139,0.00576,0.30059,-0.01262,-0.20835,-0.02289,0.97771,-0.36200,0.54937,-1.56279,0.22836,0.25487,-1.72244,-0.19042,1.29559,-1.87615,0.05350,1.39773,-1.99289,1.14650,0.07784,-0.10670,-0.67834,0.53209,0.02390,-1.88513,-0.86808,0.13386,0.78725,-1.71133,-0.55678,0.10660,3.88881,0.04149,0.51087,4.40069,-0.65810
2.68000,1.86849,0.00913,0.29648,-0.02481,-0.19454,-0.01974,0.98038,-0.41334,0.47414,-1.38657,0.20747,0.25206,-1.56897,-0.18810,1.42730,-1.84261,0.06964,1.55384,-1.98801,1.21275,0.08436,-0.11669,-0.74265,1.59810,-0.11662,-0.13785,-0.26789,0.48457,-0.83957,1.72214,1.27609,0.44773,1.47958,2.22821,0.49459,2.19175,1.38687
2.72000,1.91916,0.01168,0.29316,-0.03579,-0.15133,-0.01478,0.98772,-0.37921,0.47960,-1.28020,0.13286,0.33261,-1.36591,-0.14785,1.44918,-1.70973,0.08924,1.56753,-1.87214,1.33181,0.04750,-0.14344,-0.14559,2.85806,0.18843,0.95909,1.00195,0.83495,-2.02494,2.74822,1.76388,2.30406,0.87038,3.55112,0.12510,-1.13525,3.93735
2.76000,1.97512,0.01294,0.28927,-0.03155,-0.07490,-0.01002,0.99664,-0.23784,0.54839,-1.20743,0.03691,0.49353,-1.35115,-0.09952,1.34220,-1.49864,0.07082,1.42227,-1.62390,1.42961,0.00636,-0.16352,2.28728,3.69264,0.24896,2.56123,2.06626,1.53627,-2.35807,5.02929,-9.89423,0.42177,-0.25311,1.82478,-3.33520,-3.06588,8.17725
2.80000,2.03217,0.01255,0.28883,-0.03887,0.00488,-0.00972,0.99918,-0.18790,0.67923,-1.38654,0.05027,0.66946,-1.68166,-0.03479,1.12862,-1.29674,0.06938,1.20439,-1.26744,1.35916,0.03959,0.13090,-1.10308,2.06607,-0.04240,0.80329,2.96109,-1.27347,0.92461,4.30953,-3.59676,1.57140,-3.05482,-0.10486,-0.35392,-0.94553,6.24173
2.84000,2.08392,0.01352,0.28955,-0.05050,0.06014,-0.00870,0.99687,-0.01489,0.78747,-1.75871,0.06795,0.82364,-1.84531,-0.04195,0.90195,-1.29336,0.08601,0.99543,-1.17896,1.24464,0.01904,-0.07393,1.15122,2.47540,-0.01321,2.98487,-1.87823,-1.56196,-1.43477,3.60430,-3.09596,-1.90764,-3.10943,-1.43003,-0.47986,-5.46113,-1.92743
2.88000,2.13340,0.01173,0.28883,-0.03493,0.07785,-0.01287,0.99627,0.01890,0.89953,-1.76146,0.04405,0.98126,-1.84849,-0.04965,0.79663,-1.59278,0.08233,0.84940,-1.36362,1.24033,-0.09509,0.09125,0.30155,-0.69589,-0.58484,0.23917,3.70980,2.05321,0.21305,3.84441,3.16888,0.65690,-3.63443,-2.34623,0.13675,-0.35184,-1.18324
2.92000,2.17827,0.00728,0.28749,-0.00117,0.06514,-0.02539,0.99755,0.03526,1.04799,-1.76959,-0.00419,1.10481,-1.72151,-0.14874,0.49166,-2.08628,0.12913,0.63348,-2.06061,1.08017,-0.13478,-0.08719,1.55482,-0.96547,-0.73236,-0.18114,3.43308,0.60540,-1.14251,2.67968,3.68392,-2.97231,-8.81560,-3.43008,3.90877,-9.21200,-5.98248
2.96000,2.22209,0.00569,0.29394,0.00770,0.00765,-0.03344,0.99938,0.01510,1.13784,-1.51343,-0.05308,1.15793,-1.46507,-0.31039,0.15657,-1.94648,0.24516,0.32678,-1.99657,1.14562,0.05477,0.38416,-2.13261,-4.44218,0.00185,1.30150,0.20617,11.75620,-1.94402,0.16297,3.35691,-0.25011,-5.21532,-0.18967,0.72076,-3.41140,-0.35985
3.00000,2.26544,0.00768,0.29929,-0.03832,-0.05036,-0.03576,0.99735,-0.06635,1.08827,-2.02290,0.14392,0.93863,-2.03293,-0.23858,0.05392,-1.76167,0.19382,0.31312,-1.77124,1.13731,0.05578,-0.05515,-2.17442,-3.39367,-0.18522,-3.17019,-6.94566,-5.69095,4.72900,-8.92165,-5.46734,0.47812,2.98040,1.37629,-1.52722,4.46112,2.24084
3.04000,2.31144,0.00982,0.29893,-0.03815,-0.13035,-0.02664,0.99038,-0.20383,0.93342,-1.67423,0.09159,0.79141,-1.58626,-0.12817,0.39760,-1.41896,0.10276,0.63428,-1.65329,1.06606,-0.00747,-0.04001,1.88627,-2.32825,1.75725,-2.08613,1.69817,1.60857,-4.15999,2.10112,3.13811,4.70848,9.14877,2.94734,-1.94944,7.36845,-5.00812
3.08000,2.35437,0.00864,0.29522,-0.02045,-0.16878,-0.01387,0.98534,-0.13636,0.89886,-1.78499,0.16807,0.59030,-1.66103,-0.14878,0.74428,-1.67438,0.07726,0.94391,-1.85402,1.09727,-0.02313,-0.02347,1.31821,-1.40090,0.76584,1.18271,-3.15088,-1.40206,2.34893,-7.72190,-3.25936,-1.80462,7.55513,-5.29608,-1.25380,6.92345,-3.27976
3.12000,2.40078,0.00877,0.29261,0.01529,-0.19383,-0.00182,0.98091,-0.23173,0.67033,-1.81157,0.23089,0.34576,-1.69688,-0.24268,1.05707,-1.86554,0.00914,1.23776,-1.97048,1.17971,0.01703,-0.00516,0.38048,-0.31415,0.44073,-1.47931,-4.02199,-1.77461,1.92392,-1.90981,-1.14063,-0.86359,6.05530,-2.20032,-0.28380,5.61047,-1.14437
3.16000,2.44808,0.01111,0.29186,0.00755,-0.19117,0.00095,0.98153,-0.34729,0.48750,-1.54443,0.26471,0.28739,-1.67278,-0.24544,1.25390,-1.89698,0.01948,1.44944,-1.99162,1.18434,0.08992,-0.01720,-1.16173,1.20318,-0.42709,-1.61768,-0.16629,0.69488,0.02078,-0.34271,0.03485,0.82823,2.52110,1.30118,0.89665,3.03696,0.94292
3.20000,2.49682,0.01479,0.29034,-0.02227,-0.16336,-0.00108,0.98632,-0.39279,0.47188,-1.39034,0.20506,0.27956,-1.52826,-0.19408,1.33416,-1.81822,0.07166,1.54215,-1.92758,1.26335,0.09939,-0.10620,-1.57566,1.96836,-0.43652,-0.44848,0.71111,0.70577,-1.80990,1.05601,1.07282,1.48160,0.86228,2.80712,1.33964,1.24939,2.30239
3.24000,2.54987,0.01800,0.28662,-0.04272,-0.11102,-0.00203,0.99290,-0.36476,0.52234,-1.35604,0.11931,0.35955,-1.31534,-0.12402,1.34400,-1.66826,0.09861,1.51698,-1.77227,1.38779,0.07433,-0.18291,-0.25311,3.20101,-0.27755,0.80855,0.94798,0.50269,-1.97042,3.32821,2.00804,2.90687,1.38029,3.45748,-0.36079,-1.82271,4.80791
3.28000,2.60709,0.01948,0.28309,-0.02534,-0.02910,-0.00400,0.99925,-0.21841,0.60156,-1.31197,0.04255,0.54072,-1.52104,-0.10966,1.22462,-1.46654,0.03952,1.32041,-1.46467,1.40979,-0.03232,-0.08785,3.80570,3.46996,-0.24754,-4.44450,6.00838,-10.50240,-3.33639,4.16997,-6.66762,-1.00666,-0.29300,1.07995,-4.49328,-4.42443,8.77211
3.32000,2.66360,0.01641,0.28265,-0.04129,0.01742,-0.01136,0.99893,-0.18378,0.75991,-1.46335,0.09740,0.73555,-1.71509,-0.01612,1.12731,-1.30127,0.07406,1.19681,-1.14464,1.36594,-0.06698,0.03860,-0.98358,0.51432,-0.45004,1.37165,3.57741,-0.03905,1.50005,5.19686,-1.25725,0.39940,-0.78327,0.41187,0.52075,0.82475,3.24360
3.36000,2.71378,0.01353,0.28130,-0.04115,0.06530,-0.01555,0.99690,-0.01939,0.82991,-1.77868,0.08684,0.88396,-1.85425,-0.04900,0.86303,-1.29268,0.09034,1.01624,-1.11791,1.17509,-0.07525,-0.11575,1.90090,2.97857,-0.05782,2.68204,-2.72494,-1.66497,-1.80705,2.97768,-3.17973,-1.74766,-5.14238,-2.32132,-0.31437,-6.31842,-2.76349
3.40000,2.76090,0.00870,0.28247,-0.02406,0.07368,-0.01925,0.99681,-0.01772,0.95365,-1.75509,0.06732,1.01957,-1.80459,-0.05146,0.74714,-1.73660,0.12180,0.85974,-1.57502,1.22293,-0.14738,0.23581,0.27053,-2.07746,-0.58926,0.44090,3.33953,4.69416,0.20260,3.17110,6.07795,-0.19973,-3.55973,-3.03927,0.80325,-4.17026,-3.45359
3.44000,2.80631,0.00306,0.28125,-0.01211,0.03973,-0.03364,0.99857,0.08654,1.02904,-1.96603,0.01634,1.09149,-1.83856,-0.17415,0.42425,-2.22604,0.19434,0.55359,-2.24331,1.13456,-0.13842,-0.18960,0.55644,-1.90890,-0.72593,1.85003,-2.76488,-1.52231,-1.17761,-1.40028,-0.64972,-3.97886,-8.79894,-3.41391,3.22261,-9.05799,-4.27446
3.48000,2.85326,-0.00048,0.28186,0.01066,-0.04449,-0.04263,0.99804,0.01470,1.06575,-1.50925,-0.03253,1.14574,-1.45832,-0.31484,0.18790,-1.89313,0.19965,0.30030,-1.77026,1.21556,-0.01523,0.21862,-1.52864,-6.17707,-0.13396,0.60999,2.72601,11.63790,0.26671,1.92641,9.99418,2.20386,-0.33591,1.70987,-1.51009,-1.03519,2.33125
3.52000,2.89792,-0.00126,0.28420,-0.00161,-0.12519,-0.03574,0.99149,-0.15089,1.01977,-2.01236,0.14716,0.95952,-2.17353,-0.20741,0.45056,-1.50282,0.14442,0.49990,-1.56117,0.96799,-0.05020,0.08918,0.30972,-2.28640,0.50409,-4.41825,-8.98678,-6.72918,4.61532,-9.21144,-9.35643,-0.80177,7.99887,-6.27520,-0.33945,7.28665,-5.29273
3.56000,2.93727,-0.00233,0.29020,-0.00022,-0.18404,-0.03003,0.98246,-0.20030,0.79807,-1.91532,0.19932,0.64254,-1.86513,-0.23332,0.80292,-1.73524,0.14330,0.84823,-1.78680,0.95558,0.01716,0.21196,-0.72594,-1.88763,-0.08585,1.04499,-0.68408,0.47360,-1.53005,-4.62114,1.10274,0.05350,6.81437,-3.02179,0.68701,7.10220,-3.60861
3.60000,2.97657,-0.00127,0.29286,-0.01445,-0.21425,-0.02580,0.97633,-0.28256,0.67834,-1.84175,0.22351,0.37856,-1.82956,-0.21691,1.11119,-1.88065,0.09191,1.18498,-1.99765,1.00821,0.04177,-0.01579,-0.91020,-0.95771,-0.02350,-2.23629,-1.89518,-0.75667,1.17781,-3.69515,-1.44783,0.15668,6.08131,-2.09729,0.95341,6.52144,-2.81204
3.64000,3.01800,0.00133,0.29080,-0.01714,-0.23163,-0.02091,0.97243,-0.42700,0.53566,-1.59402,0.24164,0.21255,-1.72230,-0.25080,1.35253,-1.94953,0.08400,1.46477,-2.09565,1.04648,0.07285,-0.03683,-0.39303,0.22472,-0.10700,-1.36008,-0.75838,0.34879,0.82810,-1.53075,-0.25649,-0.48387,3.76354,0.19279,0.10689,4.83576,-0.65235
3.68000,3.06129,0.00405,0.29001,-0.02723,-0.22181,-0.01934,0.97452,-0.47014,0.46031,-1.39793,0.22973,0.18995,-1.60035,-0.25746,1.48081,-1.91046,0.09714,1.62689,-2.08556,1.12219,0.05609,-0.01749,-0.62498,1.40087,-0.09734,-0.25933,-0.13864,0.58575,-0.65278,0.90687,0.84215,0.44388,1.60014,2.22350,0.53241,2.18666,1.57026
3.72000,3.10875,0.00557,0.29145,-0.03765,-0.18326,-0.01430,0.98224,-0.45286,0.46658,-1.28037,0.16845,0.25657,-1.42711,-0.20802,1.51629,-1.78077,0.12147,1.64224,-1.96437,1.26316,0.02705,0.00353,-0.12617,2.61452,0.16678,0.47509,1.01419,0.83741,-1.71715,2.58432,1.63745,2.50593,1.34667,3.50229,0.12228,-1.06478,4.08069
3.76000,3.16262,0.00644,0.29451,-0.03675,-0.11204,-0.01037,0.99297,-0.33353,0.53680,-1.20077,0.07878,0.40598,-1.26831,-0.13741,1.41598,-1.53706,0.10399,1.50465,-1.71400,1.42089,0.01687,-0.02774,1.03618,3.94483,0.08479,2.74019,1.93960,1.19787,-2.64108,4.03467,2.10327,3.10321,-0.16798,4.22195,-2.61944,-2.83060,7.87745
3.80000,3.21983,0.00622,0.29411,-0.02724,-0.01104,-0.01314,0.99948,-0.20009,0.61037,-1.31494,0.02854,0.58551,-1.55724,-0.08851,1.16554,-1.29446,0.05028,1.25072,-1.36518,1.36183,-0.01652,0.01419,-0.03804,3.66488,-0.34091,-0.27534,3.54803,-5.91225,0.27056,3.95849,-6.81784,2.42577,-2.85589,0.55105,-1.07952,-1.27309,4.50782
3.84000,3.27295,0.00495,0.29168,-0.03984,0.05316,-0.01877,0.99762,-0.13692,0.78160,-1.56044,0.06476,0.75090,-1.78461,-0.02634,0.97295,-1.27002,0.09005,1.08970,-1.21043,1.28022,-0.03442,-0.08901,-0.04961,2.00257,-0.41408,0.04997,3.40396,-2.39718,0.34778,4.38291,-3.22815,-0.18270,-2.83097,-0.96185,0.58001,-2.41989,-0.44107
3.88000,3.32178,0.00219,0.28959,-0.03261,0.07591,-0.03075,0.99611,-0.10494,0.92875,-1.62826,0.06947,0.91924,-1.82386,-0.06287,0.79960,-1.59277,0.13343,0.88587,-1.39403,1.19739,-0.10237,0.00481,0.39042,-0.13100,-0.92248,0.15629,2.92159,1.21577,0.16125,4.13964,1.66125,-0.94714,-5.34017,-3.42862,1.03224,-5.31310,-2.85877
3.92000,3.36621,-0.00250,0.28717,-0.00377,0.05996,-0.04926,0.99698,-0.13465,1.05280,-1.57239,0.03046,1.06304,-1.71013,-0.15948,0.49146,-2.21726,0.21009,0.58210,-1.97593,1.09111,-0.13508,-0.04586,1.12497,-1.57841,-1.03277,0.16063,3.03470,1.85203,-0.88655,3.08608,4.32288,-2.44509,-8.75804,-3.86897,3.23587,-8.95162,-3.86530
3.96000,3.41140,-0.00269,0.29225,-0.01578,0.00119,-0.05696,0.99825,-0.11971,1.08048,-1.23805,-0.07693,1.11422,-1.60343,-0.28374,0.13991,-2.05955,0.30860,0.26157,-1.83046,1.17728,0.08373,0.19562,-2.70580,-3.62127,0.08139,1.80010,-0.80389,11.84510,-2.72514,-1.53856,0.24585,-0.70617,-6.80717,0.10543,-0.38359,-4.54689,-0.21449
4.00000,3.45639,0.00031,0.29126,-0.07232,-0.04798,-0.06442,0.99414,-0.08807,0.99147,-1.83794,0.05762,0.83137,-1.92855,-0.24694,0.04820,-1.92550,0.19971,0.21114,-1.65853,1.16729,0.08591,-0.23257,-2.90577,-2.69249,-0.46865,-1.18680,-8.73612,-6.62287,3.44194,-7.27601,-3.86368,0.28841,1.55882,2.13804,-2.35863,3.59832,1.85999
4.04000,3.50394,0.00332,0.28485,-0.08235,-0.11764,-0.05510,0.98810,-0.17591,0.90405,-1.52100,0.01854,0.80200,-1.45355,-0.13986,0.38507,-1.48426,0.13102,0.53931,-1.69230,1.11544,0.00151,-0.15124,1.71228,-2.09244,1.85772,-2.06028,4.26481,2.59295,-3.42347,5.70752,-0.38714,4.86956,9.16159,3.52404,-2.27522,7.40812,-6.11662
4.08000,3.54805,0.00040,0.27626,-0.04563,-0.14558,-0.03489,0.98768,-0.15571,0.98672,-1.90308,0.15945,0.61235,-1.70488,-0.15515,0.73398,-1.72212,0.06144,0.81241,-1.90066,1.13353,-0.08565,-0.14944,1.66167,-1.33653,1.25290,0.67601,-4.00063,-2.69328,4.57257,-9.21200,-4.52193,-2.20167,8.15819,-6.19289,-1.61238,6.97469,-4.30369
4.12000,3.59605,-0.00230,0.27131,-0.00829,-0.17451,-0.01842,0.98445,-0.23578,0.69898,-1.82696,0.25239,0.37455,-1.63777,-0.25037,1.07798,-1.93503,-0.00439,1.12767,-2.05945,1.21875,-0.05878,-0.02264,0.43371,-0.35885,0.57586,-0.60124,-4.14100,-1.33837,1.15855,-1.24701,-0.29329,-0.80451,6.65329,-2.34678,-0.23175,6.34849,-1.93333
4.16000,3.64585,-0.00307,0.27226,-0.01441,-0.16670,-0.01282,0.98582,-0.33196,0.49788,-1.55008,0.25835,0.30743,-1.68124,-0.24340,1.27908,-1.94662,0.01559,1.33383,-2.08125,1.27575,0.00635,0.07349,-0.96174,1.56533,-0.22793,-1.53406,-0.48909,0.60903,-0.26404,-1.49820,-0.61506,1.08904,2.43119,2.13651,0.99155,3.13666,1.29860
4.20000,3.69896,-0.00309,0.27394,-0.03927,-0.13514,-0.01077,0.98999,-0.38642,0.48940,-1.39510,0.19595,0.26433,-1.54318,-0.18119,1.36517,-1.83938,0.07365,1.44045,-2.00599,1.38398,-0.00390,-0.03970,-1.26978,1.99477,-0.17151,-0.79210,1.07966,0.81862,-1.75040,0.85054,1.01217,1.68332,1.19669,3.40722,1.50034,1.83554,2.52147
4.24000,3.75683,-0.00385,0.27292,-0.05236,-0.08428,-0.00918,0.99502,-0.36295,0.55490,-1.34827,0.10683,0.33858,-1.30800,-0.10833,1.37283,-1.66893,0.10345,1.44225,-1.83966,1.50780,-0.02701,-0.12059,0.17078,3.05525,-0.21225,0.84288,1.23914,0.63043,-2.13854,3.49604,2.15931,2.69397,0.76089,2.88751,-0.38272,-1.09833,5.15380
4.28000,3.81525,-0.00745,0.27418,-0.01642,-0.01750,-0.01117,0.99965,-0.28102,0.62381,-1.35108,0.05383,0.52475,-1.60942,-0.11209,1.26203,-1.47977,0.03153,1.29029,-1.53062,1.36219,-0.17421,0.11581,1.65237,2.21268,-0.37139,-1.34709,4.19855,-4.59691,-0.66519,4.29780,-3.99407,1.89254,-1.10956,0.80346,-0.69683,-2.44804,7.16730
4.32000,3.86987,-0.01533,0.27883,-0.03614,0.03988,-0.01783,0.99839,-0.22013,0.76057,-1.49907,0.12885,0.70635,-1.79812,-0.04378,1.06962,-1.22986,0.07355,1.12564,-1.21939,1.31912,-0.16939,0.05817,-0.54165,2.04362,-0.25853,0.95144,3.25112,-1.89255,1.39219,4.26775,-2.71908,0.00803,-2.33780,0.49231,0.24413,-1.07947,2.76922
4.36000,3.91988,-0.02226,0.27962,-0.02947,0.08515,-0.02184,0.99569,-0.12034,0.93037,-1.72321,0.14747,0.85354,-1.88483,-0.06742,0.82366,-1.31276,0.09516,0.92679,-1.17719,1.19418,-0.18201,-0.01552,0.90379,1.70589,-0.31679,-0.41334,3.21376,-1.21054,-0.19354,3.51516,-0.94319,-0.10598,-5.61751,-2.47026,0.84760,-4.84113,-1.88755
4.40000,3.96712,-0.03072,0.28291,-0.00223,0.07301,-0.03110,0.99684,-0.14203,1.05484,-1.63593,0.11596,0.99396,-1.76046,-0.09007,0.69931,-1.89790,0.16139,0.82400,-1.72756,1.21141,-0.23411,0.21233,1.82357,-2.37980,-0.91526,-0.94617,2.58720,5.11105,-1.47554,2.84036,6.83144,-1.50776,-4.58197,-4.28227,1.75516,-4.74799,-4.22653
4.44000,4.01246,-0.03942,0.28271,0.02178,0.03586,-0.04798,0.99797,-0.01028,1.05609,-1.76409,0.01508,1.11013,-1.94331,-0.20152,0.34579,-2.08809,0.26224,0.48829,-2.24229,1.12392,-0.22290,-0.16844,1.58160,-1.97109,-1.03472,2.16329,-0.29390,-3.55916,-1.60704,-1.88846,-1.30956,-3.05325,-8.16856,-1.88307,1.59173,-8.81006,-3.00390
4.48000,4.05917,-0.04462,0.28547,0.01830,-0.04303,-0.06298,0.99692,0.00213,1.17558,-1.49521,-0.08499,1.16124,-1.51038,-0.28175,0.19630,-1.75689,0.25688,0.28914,-1.76957,1.24284,-0.01561,0.24533,-3.91646,-5.35152,-0.71197,2.78398,0.99229,12.50750,-1.53394,5.67004,3.76454,1.58438,2.47173,2.23749,-1.59913,1.19344,2.68203
4.52000,4.10551,-0.04516,0.28680,-0.03496,-0.11493,-0.07099,0.99022,-0.12866,1.05248,-2.10629,0.10809,0.96224,-2.19477,-0.17285,0.50513,-1.49261,0.19591,0.50893,-1.59006,1.06153,-0.01858,-0.00779,-0.55190,-2.38997,-0.20606,-5.83102,-9.15675,-8.83400,3.83051,-9.21194,-8.43489,-0.57051,7.93944,-5.85761,0.03337,8.76987,-7.19679
4.56000,4.14697,-0.04667,0.29073,-0.02893,-0.16896,-0.06240,0.98322,-0.25082,0.83673,-1.82926,0.14978,0.63001,-1.81667,-0.21854,0.85161,-1.70872,0.17979,0.84270,-1.80813,0.98507,-0.06519,0.17545,-0.11330,-1.25382,1.06392,0.97700,-0.15733,1.67509,-1.34849,-5.54068,1.18263,-0.32589,6.83049,-2.91193,0.21970,5.38319,-2.22181
4.60000,4.18691,-0.04912,0.29145,-0.02827,-0.18775,-0.04540,0.98076,-0.27004,0.69260,-1.77853,0.19191,0.36825,-1.73258,-0.19501,1.16473,-1.85966,0.10324,1.16217,-1.99620,1.02445,-0.05033,-0.09602,-0.02315,-0.43488,0.72087,-0.97361,-3.17142,-1.16052,1.37429,-2.98203,-1.02580,-0.34692,5.85099,-1.99007,0.33367,5.22948,-1.98785
4.64000,4.22924,-0.04963,0.28625,-0.02269,-0.19193,-0.03366,0.98057,-0.36535,0.52322,-1.50252,0.22788,0.24697,-1.67350,-0.22263,1.37748,-1.90820,0.09088,1.39447,-2.06812,1.08587,0.01017,-0.13118,-0.02260,0.84347,0.27908,-1.04627,-0.38556,0.70301,0.79316,-1.17240,-0.26489,-0.35065,3.16435,0.57828,0.03193,3.64984,-0.18476
4.68000,4.27449,-0.04888,0.28224,-0.02785,-0.17069,-0.02810,0.98453,-0.37082,0.46634,-1.32212,0.18214,0.25430,-1.50413,-0.21938,1.47462,-1.84533,0.10309,1.51686,-2.04204,1.18900,0.01994,-0.11406,-0.54062,1.91189,0.07122,0.53657,-0.08140,0.60771,-1.69055,1.90857,1.48091,0.73634,0.81489,2.86181,0.59250,1.58008,1.77538
4.72000,4.32529,-0.04835,0.27979,-0.04003,-0.12144,-0.02353,0.99151,-0.29505,0.48834,-1.20196,0.08305,0.36315,-1.26197,-0.16664,1.45288,-1.67217,0.12681,1.51736,-1.91130,1.35826,0.00517,-0.13133,-0.11572,3.07783,0.09255,1.55642,1.53011,1.10790,-2.62117,3.79862,2.31793,2.34865,-0.32140,4.67762,-0.04893,-0.97342,4.27359
4.76000,4.37921,-0.04961,0.27835,-0.02152,-0.05174,-0.01938,0.99824,-0.24806,0.59424,-1.26516,0.01067,0.53300,-1.48482,-0.10484,1.34193,-1.47443,0.08036,1.38749,-1.65578,1.25329,-0.06670,0.10265,1.09411,2.03445,0.00977,-1.29861,3.88114,-4.11681,-0.92205,4.00801,-4.55610,3.59061,-0.48517,1.50246,-1.76076,-1.12361,7.27973
4.80000,4.42986,-0.05314,0.28428,-0.04647,0.01638,-0.02100,0.99857,-0.19488,0.71235,-1.43305,0.07142,0.68782,-1.72921,-0.03320,1.12581,-1.19133,0.11304,1.19157,-1.35578,1.22670,-0.06931,0.11195,-0.81858,2.69258,-0.14313,0.78577,2.58589,-2.29572,1.09918,3.47511,-3.85220,0.36822,-2.30650,1.38695,-0.65986,-2.76528,3.23044
4.84000,4.47715,-0.05600,0.28589,-0.04567,0.07789,-0.02315,0.99565,-0.05212,0.84777,-1.71718,0.08155,0.81139,-1.87890,-0.06203,0.89387,-1.25448,0.08774,0.96878,-1.16111,1.13695,-0.07603,-0.04551,0.59277,2.58365,-0.28634,-0.49278,2.88477,-2.70137,-0.27975,3.20459,-2.89682,-0.39004,-5.15869,-2.22295,-0.48789,-4.05753,-0.79774
4.88000,4.52315,-0.06098,0.28763,-0.03762,0.08066,-0.03102,0.99555,-0.04817,0.97144,-1.67630,0.08419,0.96533,-1.83217,-0.05513,0.79407,-1.68083,0.12710,0.93333,-1.46469,1.18453,-0.16967,0.18005,0.97696,-1.95648,-0.81240,0.04525,3.04351,4.02699,-0.47896,3.64756,5.33396,-0.67929,-3.33101,-2.91392,0.94523,-1.67248,-1.83969
4.92000,4.56632,-0.06739,0.28577,-0.01299,0.05534,-0.04741,0.99726,0.06587,1.00649,-1.86308,-0.01249,1.03668,-1.88853,-0.14670,0.48624,-2.15338,0.18251,0.66022,-2.18235,1.08175,-0.15909,-0.21074,1.19218,-1.55078,-0.88127,2.63959,-3.10145,-1.41554,-2.08519,-1.48869,-0.55322,-3.42720,-7.92899,-3.68288,2.72609,-9.21200,-5.42929
4.96000,4.61091,-0.07136,0.28494,0.01236,-0.02092,-0.05868,0.99798,0.01257,1.06274,-1.50754,-0.06898,1.11935,-1.55791,-0.29544,0.20196,-1.98497,0.22726,0.33946,-1.81863,1.14917,-0.01524,0.20590,-1.73109,-5.70510,-0.20261,0.60403,2.24853,11.26320,0.44811,2.65022,9.69364,1.32239,-2.43070,0.41008,-0.63879,-4.55447,1.34695
5.00000,4.65551,-0.07170,0.28421,-0.01554,-0.10999,-0.06126,0.99192,-0.10220,1.04340,-1.97345,0.14143,0.94499,-2.08437,-0.19459,0.36481,-1.57246,0.15797,0.42977,-1.53873,1.11828,-0.01495,-0.17399,-0.40677,-4.57907,0.18861,-4.94856,-7.32307,-5.74963,2.90324,-9.21200,-7.31774,1.11733,8.44601,4.59298,0.70984,8.79070,-8.02396
5.04000,4.69416,-0.07258,0.28578,-0.00106,-0.17193,-0.05459,0.98359,-0.21522,0.85036,-1.77158,0.15481,0.66570,-1.80979,-0.23244,0.69293,-1.68590,0.12384,0.76702,-1.78583,0.82974,-0.02556,0.25293,-0.12423,-0.70621,0.33293,1.20550,0.69601,1.30636,-0.94666,-2.63025,0.92657,-0.26004,4.76432,-1.84623,-0.06153,4.44690,-1.64879
5.08000,4.72924,-0.07358,0.29061,-0.01952,-0.18688,-0.04754,0.98104,-0.19958,0.76351,-1.82564,0.19890,0.48209,-1.75284,-0.19518,0.95395,-1.80850,0.10087,1.06580,-1.96457,0.90754,-0.00075,0.03775,-0.93173,-0.40927,0.28818,-1.27799,-3.24393,-1.59237,0.52249,-2.89155,-0.93865,0.55096,5.07845,-1.81460,1.02392,4.79902,-1.93344
5.12000,4.76792,-0.07288,0.28873,-0.02481,-0.20064,-0.03511,0.97872,-0.32099,0.61820,-1.67575,0.21210,0.31261,-1.70401,-0.19865,1.21133,-1.90678,0.09630,1.33014,-2.07175,1.00008,0.03369,-0.07480,-0.43325,0.00413,0.41195,-1.59698,-0.76558,0.03628,0.75661,-2.50084,-0.78264,-0.05775,4.77715,-1.00012,0.54054,4.65918,-1.14374
5.16000,4.80956,-0.07038,0.28550,-0.02567,-0.19536,-0.02709,0.98002,-0.40253,0.51871,-1.48045,0.22049,0.24194,-1.63237,-0.21934,1.37476,-1.91320,0.09579,1.50378,-2.09164,1.07721,0.07643,-0.07472,-0.25472,1.18786,0.11750,-0.62201,-0.65789,0.35257,0.33565,-0.08608,0.23219,-0.18666,2.21594,1.38720,-0.03155,2.85010,0.71210
5.20000,4.85479,-0.06775,0.28421,-0.03288,-0.16470,-0.02082,0.98558,-0.38787,0.47563,-1.33114,0.17520,0.28288,-1.46586,-0.20567,1.43147,-1.81721,0.10676,1.57012,-2.01747,1.20119,0.05125,-0.05908,-0.37365,2.22192,0.26550,0.78790,0.33819,0.71764,-1.64371,2.31302,1.57186,0.91895,0.54844,3.24671,0.44070,0.23104,2.88902
5.24000,4.90647,-0.06617,0.28453,-0.03695,-0.10641,-0.01293,0.99355,-0.28447,0.52545,-1.23724,0.08020,0.41821,-1.24930,-0.14817,1.39052,-1.61876,0.11437,1.50104,-1.82927,1.38223,0.03054,-0.07165,0.53827,3.43897,0.29547,2.14178,1.80823,1.14955,-2.63606,4.16680,2.35008,2.96749,0.31464,4.86502,-0.99315,-2.16244,5.93656
5.28000,4.96035,-0.06637,0.28649,-0.01665,-0.02501,-0.01049,0.99949,-0.21343,0.61046,-1.31632,0.03237,0.57817,-1.55753,-0.10589,1.20564,-1.38231,0.05276,1.30701,-1.52268,1.24870,-0.04120,0.15966,0.25857,2.55599,-0.18905,-0.34494,3.14098,-3.63517,0.01570,3.56861,-4.26435,3.32199,-2.40479,1.21844,-1.54188,-0.80147,4.86659
5.32000,5.00932,-0.06799,0.28951,-0.04124,0.03946,-0.01548,0.99825,-0.12582,0.74531,-1.53066,0.08569,0.73676,-1.77667,-0.05136,0.98612,-1.15299,0.08145,1.10372,-1.27694,1.17314,-0.02588,-0.01621,-0.54398,2.62622,-0.29884,0.49461,2.73468,-2.93231,0.85391,3.58019,-3.85333,0.07558,-3.38386,0.04568,-0.25890,-2.99194,-0.10199
5.36000,5.05565,-0.06978,0.28809,-0.04553,0.07408,-0.02435,0.99591,-0.06142,0.88408,-1.64333,0.10948,0.88949,-1.84629,-0.05216,0.83004,-1.34037,0.08329,0.95201,-1.21798,1.14535,-0.05964,-0.03690,0.11328,0.54983,-0.69581,0.21635,2.95913,0.06188,0.31299,4.11032,0.09425,-0.07819,-4.02541,-2.21403,-0.06255,-1.01105,-0.03455
5.40000,5.09815,-0.07337,0.28603,-0.01072,0.07260,-0.03809,0.99658,-0.07675,1.02972,-1.65216,0.05427,1.02595,-1.78067,-0.10369,0.62157,-1.90197,0.11441,0.74565,-1.68529,1.04672,-0.12411,-0.02240,1.65311,-1.11688,-0.83782,-0.39954,3.27928,1.40158,-1.39034,3.05034,3.49458,-1.14360,-6.67269,-5.01042,2.65736,-8.51839,-5.00725
5.44000,5.14009,-0.07452,0.28723,-0.00158,0.02387,-0.04633,0.99864,-0.09680,1.11322,-1.43736,-0.01885,1.13878,-1.61592,-0.22097,0.27203,-2.07678,0.26518,0.39179,-1.98385,1.07771,0.03512,0.08341,-1.06210,-3.32412,-0.15037,0.48288,1.01172,8.22138,-3.06292,1.87553,2.44809,-1.80520,-6.57921,-1.87634,2.32858,-6.59479,-2.64913
5.48000,5.18058,-0.07312,0.28420,-0.01729,-0.02111,-0.05359,0.99819,-0.09753,1.02746,-1.64074,0.01138,0.95021,-1.82374,-0.24073,0.04131,-1.91025,0.20395,0.18728,-1.81701,1.05223,0.03592,-0.26943,-1.21688,-2.46294,-0.40612,0.04101,-5.79341,-2.49946,1.64223,-6.64743,-3.47247,0.12743,-0.00733,0.25547,-1.90677,0.72864,0.90648
5.52000,5.22519,-0.07243,0.27435,-0.01920,-0.09303,-0.05029,0.99421,-0.13194,1.02438,-1.32363,-0.00149,0.96759,-1.54590,-0.17925,0.34409,-1.45172,0.13932,0.46423,-1.61614,1.02227,-0.05337,-0.18905,2.07444,-2.79005,1.48122,-3.10430,3.90643,3.27338,-3.18532,3.98117,2.31290,3.35997,9.16880,4.04145,-2.24843,7.67038,-6.49149
5.56000,5.26443,-0.07361,0.27034,-0.01810,-0.12058,-0.04353,0.99158,-0.09786,1.07656,-1.84645,0.15071,0.74064,-1.88211,-0.19454,0.61928,-1.66392,0.13731,0.72478,-1.81757,1.00699,0.02945,0.11228,0.51466,-1.07967,0.14159,-0.20206,-5.35062,-4.41601,2.43715,-9.21117,-4.64341,-1.24074,5.77610,-3.13821,-0.95576,6.14826,-3.18049
5.60000,5.30788,-0.07172,0.27268,-0.01301,-0.15167,-0.03918,0.98757,-0.17463,0.76863,-1.97655,0.19593,0.49392,-1.75029,-0.23941,0.91273,-1.81308,0.09532,1.05323,-1.98861,1.12718,0.07234,0.06608,-0.96611,-0.97639,0.15736,-1.08312,-4.62073,-2.34171,0.12900,-1.49725,0.22307,0.09351,6.41113,-2.06406,0.65368,6.88020,-2.72773
5.64000,5.35470,-0.06864,0.27254,-0.02085,-0.16936,-0.02852,0.98492,-0.31997,0.59235,-1.70782,0.21441,0.33323,-1.69012,-0.24282,1.20772,-1.90412,0.10652,1.33095,-2.07755,1.19602,0.06664,-0.02328,-0.52400,0.14546,0.45013,-1.89006,0.22311,0.72488,1.08546,-3.16394,-1.04467,-0.00617,5.06939,-0.18382,0.57210,5.08442,-0.53292
5.68000,5.40336,-0.06537,0.27082,-0.02723,-0.15854,-0.02073,0.98676,-0.40151,0.51575,-1.49000,0.22590,0.25269,-1.60381,-0.24905,1.36452,-1.86863,0.11675,1.50333,-2.06418,1.23831,0.08360,-0.06951,-0.45842,1.49475,0.05660,-0.64225,-0.47553,0.44705,-0.01752,0.25237,0.47704,0.17858,1.86301,2.39385,0.16755,2.62260,1.57395
5.72000,5.45498,-0.06324,0.26963,-0.03588,-0.11929,-0.01316,0.99212,-0.37501,0.51108,-1.37781,0.15956,0.30855,-1.38112,-0.19224,1.42223,-1.74350,0.13565,1.53663,-1.94130,1.35145,0.03816,-0.07984,-0.05614,2.74225,0.32330,0.75785,0.74846,0.71505,-2.38478,3.07416,2.07788,3.21908,1.57591,3.02417,0.08510,-0.92912,4.29335
5.76000,5.51088,-0.06241,0.26951,-0.01855,-0.05217,-0.00733,0.99844,-0.26369,0.57124,-1.29232,0.07106,0.47180,-1.48073,-0.15325,1.33617,-1.52288,0.08619,1.41809,-1.68194,1.37409,-0.03381,0.01665,2.81589,2.73764,0.11575,-3.32664,4.91499,-6.91556,-2.49448,4.39633,-6.27538,1.71570,-0.09803,2.48237,-3.91328,-1.82871,8.38267
5.80000,5.56706,-0.06513,0.27387,-0.03987,-0.00655,-0.00715,0.99916,-0.22797,0.72441,-1.41451,0.12490,0.66205,-1.68796,-0.06015,1.23099,-1.28256,0.12104,1.30451,-1.38519,1.37081,-0.04856,0.16149,-0.57229,0.87418,0.02002,0.65833,3.49157,0.05266,0.68673,4.81917,-1.89137,1.52479,0.06407,1.71301,-0.95077,-0.45761,5.51161
5.84000,5.61895,-0.06736,0.28036,-0.03730,0.06087,-0.00745,0.99742,-0.06942,0.75212,-1.73480,0.11416,0.79025,-1.85898,-0.03806,0.94441,-1.08873,0.08888,1.02582,-1.13117,1.22799,-0.05388,0.06000,1.55439,3.71287,-0.18381,3.46692,-3.43881,-1.80304,-1.30301,2.56667,-3.54708,-0.74528,-6.38418,-1.86292,-2.17220,-7.58046,-1.11084
5.88000,5.66822,-0.07061,0.28531,-0.03214,0.08367,-0.01455,0.99587,-0.05122,0.87517,-1.75238,0.12232,0.93400,-1.84767,-0.02915,0.76932,-1.52044,0.09629,0.92485,-1.40937,1.26600,-0.08449,0.24356,-0.07102,-1.25219,-0.63281,0.80961,3.34307,3.55750,0.39459,3.90939,4.39776,-0.44498,-4.87938,-3.51695,0.91447,-0.93583,-1.39912
5.92000,5.71513,-0.07378,0.28625,-0.01158,0.06473,-0.02748,0.99746,0.07463,0.96721,-1.84061,0.01013,1.06338,-1.78221,-0.16162,0.48073,-2.11570,0.14433,0.66461,-2.08628,1.16803,-0.07761,-0.13502,1.06068,-1.12627,-0.60254,3.10154,-1.14402,-0.29593,-2.12387,1.95242,0.85361,-4.16028,-7.65637,-4.46877,2.75087,-9.21200,-5.44406
5.96000,5.76121,-0.07447,0.29262,0.00781,0.00077,-0.03563,0.99933,0.03438,1.07212,-1.57487,-0.03594,1.13968,-1.46077,-0.29947,0.18227,-1.97232,0.19795,0.33102,-1.89231,1.16618,0.05924,0.40941,-1.31157,-5.02011,-0.01157,0.28757,1.45262,11.59630,-0.20918,0.43735,10.03500,1.15572,-3.15014,0.18254,-0.12438,-5.32164,0.37704
6.00000,5.80607,-0.07197,0.29881,-0.02013,-0.07399,-0.03635,0.99639,-0.07024,1.05148,-2.00104,0.15212,0.96805,-2.02587,-0.22376,0.21020,-1.68378,0.16597,0.35429,-1.63229,1.16613,0.06425,-0.03008,-1.24038,-4.21929,-0.13715,-3.24961,-6.18478,-4.88511,3.94775,-9.21200,-6.89278,0.66457,5.32109,2.63943,-0.92968,6.28774,2.98287
6.04000,5.85049,-0.06986,0.29956,-0.00794,-0.15207,-0.02865,0.98792,-0.20388,0.87043,-1.73395,0.13381,0.70941,-1.70915,-0.19916,0.55413,-1.51503,0.08861,0.70818,-1.69193,0.96319,0.01308,0.07477,0.20795,-1.52506,0.59002,0.67103,0.22356,1.27524,-0.82915,-1.55895,1.09633,-0.77232,6.92221,-4.93627,-0.33048,6.28352,-3.84287
6.08000,5.89105,-0.06938,0.29817,-0.01269,-0.18344,-0.01821,0.98278,-0.18282,0.81493,-1.84612,0.18290,0.52493,-1.71505,-0.20293,0.87932,-1.73628,0.09283,1.02118,-1.88726,1.03707,0.03272,-0.05361,-0.22463,-1.13933,0.57088,-0.71735,-2.92429,-1.61094,1.03142,-4.25564,-1.70103,-0.38079,6.90394,-3.86641,0.36843,6.36678,-3.24127
6.12000,5.93425,-0.06720,0.29312,-0.00435,-0.20442,-0.00620,0.97885,-0.30140,0.62166,-1.73657,0.22902,0.31783,-1.69486,-0.24532,1.17129,-1.88517,0.07193,1.31468,-2.01992,1.09575,0.07090,-0.11897,-0.04590,-0.10886,0.31450,-1.47223,-2.29494,-0.65236,1.56784,-2.74927,-1.08561,-0.70169,5.26082,-1.59969,0.05185,5.35279,-1.52004
6.16000,5.97867,-0.06306,0.28912,-0.00740,-0.19539,-0.00352,0.98069,-0.39353,0.47310,-1.48948,0.25298,0.22844,-1.63799,-0.26924,1.32671,-1.89144,0.06851,1.49159,-2.03948,1.13519,0.11802,-0.07544,-0.65882,1.50627,-0.29592,-0.84199,-0.43721,0.61188,0.16389,-0.35932,0.12735,0.13471,1.62929,1.75545,0.14242,2.62195,0.94656
6.20000,6.02631,-0.05921,0.28670,-0.02888,-0.16443,-0.00274,0.98596,-0.38188,0.46806,-1.33003,0.18620,0.27362,-1.44923,-0.22962,1.39128,-1.80020,0.10450,1.57132,-1.97063,1.25439,0.08312,-0.11041,-1.09114,2.17956,-0.10269,0.46782,1.06010,0.93836,-2.24246,2.64487,1.82125,1.87784,1.27135,2.72168,1.05627,0.66120,2.65498
6.24000,6.07937,-0.05604,0.28395,-0.04461,-0.10314,-0.00193,0.99366,-0.30085,0.51519,-1.27122,0.08845,0.39992,-1.24137,-0.15611,1.35111,-1.61535,0.11820,1.51285,-1.79088,1.39915,0.07950,-0.15826,0.05913,3.67715,-0.23293,1.63809,1.01108,0.67301,-2.43011,3.67633,2.08440,3.36177,0.20386,3.89982,-1.41387,-1.83895,5.79802
6.28000,6.13427,-0.05562,0.28413,-0.01731,-0.02537,-0.00405,0.99952,-0.19956,0.62382,-1.35271,0.03222,0.56827,-1.54211,-0.11956,1.20506,-1.40823,0.04188,1.31434,-1.47993,1.28238,-0.06847,0.12651,1.33343,2.37646,-0.36037,-1.19699,3.65577,-4.36516,-0.76148,3.74951,-3.87376,3.39347,-1.18379,1.18159,-1.30655,-2.39370,5.74422
6.32000,6.18502,-0.05856,0.28759,-0.04491,0.04157,-0.01168,0.99806,-0.12590,0.74080,-1.52958,0.08881,0.74789,-1.79282,-0.05514,0.98629,-1.15810,0.07249,1.12061,-1.24507,1.21954,-0.04235,0.00339,-0.84734,2.77413,-0.31843,0.87474,2.74868,-2.97808,1.26010,3.66266,-3.86863,0.25279,-3.26554,0.44198,-0.16389,-2.73440,0.41779
6.36000,6.23242,-0.06159,0.28849,-0.03873,0.07613,-0.02049,0.99613,-0.03435,0.89703,-1.68465,0.09756,0.89371,-1.84914,-0.06690,0.86005,-1.40032,0.07348,0.94794,-1.24924,1.15915,-0.10696,0.05222,0.84817,0.46930,-0.77263,-0.24973,2.98268,0.27812,-0.26493,3.66082,1.07696,-0.11642,-3.96150,-2.44760,0.40328,-3.02152,-1.19988
6.40000,6.27549,-0.06614,0.28611,-0.00416,0.07979,-0.03408,0.99622,-0.05921,1.03766,-1.69673,0.04814,1.02747,-1.79160,-0.11517,0.63558,-1.96650,0.13549,0.73321,-1.81692,1.06353,-0.12594,-0.10436,1.45404,-0.46919,-0.82944,-1.10098,3.22115,1.04623,-1.08553,3.26928,2.33739,-1.46963,-6.87609,-4.95637,3.11258,-7.88597,-5.39926
6.44000,6.31895,-0.06739,0.29069,0.00612,0.02945,-0.04201,0.99866,-0.08148,1.11361,-1.45484,0.01031,1.12047,-1.53924,-0.24841,0.27298,-2.11424,0.27654,0.38946,-2.01310,1.13070,0.04792,0.28379,-0.81878,-3.89585,-0.10915,0.20552,0.33427,10.27100,-1.93036,1.69026,6.95749,-1.76829,-8.29405,-1.20329,1.29799,-5.74437,-2.20621
6.48000,6.36108,-0.06560,0.29346,-0.01635,-0.02139,-0.04701,0.99853,-0.05825,1.05912,-1.94434,0.10299,0.99191,-2.02050,-0.25852,0.00547,-1.87900,0.24293,0.26281,-1.92490,1.09315,0.04370,-0.10790,-0.94781,-2.93382,-0.24410,-0.36914,-7.33741,-5.01249,2.22517,-8.30411,-5.53855,-0.51399,-1.53070,0.32407,-1.17076,2.27122,0.92095
6.52000,6.40904,-0.06386,0.28837,-0.01605,-0.11068,-0.04448,0.99273,-0.09180,0.96872,-1.35331,0.05870,0.96093,-1.52108,-0.20019,0.29944,-1.48183,0.14432,0.49028,-1.51791,1.16562,0.00766,-0.28767,1.42608,-3.35603,1.16887,-1.79475,4.66385,3.86590,-3.14105,5.14407,4.27891,3.46110,9.21200,3.49466,-1.26059,8.08666,-7.52273
6.56000,6.45201,-0.06341,0.28040,-0.00357,-0.13881,-0.03498,0.98969,-0.10840,1.02186,-1.83302,0.15773,0.73191,-1.89723,-0.21521,0.59726,-1.64350,0.11962,0.77013,-1.74817,1.06748,0.03551,0.02198,0.26751,-0.81541,0.39767,-0.58579,-4.96347,-4.10498,2.48397,-9.21090,-5.18551,-0.96584,6.20354,-4.05845,-0.48786,5.86685,-3.29882
6.60000,6.49706,-0.06143,0.27841,0.00073,-0.16534,-0.02636,0.98588,-0.19514,0.73477,-1.90092,0.20954,0.45132,-1.70628,-0.25420,0.90834,-1.83381,0.07303,1.10328,-1.94205,1.15631,0.07717,-0.06926,-0.91989,-0.79208,0.19139,-1.01011,-4.12075,-1.91145,0.10316,-2.83642,0.26954,0.04859,6.70904,-3.00172,0.81865,6.74393,-3.00767
6.64000,6.54496,-0.05757,0.27398,-0.01406,-0.17576,-0.01805,0.98417,-0.32787,0.55463,-1.65918,0.22828,0.28894,-1.64823,-0.25745,1.17056,-1.92591,0.09908,1.37080,-2.03621,1.21871,0.10872,-0.09811,-0.89108,0.66991,0.07480,-2.05519,-0.39551,0.40876,0.96199,-2.55902,-0.82360,0.22345,4.41635,-0.16136,0.74777,4.53769,-0.41434
6.68000,6.59490,-0.05348,0.27035,-0.02700,-0.15648,-0.01207,0.98724,-0.39757,0.48229,-1.46511,0.21219,0.25677,-1.52910,-0.24994,1.31916,-1.89570,0.12190,1.51425,-2.00906,1.28167,0.09163,-0.10441,-0.72585,1.87817,0.06288,-0.36105,-0.29729,0.48141,-0.70820,1.34619,1.05544,0.60948,1.96979,2.19110,0.57714,1.74712,2.06381
6.72000,6.64876,-0.05075,0.26830,-0.03966,-0.10976,-0.00525,0.99315,-0.33713,0.49708,-1.34135,0.12410,0.36667,-1.27822,-0.18641,1.37308,-1.77065,0.14714,1.51548,-1.86323,1.41605,0.05978,-0.10775,-0.10307,3.14370,0.18443,1.49535,1.20747,0.98878,-2.76809,4.09738,2.49796,3.10586,1.43080,3.00964,-0.18992,-1.57838,4.95153
6.76000,6.70427,-0.05035,0.27138,-0.01465,-0.04888,-0.00371,0.99869,-0.23703,0.59381,-1.32823,0.06950,0.54727,-1.53134,-0.18629,1.29806,-1.54765,0.06803,1.39467,-1.58080,1.29130,-0.07439,0.22589,0.75334,1.72812,-0.29968,-0.52445,3.71666,-3.18754,-0.14660,4.09985,-3.04728,2.72340,0.06899,3.49055,-2.58203,-0.25482,6.48574
6.80000,6.75619,-0.05345,0.28107,-0.04162,0.01214,-0.00914,0.99902,-0.15405,0.71915,-1.48588,0.14045,0.70308,-1.72109,-0.08501,1.11415,-1.24406,0.08340,1.20372,-1.30864,1.25582,-0.05914,0.17501,-0.29892,2.56779,-0.14766,0.33161,2.73469,-2.22091,0.68080,3.36763,-2.98052,1.95374,-1.57302,2.44910,-1.43714,-3.05078,1.27557
6.84000,6.80476,-0.05575,0.28483,-0.03515,0.07418,-0.01086,0.99657,-0.09181,0.85994,-1.71337,0.11905,0.83292,-1.85630,-0.04722,0.86414,-1.17922,0.06500,0.97978,-1.10225,1.16713,-0.05561,-0.00542,0.42447,2.55114,-0.19389,0.22160,1.54141,-0.13255,-0.11246,3.13873,-2.41672,0.63633,-4.96178,-1.63548,0.06799,-3.40962,-0.39156
6.88000,6.85118,-0.06040,0.28659,-0.02003,0.08473,-0.02031,0.99600,-0.09834,0.98032,-1.69353,0.11024,0.97245,-1.81159,-0.05011,0.76467,-1.59138,0.11494,0.93268,-1.46217,1.18168,-0.16713,0.13753,1.07633,-1.13219,-0.97779,0.06423,2.97765,2.71165,-0.48183,3.27070,4.51310,-0.95126,-3.48409,-2.98158,1.62409,-2.92905,-2.68316
6.92000,6.89455,-0.06671,0.28387,0.00350,0.07055,-0.03941,0.99672,0.01949,1.06956,-1.79006,-0.02420,1.02671,-1.84902,-0.14440,0.47624,-2.11852,0.20075,0.64742,-2.17783,1.07338,-0.15905,-0.21531,0.49238,-0.73842,-1.12812,0.94332,3.25731,-0.35590,-2.26021,-1.66769,-0.52508,-2.61065,-8.03506,-3.93880,3.40002,-9.21200,-5.15122
6.96000,6.93879,-0.07000,0.28878,0.02051,0.00192,-0.05837,0.99808,-0.01208,1.17014,-1.53254,-0.06418,1.09290,-1.50099,-0.31005,0.12517,-2.15149,0.27403,0.30837,-1.92382,1.17561,0.00297,0.43749,-1.72331,-5.57107,-0.65682,0.66389,0.23252,12.97500,0.86846,1.53395,12.32850,0.27280,-6.54089,-0.76680,0.21788,-5.70173,0.66691
7.00000,6.98392,-0.06932,0.29640,-0.01616,-0.08150,-0.07130,0.99399,-0.08328,1.12357,-2.06915,0.16693,0.99033,-2.16631,-0.25222,0.15364,-1.70288,0.22178,0.30543,-1.66906,1.19346,0.01878,0.02362,-1.54756,-4.68782,-0.66170,-2.85225,-7.46569,-6.21563,4.30280,-9.21200,-8.68595,0.53752,7.80221,3.88960,-1.74137,5.84924,2.77305
7.04000,7.02859,-0.06930,0.29945,-0.00675,-0.17251,-0.07145,0.98239,-0.22337,0.93210,-1.73932,0.13611,0.75129,-1.84112,-0.21887,0.50853,-1.49937,0.12819,0.62667,-1.61321,0.92836,-0.05087,0.12546,0.05045,-1.97480,0.40025,0.48445,0.06591,1.62808,-1.13878,-0.98658,1.46730,-0.93187,7.22311,-5.36938,-0.41591,6.88594,-4.71233
7.08000,7.06718,-0.07139,0.30135,-0.02264,-0.21190,-0.06200,0.97506,-0.20539,0.83338,-1.83321,0.17233,0.54230,-1.75531,-0.21058,0.83377,-1.72223,0.15086,0.94617,-1.83746,0.97870,-0.02423,0.05094,-1.03179,-1.41208,0.51415,-0.88731,-3.81184,-1.91942,0.21083,-4.36423,-1.35713,0.24128,7.22756,-4.00843,1.13406,6.40356,-3.66492
7.12000,7.10838,-0.07147,0.30001,-0.02721,-0.24115,-0.04485,0.96907,-0.33735,0.63570,-1.73680,0.20285,0.32125,-1.77617,-0.22828,1.15129,-1.88859,0.14179,1.25864,-2.01370,1.04988,0.02402,-0.03587,-0.45709,-0.72614,0.63027,-1.99635,-1.91747,-0.64823,1.38419,-3.25017,-1.39030,-0.43428,6.44505,-2.37397,0.67635,5.85842,-2.27371
7.16000,7.15154,-0.06880,0.29913,-0.02550,-0.25010,-0.03344,0.96731,-0.45237,0.51246,-1.50281,0.23972,0.22287,-1.70934,-0.26992,1.37585,-1.93706,0.13234,1.49781,-2.08052,1.08958,0.09524,0.02489,-0.24238,0.69356,0.14310,-1.08480,-0.31444,0.55727,0.94475,-0.41109,0.02476,-0.60050,3.09448,0.98277,-0.09739,3.79927,0.14872
7.20000,7.19675,-0.06512,0.30049,-0.03552,-0.23306,-0.02796,0.97141,-0.47697,0.46293,-1.35519,0.22454,0.22941,-1.58041,-0.27106,1.48252,-1.86972,0.14697,1.62438,-2.04548,1.17532,0.08589,0.01590,-0.71682,1.58471,0.04797,-0.09553,-0.16071,0.42836,-0.95784,1.13542,0.95815,0.82898,1.63916,2.54283,0.65259,1.73376,1.86707
7.24000,7.24615,-0.06228,0.30379,-0.04069,-0.18608,-0.02015,0.98149,-0.46845,0.48852,-1.29457,0.15583,0.29933,-1.42185,-0.21194,1.49782,-1.71825,0.15075,1.60176,-1.89875,1.30584,0.06523,0.05319,0.20317,3.06373,0.22004,0.32273,1.12791,0.68816,-1.65273,2.54246,1.57407,3.45942,1.22719,3.53655,-0.81486,-1.71277,4.75378
7.28000,7.30137,-0.06040,0.30872,-0.03598,-0.10422,-0.01373,0.99381,-0.32811,0.56792,-1.22816,0.06131,0.45567,-1.33432,-0.11985,1.37535,-1.45361,0.11629,1.41553,-1.61171,1.44243,0.03665,0.00322,1.44981,4.36877,0.29164,3.22819,1.97935,1.21589,-2.89215,3.65683,1.72264,3.37898,0.23421,3.44535,-3.46994,-3.72368,8.76641
7.32000,7.35930,-0.05993,0.30505,-0.02432,0.00707,-0.01593,0.99955,-0.13551,0.61960,-1.35428,-0.01115,0.63672,-1.58388,-0.05033,1.07807,-1.23187,0.05219,1.14388,-1.26984,1.41351,-0.00002,-0.21254,-0.01107,4.88499,-0.40892,-0.37199,4.07584,-9.08998,0.06243,4.21763,-9.44775,1.48042,-5.23340,-1.15465,-1.04643,-1.76459,3.04705
7.36000,7.41403,-0.06157,0.29786,-0.03425,0.07129,-0.02497,0.99655,-0.08476,0.79122,-1.59606,0.01973,0.81788,-1.81364,-0.01920,0.90742,-1.44583,0.11060,1.09052,-1.24896,1.32595,-0.06560,-0.07106,0.17508,1.34081,-0.72438,0.14159,3.55836,-1.52416,0.29807,4.61640,-1.47095,-0.84679,-3.28342,-2.03866,1.26076,-0.78753,-0.35240
7.40000,7.46277,-0.06553,0.29568,-0.01168,0.08446,-0.04041,0.99554,-0.10057,0.93259,-1.62367,-0.00422,0.97581,-1.79601,-0.12232,0.67879,-2.07345,0.19688,0.87450,-1.87754,1.20753,-0.13989,0.02919,0.77661,-0.49462,-1.01352,0.00487,3.01832,1.64455,-0.22900,3.57427,2.99241,-2.56247,-7.73382,-5.29113,2.99307,-9.21081,-5.77263
7.44000,7.51050,-0.06842,0.30118,-0.01496,0.04966,-0.05477,0.99715,-0.08422,1.00597,-1.41064,-0.00078,1.08859,-1.59010,-0.26028,0.31469,-2.21890,0.31084,0.50831,-2.04768,1.17470,-0.01806,0.21402,-1.06159,-2.10469,-0.41227,0.79913,0.60064,7.55869,-0.91271,1.43696,4.51202,-1.30249,-9.21200,-0.61218,0.25137,-9.19972,-0.40894
7.48000,7.55546,-0.06882,0.30223,-0.02496,0.02131,-0.06516,0.99733,-0.07595,1.02199,-1.53587,-0.01810,0.92179,-1.91403,-0.30026,0.02942,-2.00403,0.24825,0.22017,-1.83860,1.16521,-0.00856,-0.17788,-1.09127,-1.66953,-0.36101,-0.23656,-1.66004,-1.49437,0.34241,-7.68428,-4.10950,0.35071,-0.21184,1.46579,-0.83494,-2.51385,0.19708
7.52000,7.60768,-0.06924,0.29368,-0.04321,-0.05600,-0.07450,0.99471,-0.07764,1.02125,-1.08664,-0.00576,0.96593,-1.49942,-0.25235,0.23523,-1.70752,0.17073,0.38571,-1.47209,1.36950,-0.02408,-0.34327,-0.95175,-4.91984,-0.38734,0.32851,3.53102,6.50981,-0.10291,6.68537,4.70483,2.08669,6.11277,3.22900,0.00169,15.45360,-16.33430
7.56000,7.65473,-0.07231,0.28251,-0.01579,-0.08996,-0.06672,0.99358,-0.17526,1.10329,-2.01186,0.11608,0.75500,-1.98305,-0.22165,0.55759,-1.46162,0.11085,0.69565,-1.73331,1.15672,-0.13556,-0.10435,0.76275,-0.95986,1.32140,-0.81318,-5.07183,-8.42512,3.96136,-9.20976,-5.77034,-1.07034,7.72582,-5.83328,-0.48818,5.71878,-3.31694
7.60000,7.70257,-0.07733,0.27663,-0.02146,-0.12202,-0.04541,0.99126,-0.16881,0.81979,-1.90149,0.20579,0.55931,-1.64077,-0.21449,0.91436,-1.69296,0.10548,1.04086,-1.94849,1.22121,-0.08428,-0.18988,-0.76855,-0.84072,0.77501,0.54580,-3.30044,-0.26429,-0.87108,0.66539,1.91756,0.47142,7.56976,-3.79626,1.32688,6.80700,-3.15843
7.64000,7.75341,-0.07864,0.26866,-0.02659,-0.12777,-0.02945,0.99101,-0.23074,0.64282,-1.65068,0.19389,0.42663,-1.60501,-0.21121,1.17565,-1.78240,0.13133,1.29954,-2.03080,1.32385,0.01109,-0.17692,-0.07881,1.01758,0.52003,-0.99147,-0.79225,0.36987,0.52946,-4.09089,-1.47696,-0.05463,4.00387,0.31120,0.31110,4.07215,0.15991
7.68000,7.80773,-0.07726,0.26177,-0.02961,-0.10248,-0.02209,0.99405,-0.23055,0.52487,-1.41047,0.14545,0.38574,-1.46659,-0.21096,1.29191,-1.71904,0.13846,1.43854,-1.98893,1.40202,0.04204,-0.22215,-0.29380,2.13567,0.13521,0.94317,-0.81143,0.58187,-1.62299,2.17496,1.58527,0.33482,1.05854,3.08337,0.14467,1.93103,2.24720
7.72000,7.86432,-0.07664,0.25915,-0.02678,-0.06393,-0.01586,0.99747,-0.19725,0.60493,-1.37532,0.09368,0.54983,-1.51379,-0.19045,1.31259,-1.55320,0.13084,1.46525,-1.83205,1.32765,-0.01871,0.16922,0.22803,0.77437,0.28396,-0.59140,4.41375,-1.77094,-0.48438,4.83407,-3.07995,1.87164,1.63606,3.58668,-0.06937,0.61724,4.80436
7.76000,7.91577,-0.07695,0.26754,-0.03474,-0.01267,-0.01523,0.99920,-0.17292,0.73803,-1.51746,0.10906,0.70261,-1.68903,-0.11992,1.17576,-1.29716,0.09158,1.35036,-1.60211,1.20446,-0.00240,0.18796,-0.34836,2.62831,-0.16635,0.16016,2.61174,-2.23888,0.50164,3.30333,-3.44972,2.76721,-2.55298,1.77497,-3.35910,-2.47997,1.98393
7.80000,7.96403,-0.07816,0.27508,-0.03482,0.05365,-0.01720,0.99780,-0.12634,0.84973,-1.68158,0.11272,0.81942,-1.82665,-0.04913,0.96190,-1.17926,0.07017,1.11462,-1.26324,1.18197,-0.04111,0.12587,-0.00610,2.60314,-0.31235,0.10209,2.34825,-1.61925,0.36189,2.98582,-2.09052,1.28329,-3.46036,-0.93657,-0.56534,-2.78723,3.40593
7.84000,8.00988,-0.08030,0.27757,-0.03046,0.09448,-0.02405,0.99477,-0.05413,0.97309,-1.78751,0.11849,0.94269,-1.87103,-0.04354,0.81048,-1.27800,0.08404,0.97149,-1.26845,1.11510,-0.06834,0.01414,0.41681,1.25866,-0.58286,-0.10512,2.63197,-0.13588,-0.05126,3.19830,0.15013,-0.42311,-2.72462,-1.35737,0.81702,-2.88394,-1.25081
7.88000,8.05262,-0.08318,0.27814,-0.01444,0.10380,-0.03483,0.99388,-0.07404,1.07338,-1.74624,0.09623,1.05821,-1.80740,-0.05698,0.71458,-1.79090,0.12115,0.83793,-1.66436,1.06792,-0.07486,0.05212,0.60819,-0.30884,-0.67984,-0.37699,2.15401,2.50222,-0.54019,2.54410,3.13575,-0.65399,-5.06213,-4.08617,1.23893,-4.89377,-3.67303
7.92000,8.09247,-0.08620,0.27705,0.00373,0.09153,-0.04743,0.99467,-0.09758,1.15990,-1.64804,0.06288,1.14856,-1.67097,-0.14981,0.36839,-2.20000,0.23599,0.52275,-2.18468,0.97772,-0.08386,-0.04887,0.73238,-0.90238,-0.75597,0.06459,2.14983,2.29348,-0.79802,1.89804,3.98889,-2.35633,-8.98400,-2.37470,3.05910,-8.02797,-3.76568
7.96000,8.13559,-0.08539,0.28657,0.00199,0.03747,-0.04893,0.99810,-0.10733,1.15994,-1.30792,0.00842,1.18128,-1.40604,-0.28236,0.09081,-2.05984,0.29038,0.22928,-1.96725,1.21164,0.12362,0.42819,-2.27534,-4.02718,0.81961,1.30431,-2.15538,14.32530,-2.84002,0.69881,3.95788,0.19269,0.60194,1.12917,-0.73493,-3.11374,0.42242
8.00000,8.17955,-0.08067,0.29420,-0.04747,-0.01219,-0.04107,0.99795,-0.06351,1.09212,-1.96006,0.11053,0.94097,-1.98113,-0.25772,0.02047,-1.78752,0.21915,0.25657,-1.81941,1.13973,0.11910,-0.02141,-2.37060,-2.79203,0.41203,-1.60509,-7.75950,-6.92513,2.79472,-9.21200,-5.52908,0.10762,1.24518,1.62442,-0.96557,4.42251,1.88427
