1.95500,0.00212,0.00071,0.14512,0.72634,-0.01159,-0.00740,0.68719,-0.04093,0.77860,-1.67987,-0.15349,0.90027,-1.67337,0.03276,0.89698,-1.77000,-0.00839,0.83843,-1.82574,0.11250,-0.03453,-0.14114,1.03557,0.70208,0.35154,0.05529,0.25503,-1.26810,0.02897,-0.67985,8.39245,-0.56616,-0.56183,6.09533,1.59834,-2.64399,5.73337
1.99500,0.00023,0.00081,0.14504,0.67084,-0.01492,-0.01705,0.74125,0.21559,0.93349,-1.27358,0.16586,1.14379,-1.21210,0.29192,1.14855,-1.27248,0.15461,0.89197,-1.27532,-0.07516,0.01141,0.00652,-6.00841,0.07199,0.19964,6.90636,-0.74380,19.84320,9.60000,9.21200,0.98710,9.37214,3.02768,17.22120,5.47911,-2.77761,19.33270
2.03500,-0.00410,0.00248,0.14424,0.62491,-0.01351,-0.01583,0.78042,0.38234,1.16718,-1.08958,0.37315,1.30332,-0.90199,0.48562,1.40767,-1.01134,0.15175,0.77278,-0.94349,-0.09598,0.03467,-0.01413,-4.58547,-0.08976,0.34982,4.05449,-0.34320,13.96670,7.66371,2.61209,0.00000,7.17330,3.37350,11.64270,2.36496,-9.20638,20.73080
2.07500,-0.00708,0.00946,0.14431,0.59387,-0.01609,-0.02593,0.80398,0.47803,1.50453,-1.63067,0.44811,1.28493,-0.94305,0.57641,1.64178,-0.93932,0.30447,0.66213,-0.95215,-0.02908,0.32470,0.08606,-1.01912,0.60043,-2.35863,2.73066,9.26067,-7.57338,-1.19702,6.55145,-14.30210,-0.03527,5.59559,-2.26695,4.07060,4.98528,-14.37240
2.11500,-0.00568,0.02431,0.14872,0.58214,-0.03579,-0.06969,0.80931,0.55623,1.72130,-2.12310,0.49572,1.21896,-0.93797,0.53187,1.90561,-0.94421,0.44223,0.56717,-0.93382,0.11686,0.47073,0.11539,1.02905,0.32207,-2.54407,-1.54459,2.65589,-8.77596,-3.38510,5.03820,-15.20470,-7.01114,9.21200,-6.99283,-0.15353,-0.13920,-7.21244
2.15500,0.00104,0.04442,0.14948,0.55515,-0.05980,-0.11832,0.82112,0.57131,1.80128,-2.38511,0.55654,1.10887,-0.91905,0.49210,2.27044,-0.93181,0.52606,0.54624,-1.01143,0.23808,0.56919,-0.07311,0.06386,0.01542,-3.08847,-3.30629,1.62919,-2.62794,-1.55484,-6.41475,8.34889,-5.75126,9.21200,0.04020,-2.03040,5.72419,-14.06400
2.19500,0.01056,0.06993,0.14468,0.50254,-0.08127,-0.16296,0.84516,0.59914,1.87560,-2.47307,0.55036,0.99008,-0.94486,0.50043,2.55790,-0.92516,0.56010,0.67679,-1.15966,0.22278,0.75574,-0.17665,-1.00271,-0.21884,-2.29516,-2.38020,2.31228,0.33156,-2.73822,-9.12777,12.65060,-4.25728,4.17970,0.00000,-3.71822,8.05162,-13.64520
2.23500,0.02005,0.10283,0.13876,0.44399,-0.10948,-0.20532,0.86529,0.65615,2.00175,-2.45699,0.52091,0.89888,-0.94376,0.49358,2.70715,-0.92535,0.54409,0.87363,-1.04222,0.24582,0.85893,-0.11441,-2.84404,-0.25278,-3.48651,1.73166,3.89007,-0.41991,0.18928,-7.14321,13.33600,-0.09076,-2.62656,12.76900,-1.82561,9.19445,-4.83389
2.27500,0.03412,0.13182,0.13543,0.34424,-0.12560,-0.23747,0.89963,0.78156,2.23858,-2.44018,0.53285,0.87448,-0.99681,0.39821,2.77489,-1.02094,0.53503,1.05838,-0.98685,0.38473,0.66745,-0.17238,-5.76874,1.94264,-1.23644,4.45200,7.72780,1.40318,0.95164,-5.86842,10.06180,-1.32537,-3.62774,8.44844,-1.99916,9.21200,-9.43181
2.31500,0.05009,0.16139,0.13205,0.25246,-0.13530,-0.23886,0.92785,0.80626,2.36014,-2.40193,0.50431,0.95994,-1.15059,0.37141,2.80265,-1.06722,0.51178,1.18948,-0.98464,0.38566,0.78304,-0.12574,-4.50055,0.99392,0.06234,0.00000,2.22109,-0.09945,1.48245,-3.27957,8.58551,-0.57736,-3.62359,8.06853,-2.18266,7.97900,-10.98240
2.35500,0.06628,0.19375,0.12474,0.18028,-0.12710,-0.22101,0.95000,0.76394,2.46955,-2.40064,0.49314,1.07364,-1.26915,0.39761,2.78286,-1.12243,0.58595,1.31109,-1.11597,0.42952,0.76564,-0.16539,-1.45851,1.19921,1.63905,-3.05967,3.08954,-0.75789,1.31859,-3.33196,8.95350,0.66057,-5.53619,7.54915,1.61742,1.40375,-4.70245
2.39500,0.08701,0.22103,0.11849,0.15577,-0.10507,-0.19368,0.96290,0.59528,2.52390,-2.35567,0.47793,1.19965,-1.54031,0.47028,2.78718,-1.54235,0.63094,1.36171,-1.25522,0.60295,0.54909,-0.20639,-1.53978,1.33192,1.12575,0.38161,1.89306,1.69502,2.41494,-2.76524,4.93589,4.43495,-3.65361,-0.77777,1.61670,1.37860,-2.39809
2.43500,0.11219,0.23981,0.10864,0.11581,-0.07171,-0.17116,0.97578,0.44393,2.51618,-2.28384,0.48983,1.32356,-2.03877,0.51596,2.76064,-1.88117,0.70944,1.38151,-1.30830,0.72353,0.35842,-0.31351,-1.62582,1.48309,1.44470,-3.57539,-0.29421,2.77534,-4.18149,6.14835,-18.22680,-1.85184,-3.42872,0.02744,2.42029,0.06210,-0.17473
2.47500,0.13825,0.25213,0.09300,0.06493,-0.01653,-0.13944,0.98796,0.39511,2.51016,-2.19734,0.45823,1.40536,-2.42984,0.52255,2.62680,-2.08278,0.75569,1.42475,-1.52625,0.62908,0.25083,-0.44305,-0.36804,3.60590,2.44139,-1.95744,0.70824,2.06070,-6.88056,5.67493,-13.37180,-1.89168,-5.57605,2.23940,0.26144,-3.85608,2.18630
2.51500,0.15513,0.26425,0.07424,0.03128,0.06128,-0.10385,0.99221,0.37681,2.62146,-2.26154,0.45706,1.46479,-2.68430,0.44116,2.47563,-2.34227,0.72023,1.41847,-1.85902,0.05777,0.27986,-0.13177,-4.51297,1.37627,1.28697,-2.80522,-2.87826,1.32933,3.40034,1.71823,-3.54216,-5.59374,-5.25741,-0.04803,3.28589,-6.29488,-1.00922
2.55500,0.15176,0.27209,0.07236,0.03845,0.04659,-0.10924,0.99218,0.38151,2.72772,-2.44776,0.39963,1.46321,-2.70348,0.22915,2.33831,-2.50072,0.65703,1.46582,-2.07438,-0.16454,0.10419,0.04829,0.57597,-0.09764,-0.32983,1.07509,1.87100,-1.89763,-0.99494,-1.39061,-0.00000,-2.46811,-1.36965,-0.52555,0.09008,-6.30875,1.16992
2.59500,0.14491,0.27537,0.07530,0.04760,0.05341,-0.11752,0.99049,0.37012,2.76883,-2.53510,0.39108,1.40153,-2.69874,0.12159,2.21929,-2.50643,0.52756,1.43862,-2.29907,-0.16776,0.05317,0.06436,-0.13685,0.46661,-0.19243,0.90958,0.82616,-1.43601,0.61699,-1.60848,0.00000,-0.99619,-2.64164,-0.07639,1.58705,-5.03771,3.18924
2.63500,0.13972,0.27850,0.07826,0.05011,0.05969,-0.12358,0.98927,0.33493,2.75641,-2.58485,0.39050,1.35774,-2.69637,0.05570,2.11087,-2.51351,0.45258,1.44174,-2.41156,-0.10810,0.05801,0.05828,-0.32851,0.39219,-0.19825,0.31245,-0.09192,-0.97907,0.64113,-0.95628,0.00000,-0.78204,-2.33526,0.21568,3.41427,-4.77243,5.65600
2.67500,0.13718,0.28219,0.08083,0.04982,0.06668,-0.13179,0.98778,0.27819,2.70796,-2.60852,0.39601,1.34526,-2.69675,0.03352,1.99730,-2.56369,0.42414,1.45053,-2.42483,-0.02484,0.08091,0.04358,-0.14633,0.39877,-0.45790,-0.80613,-0.84964,-0.47417,0.48845,0.09420,0.00000,-1.81744,-2.77681,0.75079,4.77226,-4.95672,8.20966
2.71500,0.13734,0.28659,0.08286,0.04389,0.07003,-0.14350,0.98619,0.22181,2.63642,-2.61717,0.40741,1.36663,-2.69527,0.03610,1.88454,-2.60346,0.42079,1.44752,-2.35855,0.01010,0.12061,0.02240,-0.66354,0.43345,-0.45170,-1.03534,-1.68647,-0.17381,0.77788,0.64513,-0.26215,-1.72020,-2.72854,1.00780,4.83567,-5.08604,8.24264
2.75500,0.13758,0.29232,0.08438,0.02342,0.07029,-0.15574,0.98502,0.18726,2.53994,-2.61801,0.43962,1.39758,-2.69741,0.06327,1.78024,-2.63106,0.44191,1.43056,-2.32551,-0.01573,0.17470,0.01993,1.15374,-0.67449,-0.70733,-3.44009,-1.37748,-0.17592,-2.50293,0.27842,-0.00000,-6.25724,-4.53321,3.41860,-4.21359,2.01916,-5.57470
2.79500,0.13539,0.29809,0.08845,0.00013,0.06375,-0.15938,0.98516,0.14618,2.39723,-2.59750,0.43689,1.38416,-2.69822,0.05531,1.70251,-2.61404,0.47772,1.42919,-2.35006,-0.10108,0.11272,0.11548,-0.98472,-0.09222,0.10838,-0.52261,-2.94356,0.39192,-0.20654,-1.10822,0.00000,0.22780,-1.30504,0.36577,0.59156,-0.11095,-0.56430
2.83500,0.13172,0.30541,0.09617,-0.01743,0.05100,-0.15468,0.98649,0.07973,2.22075,-2.54776,0.36718,1.34086,-2.69751,0.05482,1.64370,-2.60637,0.49045,1.42318,-2.37654,-0.11009,0.19754,0.17975,-1.06183,-0.45666,0.41228,-1.32997,-4.00928,1.31595,-1.61965,-0.53803,0.00000,0.18742,-0.89714,0.42548,0.57099,-0.37590,-0.68583
2.87500,0.12654,0.31525,0.10618,-0.02593,0.02837,-0.14501,0.98868,0.00022,2.03223,-2.50186,0.23276,1.26377,-2.68243,0.03748,1.62934,-2.59627,0.48537,1.40124,-2.40211,-0.13183,0.25160,0.26138,-0.91661,-1.17730,0.64720,0.51104,-5.04594,-3.32961,-3.08756,-1.86236,0.70510,-0.00990,0.08776,0.17258,0.34879,-0.44669,-0.72294
2.91500,0.12098,0.32472,0.11732,-0.02633,0.00082,-0.13006,0.99116,-0.10421,1.79542,-2.47325,0.08538,1.18358,-2.63635,0.02597,1.64872,-2.59628,0.50228,1.34761,-2.38956,-0.12689,0.22523,0.25862,-0.58344,-1.47558,0.50778,3.24043,-0.85755,-7.14739,-2.40835,-1.18327,1.73859,-0.44064,0.60778,-0.01571,5.59283,-6.32156,7.84681
2.95500,0.11420,0.33248,0.12884,-0.02922,-0.01797,-0.11786,0.99244,-0.11216,1.56780,-2.41316,-0.00099,1.10616,-2.57097,0.02575,1.62654,-2.57921,0.49731,1.28657,-2.37332,-0.19073,0.17742,0.28877,-0.58071,-0.80703,0.60048,-0.17746,-5.59799,1.39847,-1.39883,-1.86867,1.83614,0.43230,-0.70041,0.47843,0.50847,-1.35793,0.61416
2.99500,0.10469,0.34119,0.14257,-0.01491,-0.03543,-0.11111,0.99306,-0.17515,1.43640,-2.32097,-0.08785,1.02291,-2.46927,-0.00352,1.55775,-2.55978,0.42080,1.22187,-2.35513,-0.23511,0.21164,0.33636,-1.14867,-0.68349,0.12229,3.27819,-4.82317,-0.87767,-0.09372,-1.30748,2.34129,4.70096,-1.30672,-1.16753,0.02529,-0.97243,-0.01674
3.03500,0.09567,0.34609,0.15447,0.00223,-0.05045,-0.11295,0.99232,-0.15128,1.24405,-2.31895,-0.12198,0.96438,-2.35758,-0.05437,1.47995,-2.53059,0.34290,1.18347,-2.33300,-0.19645,0.02582,0.22443,0.24744,-0.67671,-0.30552,5.70033,0.91010,-6.76507,0.41978,-0.47670,2.31690,-0.72430,-1.47563,0.52265,-0.89541,-0.41343,0.42833
3.07500,0.08984,0.34422,0.16219,0.02990,-0.05330,-0.12435,0.99035,-0.14061,1.14459,-2.30385,-0.12160,0.94410,-2.28116,-0.12310,1.39730,-2.50067,0.25945,1.16018,-2.29152,-0.08766,-0.13721,0.12832,0.62611,0.01550,-0.67587,4.55456,2.40215,-5.94835,1.24123,1.16697,1.01232,-0.45702,-1.57933,0.58266,-0.77150,-0.14195,0.92756
3.11500,0.08819,0.33926,0.17018,0.04601,-0.03655,-0.13349,0.98931,-0.11909,1.10367,-2.30995,-0.12304,0.97268,-2.26674,-0.13565,1.29929,-2.43671,0.21508,1.10329,-2.20982,0.02549,-0.10073,0.24669,0.13388,0.66618,-0.20517,0.78520,-0.62671,0.30704,0.78011,-0.52448,0.88946,0.47311,-1.61611,1.78162,-0.25946,-1.05526,1.89402
3.15500,0.09119,0.33862,0.18283,0.02613,-0.02408,-0.13674,0.98997,-0.07093,1.07212,-2.25312,-0.12704,1.04176,-2.26301,-0.09411,1.23497,-2.33814,0.23187,1.07545,-2.14768,0.12386,0.04741,0.33427,-1.41431,0.76313,-0.05135,1.18398,-0.73218,2.03558,1.17643,-0.12177,0.85119,1.25066,-1.35860,2.72437,0.75606,-0.41142,1.24686
3.19500,0.09798,0.34226,0.19554,0.02564,-0.02592,-0.13524,0.99014,-0.09851,1.06393,-2.16633,-0.15195,1.05621,-2.20252,-0.11689,1.22469,-2.25961,0.19570,1.08198,-2.10662,0.19087,0.11020,0.28077,-0.13488,-0.03899,0.05956,-0.64814,-0.15915,2.04182,-0.60552,0.63202,1.24015,-0.56537,-0.21732,1.89888,-0.83016,0.32763,0.79465
3.23500,0.10576,0.34703,0.20766,0.02505,-0.02590,-0.13540,0.99014,-0.12540,1.05018,-2.08282,-0.17692,1.06028,-2.14597,-0.14562,1.20350,-2.17386,0.15460,1.09043,-2.06760,0.20268,0.11362,0.27413,-0.12953,0.03582,-0.02597,-0.50449,-0.29193,1.95747,-0.47725,0.17347,1.26586,-0.56816,-0.46655,2.03252,-0.84755,0.30029,0.86329
3.27500,0.11355,0.35101,0.21916,0.02371,-0.02522,-0.13541,0.99018,-0.14475,1.03531,-2.00335,-0.19504,1.06089,-2.09000,-0.16531,1.18139,-2.09077,0.12215,1.09411,-2.02401,0.19107,0.07737,0.25278,-0.11936,0.04076,0.02886,-0.33949,-0.26436,1.80576,-0.32084,0.06655,1.26035,-0.28820,-0.37738,1.82910,-0.57008,0.11464,1.01079
3.31500,0.12025,0.35334,0.22872,0.02207,-0.02605,-0.13368,0.99044,-0.15703,1.02533,-1.93285,-0.20641,1.05975,-2.03743,-0.17231,1.17213,-2.02704,0.10488,1.09555,-1.98324,0.14578,0.03664,0.19444,-0.08601,-0.03223,0.09890,-0.21335,-0.16317,1.46224,-0.19688,-0.01090,1.10381,-0.06046,-0.10867,1.27506,-0.26633,0.02453,0.88334
3.35500,0.12468,0.35436,0.23595,0.01958,-0.02705,-0.13026,0.99092,-0.16221,1.01684,-1.87656,-0.21116,1.05414,-1.99535,-0.16698,1.16913,-1.98317,0.10248,1.08985,-1.94817,0.08006,0.01457,0.14267,-0.10527,-0.05281,0.17116,-0.09713,-0.17264,1.14277,-0.08847,-0.15502,0.87023,0.16191,-0.00408,0.80671,0.01404,-0.15905,0.71781
3.39500,0.12628,0.35473,0.24110,0.01770,-0.02758,-0.12662,0.99141,-0.16382,1.00641,-1.83713,-0.21250,1.04241,-1.96489,-0.15739,1.16420,-1.95525,0.10631,1.07580,-1.91965,0.00709,0.00395,0.09596,-0.06372,-0.05852,0.14808,-0.02309,-0.24377,0.75572,-0.01325,-0.30708,0.63324,0.19590,-0.07588,0.43106,0.09626,-0.31079,0.52157
3.43500,0.12529,0.35485,0.24435,0.01651,-0.02778,-0.12476,0.99166,-0.16177,0.99323,-1.81489,-0.21005,1.02681,-1.94493,-0.14958,1.15367,-1.93979,0.11038,1.05901,-1.90055,-0.04956,0.00133,0.05506,-0.02308,-0.05712,0.04207,0.05259,-0.31028,0.37915,0.06811,-0.38016,0.41835,0.11052,-0.21352,0.16806,0.05804,-0.32742,0.28696
3.47500,0.12265,0.35495,0.24599,0.01637,-0.02838,-0.12483,0.99164,-0.15857,0.97961,-1.80582,-0.20622,1.01084,-1.93250,-0.14664,1.14126,-1.93495,0.11167,1.04499,-1.89173,-0.07749,0.00300,0.02234,0.01084,-0.06753,-0.03248,0.07115,-0.30952,0.12015,0.08885,-0.36726,0.25084,0.01502,-0.25075,-0.02520,0.00260,-0.26160,0.07835
3.51500,0.11949,0.35511,0.24642,0.01670,-0.02890,-0.12574,0.99150,-0.15551,0.96769,-1.80559,-0.20263,0.99701,-1.92712,-0.14637,1.12930,-1.93648,0.11162,1.03381,-1.88990,-0.07731,0.00493,-0.00059,0.01975,-0.04690,-0.04817,0.06002,-0.25144,-0.04170,0.07213,-0.29504,0.08722,-0.01669,-0.22841,-0.11724,-0.00876,-0.20697,-0.03842
3.55500,0.11670,0.35534,0.24611,0.01708,-0.02840,-0.12704,0.99134,-0.15282,0.95822,-1.81186,-0.19966,0.98657,-1.92879,-0.14726,1.11679,-1.93899,0.11083,1.02406,-1.89081,-0.05997,0.00582,-0.01336,0.02413,0.00633,-0.06148,0.05058,-0.18272,-0.16221,0.05621,-0.19847,-0.05948,-0.03891,-0.23459,-0.09947,-0.02644,-0.16425,-0.07370
3.59500,0.11478,0.35555,0.24549,0.01804,-0.02773,-0.12890,0.99111,-0.15140,0.95207,-1.82068,-0.19796,0.98060,-1.93264,-0.15119,1.10632,-1.94132,0.10740,1.01896,-1.89359,-0.03580,0.00401,-0.01499,0.04869,0.01549,-0.09222,0.03362,-0.10966,-0.19616,0.04018,-0.09397,-0.08194,-0.10367,-0.19967,-0.05727,-0.08790,-0.05779,-0.08481
3.63500,0.11388,0.35558,0.24482,0.01915,-0.02719,-0.13088,0.99084,-0.15041,0.94979,-1.82952,-0.19671,0.97918,-1.93668,-0.15601,1.09987,-1.94332,0.10325,1.01859,-1.89695,-0.01056,-0.00224,-0.01439,0.05328,0.02219,-0.08445,0.02432,-0.01495,-0.19695,0.02956,0.00667,-0.09327,-0.10083,-0.10977,-0.03531,-0.08699,0.02131,-0.06554
3.67500,0.11392,0.35538,0.24421,0.02005,-0.02676,-0.13239,0.99063,-0.14967,0.95134,-1.83712,-0.19580,0.98160,-1.94056,-0.15972,1.09821,-1.94512,0.10017,1.02148,-1.89981,0.01076,-0.00736,-0.01182,0.04175,0.02677,-0.05729,0.01611,0.06617,-0.16562,0.01870,0.08422,-0.09353,-0.06707,-0.01451,-0.01699,-0.05766,0.07225,-0.03663
3.71500,0.11466,0.35504,0.24381,0.02047,-0.02633,-0.13319,0.99053,-0.14907,0.95519,-1.84216,-0.19516,0.98613,-1.94374,-0.16141,1.09983,-1.94579,0.09883,1.02550,-1.90119,0.02418,-0.00847,-0.00569,0.01793,0.03007,-0.02305,0.00857,0.10293,-0.09540,0.00819,0.11666,-0.07129,-0.02158,0.04520,0.01755,-0.02000,0.08274,0.00268
3.75500,0.11575,0.35475,0.24370,0.02052,-0.02611,-0.13325,0.99053,-0.14916,0.95976,-1.84358,-0.19529,0.99106,-1.94518,-0.16159,1.10369,-1.94541,0.09873,1.02960,-1.90119,0.02848,-0.00596,0.00088,-0.00294,0.01993,0.00910,-0.00685,0.10335,-0.00824,-0.00910,0.11170,-0.02897,0.01035,0.08246,0.04022,0.00634,0.07569,0.02778
3.79500,0.11683,0.35460,0.24385,0.02022,-0.02612,-0.13269,0.99061,-0.14982,0.96362,-1.84160,-0.19606,0.99506,-1.94494,-0.16056,1.10823,-1.94415,0.09962,1.03274,-1.90023,0.02490,-0.00139,0.00578,-0.02180,0.00825,0.03406,-0.01920,0.07576,0.06576,-0.02301,0.08001,0.00757,0.03395,0.08948,0.05101,0.02647,0.05050,0.03768
3.83500,0.11766,0.35464,0.24419,0.01959,-0.02617,-0.13175,0.99074,-0.15070,0.96576,-1.83742,-0.19712,0.99722,-1.94379,-0.15858,1.11172,-1.94203,0.10123,1.03394,-1.89854,0.01648,0.00327,0.00866,-0.03508,0.00298,0.04742,-0.02343,0.03241,0.10907,-0.02841,0.03438,0.02813,0.04894,0.06485,0.05689,0.03891,0.01074,0.04099
3.87500,0.11811,0.35484,0.24458,0.01892,-0.02624,-0.13070,0.99089,-0.15180,0.96615,-1.83253,-0.19841,0.99752,-1.94222,-0.15653,1.11366,-1.93978,0.10283,1.03339,-1.89672,0.00661,0.00613,0.00870,-0.03421,-0.00248,0.04674,-0.02487,-0.00553,0.11449,-0.02955,-0.00647,0.03646,0.04517,0.03330,0.04683,0.03572,-0.02027,0.03338
3.91500,0.11819,0.35509,0.24492,0.01840,-0.02632,-0.12982,0.99102,-0.15278,0.96527,-1.82838,-0.19956,0.99646,-1.94077,-0.15490,1.11413,-1.93804,0.10407,1.03174,-1.89522,-0.00196,0.00610,0.00650,-0.02420,-0.00584,0.03498,-0.01922,-0.02843,0.08701,-0.02235,-0.03309,0.03313,0.03241,0.00500,0.02599,0.02570,-0.03756,0.02125
3.95500,0.11799,0.35529,0.24514,0.01815,-0.02642,-0.12933,0.99108,-0.15337,0.96384,-1.82586,-0.20022,0.99476,-1.93959,-0.15404,1.11356,-1.93720,0.10468,1.02991,-1.89434,-0.00739,0.00366,0.00354,-0.00838,-0.00897,0.01441,-0.00811,-0.03520,0.04297,-0.00850,-0.04221,0.02782,0.01220,-0.01463,0.00318,0.00946,-0.03590,0.00856
3.99500,0.11763,0.35537,0.24524,0.01818,-0.02651,-0.12926,0.99109,-0.15347,0.96235,-1.82521,-0.20028,0.99296,-1.93877,-0.15394,1.11228,-1.93713,0.10467,1.02829,-1.89389,-0.00965,0.00054,0.00110,0.00614,-0.00899,-0.00395,0.00285,-0.03215,0.00132,0.00489,-0.04084,0.02092,-0.00413,-0.02668,-0.01219,-0.00401,-0.02925,0.00257
4.03500,0.11725,0.35535,0.24525,0.01841,-0.02655,-0.12950,0.99105,-0.15315,0.96110,-1.82599,-0.19985,0.99142,-1.93829,-0.15435,1.11072,-1.93753,0.10427,1.02707,-1.89370,-0.00931,-0.00165,-0.00055,0.01411,-0.00693,-0.01548,0.01033,-0.02451,-0.02622,0.01359,-0.03261,0.01284,-0.01345,-0.03073,-0.01870,-0.01169,-0.02009,-0.00075
4.07500,0.11691,0.35527,0.24521,0.01870,-0.02656,-0.12990,0.99099,-0.15260,0.96021,-1.82748,-0.19918,0.99032,-1.93814,-0.15499,1.10922,-1.93809,0.10371,1.02633,-1.89373,-0.00731,-0.00216,-0.00145,0.01459,-0.00379,-0.01941,0.01272,-0.01633,-0.03675,0.01582,-0.02118,0.00397,-0.01654,-0.02884,-0.01741,-0.01411,-0.01036,-0.00433
4.11500,0.11668,0.35520,0.24513,0.01892,-0.02653,-0.13030,0.99094,-0.15204,0.95971,-1.82909,-0.19852,0.98975,-1.93833,-0.15560,1.10806,-1.93863,0.10319,1.02608,-1.89402,-0.00448,-0.00146,-0.00196,0.00964,-0.00039,-0.01678,0.01089,-0.00785,-0.03525,0.01284,-0.00860,-0.00598,-0.01411,-0.02143,-0.01296,-0.01156,-0.00151,-0.00879
4.15500,0.11656,0.35516,0.24503,0.01901,-0.02650,-0.13060,0.99090,-0.15163,0.95961,-1.83043,-0.19806,0.98973,-1.93881,-0.15607,1.10744,-1.93911,0.10284,1.02629,-1.89455,-0.00149,-0.00047,-0.00216,0.00352,0.00201,-0.01112,0.00680,0.00079,-0.02792,0.00741,0.00331,-0.01383,-0.00954,-0.01049,-0.00836,-0.00711,0.00636,-0.01234
4.19500,0.11656,0.35515,0.24494,0.01903,-0.02648,-0.13077,0.99088,-0.15146,0.95983,-1.83135,-0.19788,0.99010,-1.93941,-0.15640,1.10734,-1.93944,0.10261,1.02678,-1.89516,0.00099,0.00033,-0.00175,-0.00066,0.00300,-0.00525,0.00176,0.00695,-0.01735,0.00143,0.01110,-0.01575,-0.00577,-0.00090,-0.00290,-0.00396,0.01094,-0.01182
4.23500,0.11663,0.35518,0.24488,0.01899,-0.02646,-0.13081,0.99087,-0.15150,0.96023,-1.83179,-0.19795,0.99065,-1.93995,-0.15659,1.10758,-1.93955,0.10250,1.02734,-1.89564,0.00254,0.00072,-0.00090,-0.00303,0.00307,0.00000,-0.00216,0.00989,-0.00628,-0.00298,0.01373,-0.01275,-0.00181,0.00563,0.00232,-0.00104,0.01096,-0.00730
4.27500,0.11675,0.35520,0.24486,0.01893,-0.02644,-0.13076,0.99088,-0.15168,0.96068,-1.83181,-0.19816,0.99120,-1.94029,-0.15662,1.10801,-1.93947,0.10249,1.02780,-1.89586,0.00309,0.00072,0.00003,-0.00384,0.00235,0.00365,-0.00422,0.01007,0.00270,-0.00511,0.01240,-0.00703,0.00158,0.00900,0.00580,0.00132,0.00823,-0.00147
4.31500,0.11687,0.35523,0.24488,0.01887,-0.02643,-0.13066,0.99089,-0.15190,0.96106,-1.83151,-0.19841,0.99162,-1.94038,-0.15651,1.10847,-1.93926,0.10257,1.02808,-1.89582,0.00279,0.00051,0.00077,-0.00365,0.00125,0.00540,-0.00448,0.00813,0.00839,-0.00519,0.00861,-0.00096,0.00390,0.00935,0.00728,0.00289,0.00431,0.00356
4.35500,0.11696,0.35524,0.24493,0.01881,-0.02644,-0.13053,0.99091,-0.15209,0.96133,-1.83107,-0.19862,0.99186,-1.94027,-0.15633,1.10885,-1.93898,0.10271,1.02816,-1.89559,0.00195,0.00030,0.00121,-0.00305,0.00013,0.00553,-0.00356,0.00491,0.01078,-0.00398,0.00389,0.00379,0.00494,0.00741,0.00705,0.00357,0.00044,0.00649
4.39500,0.11702,0.35525,0.24499,0.01876,-0.02645,-0.13042,0.99093,-0.15221,0.96143,-1.83060,-0.19875,0.99189,-1.94004,-0.15611,1.10908,-1.93870,0.10287,1.02807,-1.89528,0.00088,0.00019,0.00132,-0.00239,-0.00074,0.00458,-0.00218,0.00136,0.01047,-0.00233,-0.00050,0.00637,0.00480,0.00423,0.00565,0.00345,-0.00255,0.00704
4.43500,0.11703,0.35526,0.24504,0.01871,-0.02646,-0.13034,0.99094,-0.15227,0.96140,-1.83020,-0.19881,0.99178,-1.93976,-0.15591,1.10913,-1.93847,0.10300,1.02788,-1.89497,-0.00012,0.00019,0.00116,-0.00181,-0.00125,0.00310,-0.00089,-0.00168,0.00828,-0.00084,-0.00374,0.00675,0.00380,0.00083,0.00369,0.00274,-0.00431,0.00570
4.47500,0.11701,0.35527,0.24508,0.01868,-0.02648,-0.13029,0.99095,-0.15227,0.96127,-1.82994,-0.19881,0.99156,-1.93953,-0.15577,1.10905,-1.93831,0.10310,1.02764,-1.89474,-0.00086,0.00025,0.00084,-0.00129,-0.00139,0.00152,0.00007,-0.00363,0.00507,0.00023,-0.00543,0.00551,0.00234,-0.00196,0.00169,0.00169,-0.00482,0.00338
4.51500,0.11585,0.35701,0.24478,0.01677,-0.02647,-0.12721,0.99138,-0.15786,0.95594,-1.82333,-0.20548,0.98618,-1.94469,-0.15229,1.10812,-1.93972,0.10658,1.02049,-1.89926,-0.05253,0.08069,-0.01732,-0.22123,0.00234,0.22667,-0.18832,-0.24889,0.30403,-0.23818,-0.20666,-0.22204,0.14157,-0.04519,-0.07310,0.15425,-0.22052,-0.29032
4.55500,0.11314,0.36099,0.24366,0.01111,-0.02726,-0.12303,0.99197,-0.16492,0.94287,-1.81184,-0.21445,0.97723,-1.95584,-0.14728,1.10417,-1.94372,0.10964,1.01259,-1.90984,-0.08145,0.11416,-0.03536,-0.26049,-0.01413,0.19926,-0.23656,-0.37581,0.30851,-0.30526,-0.27473,-0.31238,0.03767,-0.15776,-0.12206,0.07571,-0.20242,-0.51241
4.59500,0.10974,0.36546,0.24269,0.00779,-0.02820,-0.11877,0.99249,-0.15912,0.93789,-1.81437,-0.22945,0.96326,-1.96423,-0.14842,1.09634,-1.94694,0.10941,1.00092,-1.92577,-0.08508,0.11035,-0.01627,0.11768,-0.13578,0.23582,-0.63118,-0.36464,0.34750,-0.66849,-0.41799,-0.01138,-0.33879,-0.10605,-0.15390,-0.31802,-0.32942,-0.28592
4.63500,0.10669,0.36972,0.24276,0.00545,-0.03054,-0.11354,0.99305,-0.13603,0.94059,-1.82927,-0.24659,0.94753,-1.96153,-0.14986,1.09279,-1.94798,0.10797,0.98879,-1.93587,-0.06598,0.11090,0.01748,0.03022,-0.17276,0.30973,-0.28454,-1.11814,2.24642,-0.64047,-0.42638,0.25289,-0.21253,-0.00288,-0.00836,-0.22644,-0.32683,-0.13719
4.67500,0.10486,0.37383,0.24348,-0.00044,-0.03165,-0.10799,0.99365,-0.11381,0.94194,-1.82864,-0.25773,0.93531,-1.95881,-0.14315,1.08861,-1.94103,0.11341,0.97749,-1.94222,-0.02872,0.10433,0.02697,-0.38744,-0.05264,0.29877,-1.39998,-3.85923,8.66524,-0.24161,-0.23557,0.15423,0.24447,0.01464,0.20362,0.20733,-0.18342,-0.17238
4.71500,0.10467,0.37728,0.24451,-0.00814,-0.03113,-0.10259,0.99420,-0.10439,0.94135,-1.82511,-0.26417,0.92906,-1.95876,-0.13095,1.08520,-1.92810,0.12333,0.96843,-1.94430,0.01403,0.07993,0.03083,-0.04425,0.00857,0.27906,-2.19224,-3.88650,7.71902,-0.47861,-0.14352,0.12146,-0.04124,0.01360,0.27499,-0.10560,-0.22970,0.08798
4.75500,0.10721,0.37737,0.24605,-0.00966,-0.02991,-0.10140,0.99435,-0.10580,0.94529,-1.79528,-0.26431,0.93449,-1.95448,-0.12690,1.08693,-1.91481,0.12524,0.97034,-1.93526,0.10261,-0.05627,0.05766,0.32794,-0.01622,-0.03996,-0.14444,0.30309,0.07050,-0.07678,0.25346,0.36184,-0.20804,0.20802,0.27196,-0.26165,0.18545,0.50177
4.79500,0.11242,0.37263,0.24832,0.00393,-0.02822,-0.10601,0.99396,-0.11609,0.93945,-1.81872,-0.26697,0.94846,-1.93947,-0.14663,1.09327,-1.90495,0.10358,0.97913,-1.90502,0.15282,-0.16936,0.05429,1.25033,-0.03086,-0.33609,-2.45543,-3.90993,7.39315,-0.32248,0.38496,0.48288,-1.00826,0.17954,0.14306,-1.04850,0.20510,1.03565
4.83500,0.11899,0.36457,0.24968,0.01740,-0.02447,-0.11653,0.99273,-0.09921,0.95316,-1.84060,-0.25102,0.97285,-1.93089,-0.16434,1.09626,-1.89578,0.08495,0.99630,-1.87184,0.16171,-0.20754,0.03783,0.68108,0.08749,-0.54162,0.37224,0.72113,-0.88053,0.45768,0.59393,0.32845,-0.43684,0.07362,0.24435,-0.46321,0.44625,0.84992
4.87500,0.12463,0.35761,0.25078,0.02394,-0.02497,-0.12352,0.99174,-0.08187,0.98134,-1.85731,-0.23127,0.99661,-1.91427,-0.16817,1.11468,-1.89538,0.08114,1.02045,-1.85147,0.11498,-0.13438,0.02241,0.23403,-0.02645,-0.19413,0.29985,0.57161,-0.26747,0.33386,0.44454,0.31488,0.00365,0.40669,0.02294,-0.01041,0.38734,0.45710
4.91500,0.12783,0.35388,0.25201,0.02036,-0.02488,-0.12037,0.99221,-0.06796,0.99700,-1.84983,-0.21699,1.00659,-1.90584,-0.14350,1.13530,-1.89451,0.07084,1.02864,-1.86743,0.05059,-0.04803,0.02583,-0.32171,-0.04246,0.35628,0.19083,0.28144,0.46360,0.19239,0.13240,0.17770,0.76446,0.65423,-0.09524,-2.00461,1.52569,-4.45062
4.95500,0.12838,0.35283,0.25342,0.00909,-0.02387,-0.10565,0.99408,-0.06087,1.00133,-1.82259,-0.21142,1.00123,-1.90744,-0.08931,1.15859,-1.89535,0.06087,1.02081,-1.89089,-0.01734,0.00305,0.03270,0.25122,0.05726,1.00317,-0.87891,0.11025,0.42149,-0.91746,-0.50865,-0.02819,0.66190,0.53119,-0.16875,-1.95062,0.27726,-1.83502
4.99500,0.12647,0.35322,0.25483,-0.00061,-0.02303,-0.08471,0.99614,-0.07379,0.98922,-1.79199,-0.22126,0.98191,-1.91086,-0.03010,1.17924,-1.89997,0.06660,1.00669,-1.89630,-0.06296,0.02489,0.01895,0.24965,-0.28007,0.91697,-0.90599,0.05773,0.72148,-0.94012,-0.50193,0.35274,0.46781,0.87268,-0.57907,0.31767,-0.73243,0.30117
5.03500,0.12403,0.35378,0.25554,-0.00652,-0.02623,-0.07821,0.99657,-0.12142,0.91548,-1.77579,-0.21862,0.97106,-1.90263,-0.00699,1.18897,-1.90728,0.08759,0.99708,-1.89777,-0.05320,-0.00731,0.01218,-0.78227,-0.03675,-0.09137,1.90392,2.45325,-7.25661,0.87270,-0.05231,0.06039,0.78441,-0.11071,0.04706,0.81034,0.15354,-0.29858
5.07500,0.12212,0.35291,0.25636,-0.00542,-0.02365,-0.08543,0.99605,-0.14303,0.87851,-1.76373,-0.20549,0.96174,-1.89975,-0.01746,1.16134,-1.89645,0.07898,0.98955,-1.89025,-0.03192,-0.06012,0.00253,-0.26427,0.19597,-0.56005,1.95541,3.16911,-6.84908,0.91770,-0.00282,-0.11540,0.07193,-0.73265,0.29092,0.15355,0.08663,0.00834
5.11500,0.12158,0.34973,0.25554,0.00349,-0.01985,-0.09361,0.99540,-0.14562,0.88043,-1.75467,-0.19923,0.96062,-1.90515,-0.03673,1.14351,-1.89732,0.06168,0.98448,-1.87979,0.00371,-0.09695,-0.02407,0.09489,0.10428,-0.28132,0.43610,0.17820,-0.72201,0.47377,0.13037,-0.13947,0.05575,-0.11330,-0.12040,0.09081,0.06497,0.11393
5.15500,0.12225,0.34566,0.25388,0.00970,-0.01832,-0.09617,0.99515,-0.14311,0.89185,-1.78262,-0.19362,0.96749,-1.91247,-0.03817,1.15114,-1.91125,0.06085,0.98572,-1.87435,0.02363,-0.09359,-0.03088,0.23971,0.02395,0.00630,0.06404,0.39201,-0.58169,0.09183,0.15429,-0.12099,0.11897,0.30815,-0.32304,0.11084,-0.01164,0.17869
5.19500,0.12319,0.34289,0.25299,0.01146,-0.01861,-0.09648,0.99509,-0.13735,0.90423,-1.79624,-0.18716,0.97448,-1.91401,-0.03211,1.16367,-1.92155,0.06691,0.99088,-1.87262,0.02123,-0.04427,-0.01163,0.05579,-0.01533,-0.01942,0.09633,0.20884,-0.20337,0.10769,0.13156,-0.00613,0.08312,0.20420,-0.13799,0.08356,0.10882,0.03641
5.23500,0.12380,0.34213,0.25276,0.01103,-0.01937,-0.09706,0.99503,-0.13347,0.90880,-1.79807,-0.18312,0.97895,-1.91297,-0.02990,1.16977,-1.92468,0.06942,0.99720,-1.87474,0.00915,0.00321,-0.00151,-0.05273,-0.02482,-0.02325,0.04674,0.02748,0.04440,0.04437,0.06950,0.01389,0.00728,0.06248,-0.00807,0.01593,0.12582,-0.08211
5.27500,0.12390,0.34292,0.25273,0.00921,-0.02006,-0.09700,0.99504,-0.13282,0.90770,-1.79314,-0.18281,0.98061,-1.91321,-0.02951,1.17108,-1.92424,0.07013,1.00152,-1.87985,-0.00343,0.03329,-0.00152,-0.11698,-0.01483,0.02267,-0.02006,-0.07402,0.16410,-0.03447,0.01260,-0.04237,0.00553,-0.00915,0.03040,0.01156,0.06940,-0.15304
5.31500,0.12359,0.34449,0.25264,0.00709,-0.02046,-0.09605,0.99514,-0.13532,0.90397,-1.78610,-0.18600,0.98007,-1.91566,-0.02960,1.17011,-1.92309,0.07014,1.00261,-1.88590,-0.01129,0.04282,-0.00380,-0.11993,-0.00411,0.05780,-0.06936,-0.10740,0.18154,-0.08924,-0.02649,-0.08347,0.01048,-0.03562,0.02554,0.01126,0.00528,-0.16103
5.35500,0.12311,0.34608,0.25254,0.00574,-0.02058,-0.09489,0.99526,-0.13959,0.89972,-1.78007,-0.19093,0.97820,-1.91854,-0.03075,1.16793,-1.92190,0.06892,1.00131,-1.89058,-0.01197,0.03524,-0.00251,-0.07048,0.00014,0.04947,-0.08335,-0.09845,0.13675,-0.09921,-0.04395,-0.06437,-0.01575,-0.05000,0.02400,-0.01704,-0.02858,-0.10914
5.39500,0.12274,0.34714,0.25247,0.00544,-0.02042,-0.09403,0.99535,-0.14372,0.89675,-1.77688,-0.19551,0.97626,-1.92073,-0.03249,1.16566,-1.92086,0.06705,0.99898,-1.89261,-0.00604,0.01765,-0.00115,-0.01172,0.00733,0.03174,-0.06911,-0.04846,0.05348,-0.07685,-0.03253,-0.03927,-0.02416,-0.03670,0.01720,-0.02712,-0.04216,-0.03229
