0.04000,-0.01363,-0.00239,0.08893,0.01428,0.04236,0.00434,0.99899,-0.30375,1.13257,-2.72443,0.08760,1.14002,-2.78919,-0.06702,1.13917,-2.68280,0.09794,1.10686,-2.62599,-0.46492,-0.07166,0.58030,0.04772,2.45810,0.38716,-1.97929,-6.66537,1.87756,-0.23000,-8.65242,0.92089,1.56515,-7.85459,4.69183,0.27854,-8.39945,5.73570
0.08000,-0.03372,-0.00878,0.11812,0.05596,0.08742,0.00139,0.99460,-0.60737,0.81342,-2.52512,0.18790,0.83872,-2.59229,-0.21311,0.88691,-2.43163,0.03016,0.80324,-2.34478,-0.57353,-0.26761,0.84650,2.62451,1.74868,-0.09841,-7.59119,-6.92838,6.33827,1.26848,-7.27853,6.35064,-5.59708,-2.83194,6.80378,-1.60873,-7.50563,7.96145
0.12000,-0.05875,-0.01709,0.15360,0.06499,0.11892,0.01120,0.99071,-0.77380,0.53044,-2.23680,0.32449,0.48711,-2.29808,-0.34612,0.80107,-2.12417,0.13784,0.56452,-1.98369,-0.66519,-0.10467,0.84455,-0.78138,0.37014,1.03049,-1.29151,-5.35152,8.07188,1.47281,-9.06066,7.14623,-3.89107,1.30931,8.44971,9.58778,-0.27941,10.98510
0.16000,-0.08573,-0.01822,0.18740,0.03847,0.09045,0.02153,0.99492,-0.79957,0.30727,-1.73330,0.26187,0.33104,-2.06449,-0.39388,0.94005,-1.85736,0.45291,0.89654,-1.60200,-0.69900,0.06614,0.83379,-1.36786,-2.72393,0.53485,0.24025,-5.31095,15.82400,-2.35665,-2.47884,6.62673,-0.24934,3.55876,5.77741,4.11456,9.21200,4.10968
0.20000,-0.11687,-0.01317,0.22048,0.01290,0.03741,0.06903,0.99683,-0.69482,0.20505,-1.27835,0.17306,0.04585,-1.76258,-0.30431,1.29085,-1.57946,0.53519,0.76007,-1.27991,-0.83915,0.20628,0.76553,-0.28014,-2.98071,3.31734,0.82054,-2.86227,14.23060,-2.05491,-5.08910,2.06634,1.93103,9.21105,4.74336,1.95520,-4.06196,1.37526
0.24000,-0.15060,-0.00299,0.25149,-0.00008,-0.00211,0.14147,0.98994,-0.65917,0.19077,-0.86071,0.10822,-0.02795,-1.54801,-0.15764,1.32183,-1.45178,0.57891,0.52926,-1.15101,-0.82062,0.30947,0.70499,0.62807,-0.46361,2.98781,1.41242,6.66454,-0.00000,-0.74301,1.64861,2.15523,1.74788,-0.98294,1.03161,-1.90228,-5.37912,3.27515
0.28000,-0.18424,0.00992,0.27321,0.02115,-0.00193,0.16761,0.98562,-0.59104,0.20417,-0.87351,0.15420,0.18458,-1.39131,-0.17792,1.21856,-1.47227,0.43951,0.47189,-1.15008,-0.85753,0.32219,0.37656,0.50382,0.58200,0.27843,1.11135,-2.58245,-0.26480,1.41781,4.90644,2.28841,-0.32293,-3.82327,-1.93195,-3.04219,-0.71629,-0.55442
0.32000,-0.21739,0.02230,0.28189,0.00908,-0.00508,0.16854,0.98564,-0.51940,0.19160,-0.87678,0.17220,0.29528,-1.35727,-0.17129,1.12767,-1.46812,0.39438,0.43154,-1.20387,-0.80041,0.29259,0.06629,-0.72434,-0.71059,-0.17047,1.77803,0.20844,0.00000,-0.75345,-0.86170,0.12348,-0.03615,-1.20297,-0.44066,-0.54783,-0.24280,-2.52778
0.36000,-0.24828,0.03309,0.27985,0.00163,-0.01217,0.16576,0.98609,-0.48254,0.16180,-0.87848,0.12825,0.22223,-1.34475,-0.22825,1.05952,-1.48322,0.35783,0.41460,-1.30325,-0.73274,0.23896,-0.15934,-0.62784,-0.41470,-0.01274,0.77707,-0.84939,-0.01858,-0.75086,-1.72249,-0.39290,-0.90227,-1.41877,-0.69747,-0.37959,-0.58280,-2.56871
0.40000,-0.27603,0.04156,0.27088,-0.00694,-0.01128,0.16704,0.98586,-0.48315,0.11042,-0.88033,0.08755,0.14844,-1.38033,-0.26980,0.99769,-1.51216,0.33402,0.36986,-1.38553,-0.64477,0.17935,-0.28249,-0.78088,-0.12552,0.13037,0.03619,-1.01968,-0.00228,-0.63746,-1.79494,-1.18118,-0.50725,-1.29653,-0.88095,-0.04755,-1.16795,-2.07352
0.44000,-0.30013,0.04801,0.25871,-0.02304,-0.00637,0.16702,0.98566,-0.49235,0.05780,-0.88040,0.07003,0.07289,-1.43535,-0.29094,0.92931,-1.53365,0.33203,0.31498,-1.45669,-0.55147,0.14026,-0.32216,-0.84293,-0.02943,-0.09103,-0.11935,-1.14835,-0.02722,-0.22301,-1.73880,-1.17578,-0.48374,-1.46855,-0.62326,0.09581,-1.11625,-1.88740
0.48000,-0.32010,0.05325,0.24545,-0.03501,-0.00526,0.16209,0.98614,-0.50155,0.00806,-0.88050,0.06349,0.01239,-1.47449,-0.32077,0.87261,-1.54822,0.32803,0.28242,-1.53625,-0.44332,0.11537,-0.33193,-0.54666,-0.30196,-0.31457,0.03583,-0.94079,-0.02685,0.07023,-1.17487,-0.68001,-0.77205,-0.94008,-0.81914,0.02413,-0.40715,-2.19157
0.52000,-0.33601,0.05774,0.23267,-0.04165,-0.00870,0.15263,0.98737,-0.50519,-0.03583,-0.88064,0.06894,-0.02650,-1.49605,-0.36409,0.83061,-1.57320,0.31822,0.27275,-1.62118,-0.35154,0.10500,-0.29953,-0.05142,-0.27607,-0.54138,-0.14407,-0.96995,-0.03074,0.13529,-0.72764,-0.30065,-1.29594,-0.94925,-0.56527,-0.44558,-0.05257,-2.05171
0.56000,-0.34646,0.06934,0.22063,-0.02871,-0.01891,0.12718,0.99128,-0.52052,-0.07450,-0.88159,0.07011,0.00140,-1.51926,-0.48373,0.77466,-1.55618,0.24087,0.33842,-1.76762,-0.18276,0.44821,-0.29502,0.80802,-0.80684,-1.71501,0.04407,-0.64196,-0.07600,0.25664,1.82172,-0.93926,-3.63993,-1.83737,1.50728,-2.63217,2.87984,-4.91892
0.60000,-0.35173,0.09144,0.20844,-0.02161,-0.04307,0.09292,0.99451,-0.49755,-0.08259,-0.88231,0.07327,0.09596,-1.56809,-0.62430,0.70091,-1.47043,0.12373,0.47135,-1.98844,-0.09763,0.63146,-0.31734,-0.01392,-1.56460,-1.37440,1.17269,0.47105,-0.04825,-0.22998,2.55774,-1.51815,-2.82999,-1.27743,2.29296,-2.89665,3.30894,-5.78819
0.64000,-0.35352,0.11348,0.20467,-0.02209,-0.02708,0.08984,0.99534,-0.51654,-0.16160,-0.89097,-0.01407,0.09107,-1.67658,-0.62473,0.80869,-1.47744,0.01276,0.46085,-2.03935,-0.01180,0.47143,0.15741,-0.25488,0.27227,-0.05990,1.67709,-1.74333,-0.40830,-0.85329,0.06338,-0.21795,0.96112,2.85042,0.51433,-2.35097,0.15168,-0.26372
0.68000,-0.35203,0.13194,0.21456,-0.07801,-0.03077,0.08451,0.99289,-0.42951,-0.16017,-0.89529,0.03763,0.11891,-1.70292,-0.45846,0.86007,-1.45048,0.03976,0.49212,-2.06363,0.05281,0.49536,0.26342,-3.22950,-0.50869,-0.40647,-0.84427,0.99739,-0.08620,1.64683,0.82246,-0.81454,4.92264,1.17570,0.49557,0.94337,0.91311,-0.69493
0.72000,-0.35155,0.15541,0.22473,-0.10522,-0.02288,0.07394,0.99143,-0.53168,-0.23488,-0.89733,0.02317,0.13311,-1.72897,-0.27098,0.91002,-1.57036,-0.02062,0.50609,-2.05643,-0.02015,0.67825,0.25643,-0.85779,0.34216,-0.84088,-1.12958,-2.56150,-0.08729,-0.86646,0.30097,-0.42395,3.31971,-0.27435,-1.24421,-2.48574,0.24844,0.44815
0.76000,-0.35215,0.17952,0.23196,-0.14963,-0.03216,0.06289,0.98622,-0.47509,-0.30375,-0.89894,0.04744,0.17174,-1.73371,-0.15656,1.00096,-1.61184,-0.04576,0.54982,-2.08834,-0.02866,0.53632,0.10889,-2.04438,-1.00097,-0.17358,0.59678,-0.73276,-0.07594,0.34034,1.04945,0.16375,0.18560,1.90430,0.30639,-0.38801,1.26221,-1.16800
0.80000,-0.35246,0.19852,0.23374,-0.18052,-0.04223,0.06516,0.98050,-0.54527,-0.37371,-0.90207,0.02382,0.19784,-1.74515,-0.17309,1.23389,-1.64685,-0.06864,0.58138,-2.12268,0.00893,0.42251,0.03628,-2.47034,0.01042,0.01801,-1.22658,-2.16282,-0.07784,0.28323,-0.00708,-1.21078,0.35371,3.88728,0.64912,0.06812,0.20373,-0.57470
0.84000,-0.34755,0.21496,0.23627,-0.21469,-0.05217,0.06840,0.97289,-0.55118,-0.45237,-0.90688,0.02219,0.24646,-1.76679,-0.20005,1.24375,-1.63530,-0.06345,0.64166,-2.16051,0.21944,0.39814,0.08357,-1.36937,-1.16495,0.59692,0.72526,-0.90044,-0.07251,-0.27703,2.25306,0.05417,-0.04321,-1.36168,-0.62130,-0.16958,3.04850,-1.80108
0.88000,-0.33810,0.23028,0.23700,-0.24538,-0.06792,0.08110,0.96364,-0.52558,-0.43472,-0.90797,-0.02465,0.48749,-1.90576,-0.17882,1.21188,-1.65502,-0.05182,0.73461,-2.22083,0.22892,0.36217,-0.05260,-1.62914,-0.35901,0.82966,0.27614,1.00759,-0.03259,-1.02624,2.13319,-1.49544,0.31779,-0.29697,-0.09973,0.40520,1.73880,-1.35186
0.92000,-0.32726,0.24380,0.23245,-0.27430,-0.07717,0.10021,0.95329,-0.52883,-0.41780,-0.90953,-0.07699,0.59713,-1.98160,-0.19041,1.31594,-1.66461,-0.03622,0.81679,-2.29088,0.28849,0.31884,-0.15453,-1.89699,-0.15056,0.88677,-0.15751,-0.36414,-0.04924,-0.88162,1.74708,-1.98364,-0.29714,2.21624,0.57735,0.78559,1.80550,-1.71137
0.96000,-0.31405,0.25620,0.22480,-0.30733,-0.08431,0.12063,0.94015,-0.53123,-0.47453,-0.91067,-0.12490,0.71481,-2.06470,-0.21631,1.41160,-1.63781,-0.00718,0.91055,-2.37465,0.35195,0.30762,-0.20430,-1.83208,-0.12677,1.08103,-0.34986,-1.56489,-0.04860,-1.17746,2.25549,-2.07940,-0.26429,1.18878,0.40072,0.88665,2.31436,-1.95075
1.00000,-0.29836,0.26804,0.21519,-0.34393,-0.08803,0.14629,0.92334,-0.51613,-0.56923,-0.91152,-0.21299,1.01146,-2.18847,-0.23485,1.52667,-1.64965,0.04622,1.00924,-2.45625,0.42313,0.29666,-0.25881,-2.39390,0.13580,1.20698,0.12417,-2.02970,-0.03021,-1.72889,5.74518,-2.43706,-0.51228,1.86175,0.34236,1.88188,2.27195,-1.76372
1.04000,-0.27943,0.27925,0.20214,-0.38024,-0.08140,0.17894,0.90375,-0.49705,-0.67817,-0.91265,-0.25720,1.36381,-2.32621,-0.27402,1.77597,-1.71425,0.12518,1.09601,-2.52172,0.51763,0.29749,-0.37087,-2.50205,0.86728,1.18785,0.57993,-2.55096,-0.04309,-2.04835,8.55777,-2.76210,-0.81948,4.11311,0.55109,2.30795,1.89385,-1.24015
1.08000,-0.25349,0.29195,0.18261,-0.41890,-0.07888,0.20628,0.88077,-0.45437,-0.78494,-0.91425,-0.25598,1.72905,-2.62244,-0.32038,2.04974,-1.83061,0.19881,1.28639,-2.62632,0.75907,0.37285,-0.58430,-1.86833,0.22739,0.98886,-0.50799,-2.25819,-0.07545,1.10184,9.09328,-2.41754,-0.95535,3.38394,-0.31315,0.75888,6.90595,-2.98139
1.12000,-0.22459,0.30778,0.16432,-0.41599,-0.06519,0.23844,0.87513,-0.38669,-0.91332,-0.91567,-0.41480,2.08346,-2.72748,-0.35671,2.23354,-1.99860,0.21239,1.50095,-2.63911,0.71065,0.42201,-0.21940,-0.14662,1.50623,1.20711,2.54312,-2.87498,-0.02049,-6.02699,9.11746,-0.00023,1.71575,0.59004,-0.62840,1.61503,3.56027,1.35475
1.16000,-0.19314,0.32133,0.15390,-0.41959,-0.07098,0.26940,0.86390,-0.43422,-1.00963,-0.91576,-0.58615,2.44860,-2.66748,-0.38036,2.55049,-2.14669,0.30759,1.85975,-2.56426,0.79688,0.29126,-0.23647,-1.53827,-0.65013,1.33616,-1.74352,-2.55764,0.00000,-2.93660,9.21212,2.02546,-1.14325,5.45960,-0.14863,2.68011,9.21199,3.52256
1.20000,-0.16983,0.32441,0.15421,-0.47050,-0.09506,0.27611,0.83268,-0.46814,-0.99874,-0.88311,-0.48719,2.69526,-2.68148,-0.42108,2.48886,-2.32294,0.34872,2.13701,-2.36507,0.41940,-0.11393,0.10795,-3.47253,-2.07851,0.40275,0.67276,-2.02396,0.00005,6.45311,2.71326,0.93606,-0.25205,-4.20792,-2.26371,-1.47483,1.94563,2.15324
1.24000,-0.15739,0.31705,0.15599,-0.52163,-0.12007,0.27527,0.79857,-0.49489,-1.04476,-0.89288,-0.30643,3.01317,-2.71780,-0.44626,2.16129,-2.68575,0.37192,2.20385,-2.56182,0.24451,-0.18603,-0.06395,-0.74232,-1.24017,1.02390,1.91379,-3.45666,0.00000,1.42663,8.96288,-0.00000,0.02794,-6.06741,-3.49453,0.11410,-0.55780,-1.63307
1.28000,-0.14994,0.30754,0.14979,-0.50792,-0.15228,0.29692,0.79414,-0.46359,-1.04118,-0.90380,-0.31392,3.34261,-2.71350,-0.44295,2.47889,-2.67035,0.36483,2.22481,-2.60282,0.13015,-0.27907,-0.20189,1.80910,0.22714,1.54168,0.74071,-1.68409,-0.02834,-1.09137,7.51134,-0.00000,-0.45251,9.12213,0.39417,0.95308,4.83649,-1.73875
1.32000,-0.14458,0.29513,0.14331,-0.47825,-0.15174,0.30835,0.80819,-0.49276,-1.03513,-0.90522,-0.24378,3.05706,-2.68680,-0.49167,2.84680,-2.58709,0.39170,2.28362,-2.63877,0.10859,-0.31076,-0.17697,2.32303,2.64878,-0.26996,0.24701,-1.92464,-0.07078,2.64884,-9.10081,5.55237,-2.08846,9.12151,0.67165,-1.67081,-1.75211,-0.29406
1.36000,-0.14060,0.28145,0.14431,-0.39988,-0.10136,0.33798,0.84593,-0.64914,-0.70912,-0.90682,-0.10916,2.69857,-2.68381,-0.54539,2.87087,-2.40654,0.39706,1.94838,-2.60670,0.05983,-0.37760,0.09444,4.11265,4.65957,0.12213,0.21086,9.75267,0.00000,-0.18314,-7.82708,-0.68332,0.98498,-1.37144,0.68976,-0.37927,-9.07150,-1.33314
1.40000,-0.13769,0.26327,0.15034,-0.28851,-0.04260,0.36019,0.88612,-0.78833,-0.22362,-0.90686,-0.11439,2.33944,-2.70349,-0.34497,2.51686,-1.86752,0.26111,1.73710,-2.59951,0.04952,-0.57700,0.13423,4.31667,4.64933,-0.75566,-1.61599,8.12374,0.00000,0.06623,-8.74548,0.43232,3.30389,-9.06045,3.51118,-0.74409,-0.94343,0.40131
1.44000,-0.13493,0.23819,0.15256,-0.17581,0.01468,0.36537,0.91399,-0.79283,0.06692,-0.90686,-0.05640,1.97194,-2.69662,-0.25866,2.14993,-1.53726,0.23769,1.56236,-2.37594,0.06415,-0.67144,-0.11412,4.22124,4.68027,-1.09996,0.33442,3.82640,0.00000,1.85862,-9.21200,-0.00001,-0.20359,-9.15577,2.23060,-0.82169,-1.93006,1.58028
1.48000,-0.13586,0.21187,0.14381,-0.11927,0.01771,0.37785,0.91798,-0.81921,0.13142,-0.92892,0.05481,1.68695,-2.69052,-0.31037,1.82004,-1.38759,0.41644,1.56963,-2.10713,-0.22656,-0.64546,-0.18857,2.16736,-1.52513,2.25452,0.22042,-0.55724,5.32983,-0.45659,-4.97518,-0.06225,-1.48229,-5.29860,0.29311,5.60990,0.22686,-2.72773
1.52000,-0.14134,0.18109,0.14351,-0.10354,-0.00440,0.42823,0.89771,-0.81420,0.19698,-0.89982,0.04295,1.37349,-2.69069,-0.20483,1.59932,-1.18378,0.65326,1.34387,-2.05944,-0.01974,-0.88807,0.03205,0.86253,-0.08020,2.73110,0.00016,1.50536,0.00002,0.38354,-8.98959,0.70895,0.26297,-1.70523,0.91815,5.40496,-7.42552,2.45634
1.56000,-0.13896,0.14278,0.14939,-0.08609,-0.01153,0.46650,0.88025,-0.81353,0.21926,-0.90546,0.10087,1.01414,-2.57406,-0.16423,1.54565,-1.41150,0.79900,1.03635,-1.90450,0.05738,-0.97067,0.28212,0.90120,0.67080,1.43115,-0.00010,-0.21139,-0.49280,1.40879,-8.00992,3.66111,4.20953,4.15659,-6.26003,1.48835,-7.29038,4.71646
1.60000,-0.14089,0.10304,0.17047,-0.07136,0.00919,0.47774,0.87555,-0.81356,0.14024,-0.91516,0.16376,0.69512,-2.37845,-0.04902,1.53100,-1.56015,0.77180,0.73867,-1.67403,-0.09279,-0.99197,0.68930,-0.07615,1.74330,-0.28278,-0.00011,-3.20279,-0.10094,1.77449,-7.06430,6.01929,1.04771,-3.34662,-1.87897,-2.05960,-6.97313,6.51845
1.64000,-0.14457,0.06318,0.19609,-0.04101,0.03414,0.46928,0.88143,-0.81250,0.01493,-0.91639,0.21038,0.46582,-2.10477,-0.15463,1.37347,-1.55854,0.67843,0.50724,-1.42330,-0.08142,-0.96060,0.51835,2.22679,1.58172,-0.69296,0.24594,-1.62145,-0.37926,-0.94578,-4.90348,7.66442,-6.05512,-2.58483,0.86444,-2.86127,-3.00990,4.24434
1.68000,-0.14677,0.02858,0.20997,0.00476,-0.00145,0.46822,0.88360,-0.71644,0.05291,-0.91079,0.19119,0.48911,-1.95449,-0.27318,1.48439,-1.48685,0.61564,0.57205,-1.45744,-0.04531,-0.78579,0.20112,3.12205,-0.93249,0.11135,2.23701,3.41644,-0.91639,0.05014,1.28614,0.98423,-0.32424,5.85721,-6.40671,-0.10825,0.57490,0.10124
1.72000,-0.15116,0.00245,0.22118,-0.01337,-0.00716,0.46360,0.88592,-0.62999,0.03325,-0.91499,0.26225,0.36797,-1.72880,-0.19032,1.42925,-1.55147,0.62403,0.51517,-1.41237,-0.19220,-0.49403,0.32582,-1.93844,1.06777,-0.17934,-0.09165,-1.88456,-0.69482,0.82503,-3.50674,0.74529,1.49349,-5.42987,1.36116,-2.49012,-0.86597,-0.13465
1.76000,-0.15885,-0.01199,0.23149,-0.00705,0.00995,0.46019,0.88774,-0.64033,-0.00064,-0.91135,0.24085,0.29409,-1.65584,-0.20541,1.33210,-1.54571,0.55855,0.47531,-1.35472,-0.17580,-0.23272,0.18624,0.59996,-0.25281,-0.27930,1.12837,0.78553,-0.26085,-0.67114,0.81299,1.13838,-0.55892,-0.25695,-0.58576,-0.49018,-0.16234,0.29752
1.80000,-0.16612,-0.01774,0.23828,-0.00398,0.00808,0.44736,0.89431,-0.60488,-0.00921,-0.91380,0.25334,0.26796,-1.57871,-0.24910,1.26108,-1.51471,0.52887,0.47652,-1.35420,-0.19176,-0.05752,0.14509,0.06998,-0.13750,-0.82541,0.77863,-1.94443,2.01940,0.38792,-0.13911,1.33786,-1.23163,-1.76243,0.91035,-0.72355,0.59314,-0.64974
1.84000,-0.17319,-0.01813,0.24334,-0.00394,0.00834,0.43452,0.90062,-0.57943,-0.01901,-0.91556,0.26227,0.25984,-1.53953,-0.29484,1.18816,-1.46824,0.49664,0.49590,-1.37705,-0.16094,0.03145,0.10140,0.03860,0.05673,-0.46971,0.34257,0.58244,-0.62290,-0.15329,-0.11509,0.56958,-0.95960,-1.42972,1.10436,-0.78906,0.38595,-0.53404
1.88000,-0.17935,-0.01557,0.24693,-0.01099,0.00256,0.42876,0.90335,-0.54914,-0.00088,-0.91210,0.26803,0.26275,-1.52878,-0.30838,1.14211,-1.42184,0.48888,0.51858,-1.40959,-0.14045,0.08915,0.06977,-0.02790,-0.25897,-0.11114,0.37415,1.29355,-0.59579,-0.33435,0.11970,0.04346,-0.39229,-0.72494,0.96470,-0.34575,0.47193,-0.73488
1.92000,-0.18416,-0.01187,0.24857,-0.01269,-0.00225,0.42750,0.90392,-0.53865,0.02778,-0.91266,0.25358,0.27157,-1.53239,-0.32363,1.12490,-1.39281,0.47734,0.54096,-1.44281,-0.10126,0.08942,0.01815,0.05728,-0.18092,0.04801,0.09602,0.93848,-0.30828,-0.48379,0.20328,-0.24975,-0.30706,-0.16872,0.49891,-0.25511,0.43189,-0.72459
1.96000,-0.18722,-0.00903,0.24809,-0.01192,-0.00295,0.42677,0.90428,-0.54386,0.03987,-0.91507,0.23958,0.27976,-1.54735,-0.34037,1.11650,-1.37913,0.46490,0.55688,-1.46990,-0.06600,0.04981,-0.02162,-0.20735,-0.54305,0.04796,0.41142,-0.26194,1.01072,0.19604,0.23494,-0.37070,0.27168,0.08385,0.13319,0.42819,0.47900,-0.83427
2.00000,-0.18924,-0.00795,0.24691,-0.01317,-0.00190,0.42665,0.90432,-0.54999,0.03829,-0.91555,0.23491,0.28038,-1.56402,-0.34652,1.10884,-1.37422,0.46076,0.55987,-1.48450,-0.03907,0.00365,-0.03037,-0.11985,0.08156,-0.01436,-0.17804,-0.13281,-0.11107,-0.02776,-0.09715,-0.37600,-0.08403,-0.24641,0.06045,-0.07070,-0.09959,-0.16865
2.04000,-0.19073,-0.00810,0.24569,-0.01622,-0.00429,0.42637,0.90439,-0.54398,0.03836,-0.91522,0.24013,0.28054,-1.57147,-0.34457,1.11009,-1.37955,0.46749,0.56522,-1.49993,-0.04613,-0.01082,-0.01757,-0.16538,-0.63947,0.07171,0.63316,-0.25351,0.96013,0.38460,0.06247,0.02967,0.47851,0.34953,-0.27146,0.65541,0.31255,-0.59030
2.08000,-0.19241,-0.00925,0.24485,-0.01686,-0.00328,0.42632,0.90441,-0.54688,0.03234,-0.91611,0.23980,0.27195,-1.57455,-0.34628,1.10549,-1.38521,0.46685,0.55823,-1.50266,-0.04243,-0.04375,-0.01975,-0.10751,0.13373,-0.03443,-0.14430,-0.26801,-0.13817,0.04407,-0.33491,-0.09156,-0.04625,-0.30926,-0.08221,-0.06625,-0.34996,0.09708
2.12000,-0.19435,-0.01083,0.24397,-0.01857,-0.00518,0.42457,0.90519,-0.53934,0.02500,-0.91472,0.24765,0.26621,-1.57071,-0.34838,1.10215,-1.39384,0.47056,0.55993,-1.51392,-0.05641,-0.03509,-0.01876,-0.01147,-0.37908,-0.09342,0.54275,0.12613,-0.03487,0.30414,-0.02247,0.24094,0.04667,0.12282,-0.30543,0.28766,0.29670,-0.54073
2.16000,-0.19665,-0.01233,0.24302,-0.01793,-0.00608,0.42229,0.90627,-0.53682,0.01704,-0.91451,0.25045,0.26039,-1.56544,-0.35804,1.09750,-1.40257,0.46755,0.56267,-1.52656,-0.06457,-0.03769,-0.02137,0.06480,0.08345,-0.08778,-0.09239,-0.12343,-0.12377,-0.08020,-0.23322,0.09014,-0.29668,-0.18108,-0.17840,-0.19302,-0.08082,-0.19451
2.20000,-0.19921,-0.01368,0.24204,-0.01799,-0.00626,0.41992,0.90736,-0.53505,0.00909,-0.91630,0.25367,0.25360,-1.56318,-0.36735,1.08840,-1.40771,0.46401,0.56365,-1.53890,-0.05930,-0.03016,-0.03120,0.10524,0.20766,-0.17760,-0.22214,-0.22129,-0.25321,-0.07930,-0.16478,0.02096,-0.49951,-0.30426,-0.11847,-0.35376,0.00650,-0.25873
2.24000,-0.20205,-0.01452,0.24128,-0.01836,-0.00742,0.41774,0.90835,-0.53160,0.00435,-0.91548,0.25531,0.24861,-1.56076,-0.37655,1.07942,-1.40982,0.46043,0.56721,-1.55390,-0.08107,-0.01342,-0.00719,-0.06594,-0.31848,-0.05494,0.29251,-0.49919,0.92197,0.13424,-0.08601,0.11517,0.01895,-0.11308,-0.01859,0.15831,0.16994,-0.48356
2.28000,-0.20490,-0.01526,0.24085,-0.01560,-0.00484,0.41681,0.90885,-0.54197,-0.00276,-0.91455,0.24518,0.23857,-1.56010,-0.39079,1.06728,-1.40904,0.44698,0.56069,-1.55817,-0.06815,-0.02158,-0.00783,0.00534,0.10503,-0.00692,-0.14849,0.02574,-0.16496,-0.19399,-0.28524,-0.00107,-0.19281,-0.26995,0.01816,-0.20690,-0.23376,-0.04384
2.32000,-0.20734,-0.01590,0.24050,-0.01869,-0.00588,0.41543,0.90941,-0.53496,-0.00613,-0.91438,0.25077,0.23236,-1.56073,-0.39113,1.05497,-1.40522,0.44872,0.55950,-1.56737,-0.06250,-0.00896,-0.00186,-0.04834,-0.26130,-0.01893,0.36263,0.44624,-0.28635,0.07622,-0.07282,0.11083,0.04534,-0.06184,-0.00492,0.13339,0.11085,-0.34469
2.36000,-0.20946,-0.01627,0.24025,-0.01671,-0.00530,0.41478,0.90975,-0.53956,-0.00594,-0.91564,0.24333,0.22695,-1.55840,-0.40135,1.04886,-1.40530,0.44003,0.55796,-1.57323,-0.03986,-0.00972,-0.01279,0.10090,0.26976,-0.08106,-0.34463,-0.13001,-0.18817,-0.23401,-0.15621,-0.03540,-0.40337,-0.28284,0.04302,-0.39129,-0.12285,-0.02373
2.40000,-0.21134,-0.01626,0.24017,-0.01916,-0.00810,0.41342,0.91030,-0.52950,-0.00226,-0.91578,0.24791,0.22664,-1.55650,-0.40221,1.04238,-1.40140,0.44232,0.56391,-1.58576,-0.04693,0.00762,0.00066,0.09807,0.01242,-0.08970,0.01941,0.31718,-0.34799,-0.13380,0.00357,0.08834,-0.29894,-0.17528,0.10829,-0.23034,0.15061,-0.26470
2.44000,-0.21313,-0.01593,0.24026,-0.01618,-0.00844,0.41279,0.91064,-0.53370,0.00191,-0.91513,0.23756,0.22587,-1.55249,-0.41455,1.03944,-1.39953,0.43176,0.56776,-1.59383,-0.03916,0.00770,0.00191,0.07050,-0.00195,-0.00751,-0.01041,0.30498,-0.23761,-0.18090,-0.03186,0.04297,-0.17525,-0.07005,0.06166,-0.15437,0.04989,-0.16147
2.48000,-0.21451,-0.01587,0.24044,-0.01645,-0.00856,0.41335,0.91039,-0.53463,0.00526,-0.91442,0.23250,0.22175,-1.55258,-0.41583,1.03536,-1.39619,0.42915,0.56440,-1.59526,-0.03451,-0.00256,0.01110,-0.11523,-0.20159,0.11045,0.24865,0.46097,-0.22316,-0.01136,-0.13067,0.01673,0.25942,0.01338,0.04905,0.19981,-0.12788,-0.01556
2.52000,-0.21552,-0.01632,0.24080,-0.01763,-0.00775,0.41510,0.90957,-0.53646,0.00857,-0.91506,0.22785,0.21313,-1.55307,-0.41096,1.03193,-1.39422,0.42980,0.55288,-1.58814,-0.01779,-0.01714,0.00727,-0.04919,0.08607,0.08850,-0.11119,0.11334,-0.16790,-0.13615,-0.24016,-0.00334,0.07964,-0.09112,0.01398,-0.03294,-0.33748,0.25419
2.56000,-0.21612,-0.01689,0.24099,-0.02007,-0.00847,0.41559,0.90929,-0.53119,0.00961,-0.91533,0.23147,0.20821,-1.55180,-0.40435,1.02903,-1.39342,0.43500,0.54750,-1.58559,-0.02644,-0.00938,0.01534,-0.16213,-0.52890,0.09020,0.57693,-0.22803,0.95494,0.29662,0.00414,0.20156,0.50215,0.21458,-0.06837,0.54280,0.12224,-0.22099
2.60000,-0.21683,-0.01753,0.24113,-0.01704,-0.00639,0.41636,0.90902,-0.54036,0.00904,-0.91626,0.22168,0.20132,-1.54798,-0.41036,1.02808,-1.39623,0.42709,0.53922,-1.57911,-0.01400,-0.02047,-0.00299,0.01233,0.17200,-0.00186,-0.20205,-0.09384,-0.13002,-0.10409,-0.19171,0.00829,-0.10379,-0.15011,-0.01870,-0.15048,-0.24209,0.17831
2.64000,-0.21786,-0.01790,0.24125,-0.02131,-0.00997,0.41581,0.90915,-0.52555,0.01230,-0.91493,0.23139,0.20034,-1.54478,-0.40245,1.02542,-1.39464,0.43676,0.54209,-1.58605,-0.02986,-0.00035,0.00030,0.05442,-0.06765,-0.07488,0.14071,0.25308,-0.26295,0.00730,0.02421,0.12046,-0.14442,-0.07864,0.03158,-0.06920,0.15280,-0.22176
2.68000,-0.21894,-0.01779,0.24094,-0.01722,-0.01002,0.41453,0.90982,-0.53096,0.01335,-0.91583,0.22334,0.20203,-1.54023,-0.41707,1.02569,-1.39734,0.42595,0.54875,-1.59489,-0.02119,0.00428,-0.01599,0.17743,0.19004,-0.10004,-0.25899,-0.04237,-0.15444,-0.20294,0.03405,0.00421,-0.44018,-0.08902,-0.03160,-0.35176,0.12597,-0.18475
2.72000,-0.22017,-0.01757,0.24071,-0.01787,-0.01176,0.41386,0.91009,-0.52701,0.01662,-0.91583,0.22335,0.20291,-1.53996,-0.41995,1.02373,-1.39610,0.42552,0.55373,-1.60445,-0.03010,0.00423,-0.00645,0.03605,0.09672,-0.03792,-0.12036,0.11936,-0.25499,-0.13379,-0.05780,-0.05589,-0.20268,-0.17233,0.08817,-0.19618,-0.02131,-0.08891
2.76000,-0.22150,-0.01755,0.24075,-0.01798,-0.01182,0.41453,0.90978,-0.52872,0.01921,-0.91459,0.21787,0.19874,-1.54040,-0.42140,1.02075,-1.39399,0.42296,0.55019,-1.60594,-0.03203,-0.00293,0.00375,-0.01882,0.00026,0.06880,-0.02376,0.27036,-0.20902,-0.15842,-0.14638,-0.00617,0.01503,-0.05604,0.03957,-0.04112,-0.16160,0.03639
2.80000,-0.22253,-0.01797,0.24083,-0.01870,-0.01102,0.41580,0.90920,-0.53117,0.02054,-0.91488,0.21356,0.19134,-1.54131,-0.41897,1.01758,-1.39317,0.42262,0.54101,-1.60153,-0.02005,-0.01635,-0.00028,-0.02819,0.07903,0.06930,-0.11511,0.08701,-0.15511,-0.13254,-0.20896,-0.01363,0.02767,-0.06419,-0.02813,-0.04417,-0.27245,0.16970
