0.04000,0.00126,0.00378,0.40563,-0.03168,-0.04422,0.00062,0.99852,-0.04323,0.77171,-1.46227,0.06702,0.79372,-1.31126,-0.06352,0.87661,-1.63419,0.15365,0.91901,-1.72093,0.01031,0.20739,0.26923,-1.05873,-2.72805,0.18053,0.50108,-0.70954,6.53351,-1.93478,1.95822,2.55090,0.42186,3.25951,-0.74289,0.62626,3.88412,-2.22883
0.08000,0.00237,0.01149,0.41069,-0.01766,-0.07099,0.00336,0.99731,-0.12026,0.88736,-1.70350,0.12847,0.68429,-1.58095,-0.11794,0.95456,-1.65265,0.10293,0.99776,-1.76060,0.05079,0.17760,0.07141,0.96099,-0.67261,0.16287,-1.88406,0.25848,-1.14813,4.21143,-6.59994,-3.66881,-1.61716,0.95935,-0.14780,-1.59329,1.17172,-0.48657
0.12000,0.00613,0.01753,0.41264,0.00104,-0.08439,0.00583,0.99642,-0.13860,0.85944,-1.68541,0.17613,0.57310,-1.40868,-0.17788,1.00400,-1.66657,0.04561,1.05124,-1.78201,0.13133,0.11878,0.01535,0.11102,-0.12699,0.19076,1.08366,-0.79317,-0.07245,-0.71654,2.55846,1.75493,-0.43923,0.58999,0.16645,-0.42718,0.66693,-0.21408
0.16000,0.01173,0.02153,0.41080,-0.01151,-0.07055,0.01163,0.99737,-0.11882,0.80416,-1.59832,0.14524,0.67362,-1.35665,-0.15389,0.98482,-1.63447,0.06601,1.02997,-1.77204,0.15894,0.08210,-0.14526,-0.81912,1.34976,0.36730,-0.26500,0.01674,0.27578,-0.95088,1.44077,0.70300,1.00254,-0.97133,0.82413,0.82676,-1.38100,0.46099
0.20000,0.01844,0.02481,0.40459,-0.03057,-0.03106,0.01616,0.99892,-0.06621,0.75997,-1.52215,0.08852,0.75912,-1.30126,-0.11135,0.89677,-1.56630,0.09769,0.94387,-1.73151,0.19646,0.07959,-0.19818,-0.21699,1.96345,0.02394,-0.33532,0.72489,-3.70992,-0.04083,1.26852,-4.75477,0.48863,-1.63153,1.02223,-0.11372,-1.83595,0.89935
0.24000,0.02794,0.02666,0.40279,-0.03333,-0.00470,0.01496,0.99932,-0.06917,0.77988,-1.59950,0.09126,0.78775,-1.39139,-0.10135,0.84513,-1.50951,0.09302,0.89912,-1.68295,0.28408,0.01575,0.09319,0.04122,0.43254,-0.20985,0.06000,0.47043,-0.07955,0.02408,0.33145,0.35742,0.58843,0.05682,0.79141,-0.24547,-0.00163,1.19638
0.28000,0.03793,0.02584,0.40570,-0.01106,0.04050,0.01594,0.99899,-0.11237,0.78707,-1.71879,0.05433,0.82455,-1.46791,-0.07267,0.75071,-1.46007,0.04888,0.75645,-1.52573,0.24864,-0.04631,-0.00122,0.79385,2.76959,0.09768,-1.06404,0.11264,-3.49484,-0.24103,0.90334,-1.91572,2.61535,-1.89066,-0.34176,-0.64811,-4.26818,4.26120
0.32000,0.04747,0.02480,0.40813,-0.02194,0.09246,0.01538,0.99536,-0.09311,0.76765,-1.81961,0.07356,0.82270,-1.57936,-0.05401,0.59976,-1.30474,0.06786,0.60344,-1.36434,0.25705,0.00650,0.05298,-0.53489,1.39282,-0.15415,0.56292,-0.02803,-1.15395,0.62538,0.12674,-1.11037,-0.73699,-1.00334,1.44920,0.10237,-0.99966,1.99211
0.36000,0.05714,0.02566,0.40896,-0.02433,0.10986,0.01323,0.99356,-0.08951,0.78077,-1.84966,0.07905,0.83494,-1.60368,-0.08316,0.65574,-1.41283,0.06643,0.56817,-1.30164,0.22141,0.04239,0.00629,-0.30989,0.40454,-0.04800,0.22046,0.46742,-0.19704,0.23036,0.50297,-0.24612,-0.35087,0.59814,-0.25895,0.10258,-0.07258,0.68569
0.40000,0.06531,0.02698,0.40754,-0.02960,0.10835,0.01018,0.99362,-0.07744,0.81082,-1.84868,0.08915,0.86633,-1.59829,-0.08430,0.64055,-1.54138,0.02518,0.54308,-1.33944,0.19018,0.02583,-0.07116,-0.47999,-0.63834,-0.09440,0.59708,1.03576,0.44710,0.49125,1.09814,0.53965,0.13633,-1.80063,-1.19569,-1.04910,-1.13978,-0.53170
0.44000,0.07349,0.02711,0.40513,-0.03223,0.06328,0.00644,0.99745,-0.05978,0.88057,-1.76036,0.09558,0.92036,-1.48381,-0.09351,0.59585,-1.80817,0.03989,0.56770,-1.52306,0.20906,-0.01043,-0.04682,0.31996,-3.28259,-0.12072,0.06802,2.04616,3.35913,-0.27672,1.28308,4.50683,-0.70628,-2.49611,-1.86365,1.28073,-0.70359,-0.97289
0.48000,0.08095,0.02749,0.39908,-0.03458,-0.01007,0.00298,0.99935,-0.04642,0.96724,-1.62268,0.08880,0.97113,-1.35329,-0.13895,0.45683,-1.86304,0.08222,0.58753,-1.63729,0.16058,0.02387,-0.26066,-0.36631,-3.76356,0.05207,0.39864,2.26475,3.09256,-0.35555,0.78380,0.71307,-0.66164,-2.08601,-0.96355,0.44032,-0.07984,-0.43077
0.52000,0.08923,0.02899,0.38922,-0.02343,-0.08960,0.00645,0.99568,-0.07403,1.06271,-1.48749,0.05546,0.91662,-1.35035,-0.18190,0.62554,-1.67200,0.05180,0.83288,-1.71036,0.15264,0.00993,-0.13211,0.64002,-2.28082,0.49503,-0.80577,1.44087,2.04813,0.51112,-3.93483,-1.50132,-0.92320,4.53928,-4.21751,-0.45943,4.43545,-3.58308
0.56000,0.09643,0.02960,0.38544,-0.02707,-0.11548,0.00941,0.99290,-0.09193,1.04940,-1.81169,0.14455,0.72731,-1.48968,-0.18318,0.74255,-1.77167,0.06329,0.95595,-1.80652,0.21920,0.04059,0.00976,-0.22483,-0.63504,0.01033,-1.00803,-4.10725,-2.95675,1.22414,-3.31675,-1.86272,-0.18353,2.13437,-2.22019,0.15682,1.99655,-1.03633
0.60000,0.10729,0.03160,0.38664,-0.03692,-0.12261,0.00738,0.99174,-0.12598,0.86018,-1.87291,0.18642,0.62917,-1.45024,-0.17522,0.80755,-1.80494,0.07634,1.02911,-1.83561,0.33454,0.06483,0.05694,-0.42633,0.00474,-0.18773,-0.31890,-1.98476,-0.97029,-0.01821,0.01039,0.23473,0.19310,1.17119,0.09580,0.18279,1.42343,-0.16119
0.64000,0.12232,0.03361,0.38674,-0.04124,-0.11858,0.01028,0.99203,-0.16945,0.74875,-1.74954,0.16999,0.58329,-1.44149,-0.17031,0.86829,-1.81864,0.08356,1.07516,-1.83806,0.42362,0.03000,-0.05420,-0.25095,0.57755,0.25337,-0.23360,-0.47128,0.24586,-0.24021,-1.25811,-0.41900,0.25981,1.42181,-0.39349,0.36813,0.70813,0.14116
0.68000,0.13965,0.03447,0.38372,-0.03723,-0.09290,0.01670,0.99484,-0.19974,0.66696,-1.62050,0.14105,0.60784,-1.38912,-0.17270,0.88728,-1.81079,0.08062,1.05439,-1.79751,0.46235,0.00348,-0.13457,0.03266,1.93164,0.22203,0.16572,-0.58784,0.25606,-0.31188,1.99589,1.02652,0.15770,-0.22951,0.55058,0.07398,-1.33311,1.42909
0.72000,0.15757,0.03444,0.37987,-0.02977,-0.04988,0.01819,0.99814,-0.15577,0.65694,-1.53232,0.12339,0.66803,-1.45796,-0.18176,0.85365,-1.77338,0.06506,0.98074,-1.71545,0.43771,-0.03173,-0.04933,0.36042,1.70580,-0.29145,-0.34174,1.35346,-3.53108,0.04072,1.23653,-2.77969,-0.54324,-0.11059,-0.33271,-0.49062,-1.14126,1.87954
0.76000,0.17491,0.03325,0.38516,-0.03408,-0.00806,0.01048,0.99933,-0.13940,0.67918,-1.63719,0.15124,0.69029,-1.53642,-0.16432,0.77281,-1.66166,0.06547,0.88288,-1.57527,0.46449,-0.02150,0.23822,-0.00113,1.39977,-0.43850,0.35331,0.49725,-0.95103,0.38923,0.45061,-0.15368,0.20929,-1.42467,3.00641,-0.22262,-1.76551,3.63924
0.80000,0.19286,0.03166,0.39250,-0.02970,0.03767,0.00837,0.99881,-0.13205,0.71020,-1.73987,0.12558,0.73910,-1.61881,-0.13087,0.70837,-1.55168,0.05054,0.72155,-1.39879,0.45007,-0.04694,0.07689,0.06218,2.07457,-0.00335,-0.15249,0.73550,-2.27979,0.15368,0.39176,-1.89013,1.71327,0.39257,0.92572,-0.78133,-4.48200,1.32609
0.84000,0.21071,0.02965,0.39592,-0.02918,0.07791,0.00929,0.99649,-0.13409,0.73679,-1.82135,0.13485,0.75190,-1.68444,-0.11074,0.64560,-1.44088,0.05198,0.60103,-1.23580,0.45370,-0.04582,0.05229,-0.00872,1.19702,-0.01541,0.08604,1.10917,-1.22326,0.21717,0.75326,-0.78186,0.56352,-0.05482,1.61198,-0.37830,-0.98327,2.51869
0.88000,0.22742,0.02745,0.39686,-0.02548,0.08764,0.00707,0.99580,-0.12989,0.79089,-1.84849,0.13838,0.79129,-1.68217,-0.08999,0.63271,-1.45402,0.00711,0.55905,-1.25030,0.37925,-0.06317,0.00191,0.06868,-0.25688,-0.19373,0.38949,1.54995,0.01392,0.22123,1.21806,0.86282,0.40255,-0.78134,-0.37096,-0.65837,-0.68049,-1.10484
0.92000,0.24169,0.02448,0.39495,-0.01940,0.06327,0.00326,0.99780,-0.11999,0.87297,-1.81855,0.13664,0.85287,-1.60910,-0.08871,0.64096,-1.62558,0.01447,0.54402,-1.42795,0.32641,-0.07725,-0.07783,0.46097,-1.85739,-0.21233,0.11446,2.24770,1.25771,-0.22899,1.62902,2.51099,-0.43963,-1.06973,-1.02402,0.85191,-1.69007,-1.31565
0.96000,0.25377,0.02277,0.39183,-0.02193,-0.00054,0.00123,0.99976,-0.09634,0.96646,-1.69257,0.13892,0.92650,-1.45540,-0.12059,0.61186,-1.82953,0.09572,0.55457,-1.63695,0.26393,0.00139,-0.07208,-0.10704,-3.81795,0.07524,0.33233,2.09707,4.17536,-1.03461,1.55654,3.86891,-1.15737,-2.01828,-1.48141,1.41080,-0.78445,-1.11213
1.00000,0.26453,0.02353,0.38540,-0.02590,-0.07984,0.00035,0.99647,-0.08512,1.05290,-1.53422,0.09017,0.90585,-1.44828,-0.14549,0.59748,-1.70911,0.09483,0.75218,-1.66160,0.21152,0.00282,-0.22100,0.50340,-3.05751,0.27471,-0.56759,1.98693,2.28118,-1.15987,-3.24320,-1.22113,-1.26264,4.28074,-4.41852,-0.32301,6.17882,-5.36095
1.04000,0.27231,0.02527,0.38166,-0.02497,-0.10922,-0.00481,0.99369,-0.10634,1.03687,-1.66895,0.12099,0.74184,-1.48877,-0.16706,0.70772,-1.80192,0.08432,0.89940,-1.77638,0.19476,0.08948,0.06198,-0.10529,-0.12159,-0.60418,-0.49960,-2.91005,-1.72695,1.04422,-2.24206,-1.08098,-0.38832,0.30347,0.46932,-0.48570,1.43751,-0.50952
1.08000,0.28314,0.02869,0.38362,-0.03978,-0.11513,-0.01294,0.99247,-0.09071,0.93978,-1.76600,0.14115,0.67957,-1.39895,-0.15665,0.75152,-1.80056,0.09415,0.97943,-1.81283,0.33792,0.09004,0.04386,-0.78981,-0.14444,-0.20866,-0.00198,-1.39580,-0.84411,-0.69635,0.38552,0.59693,0.41909,1.44379,-0.08953,0.45436,1.83686,-0.68918
1.12000,0.29850,0.03184,0.38316,-0.05140,-0.11135,-0.01010,0.99240,-0.13930,0.84641,-1.76180,0.14709,0.60108,-1.41223,-0.14370,0.82468,-1.81756,0.11078,1.03396,-1.83025,0.43823,0.06897,-0.05109,-0.43190,0.50919,0.25554,-0.90131,-1.12397,-0.49323,0.51827,-2.48507,-0.99938,0.25826,1.55793,-0.37537,0.38240,0.99803,-0.17193
1.16000,0.31715,0.03442,0.38022,-0.04955,-0.09369,-0.00356,0.99436,-0.18053,0.72726,-1.67202,0.13576,0.59177,-1.37826,-0.15241,0.87047,-1.82329,0.10455,1.05078,-1.81706,0.50396,0.04984,-0.11309,0.04070,1.39966,0.23169,0.23531,-1.44611,-0.16478,-0.20368,1.62629,0.83692,-0.09257,0.63257,0.19012,-0.09204,-0.18215,0.71985
1.20000,0.33669,0.03646,0.37609,-0.04306,-0.05290,0.00019,0.99767,-0.14036,0.62916,-1.49952,0.10444,0.66203,-1.37981,-0.16517,0.84854,-1.78024,0.08536,0.99505,-1.75058,0.49772,0.02309,-0.10820,1.16068,2.09023,0.04774,1.47433,0.17150,1.05556,-1.17330,1.47668,-4.00086,-1.14447,-0.58334,0.94258,-1.32639,-1.54351,2.03631
1.24000,0.35670,0.03594,0.37581,-0.03172,-0.01556,-0.00151,0.99938,-0.09714,0.68408,-1.55783,0.08841,0.70884,-1.48937,-0.18084,0.81927,-1.71931,0.05916,0.93548,-1.65293,0.50343,-0.04267,0.09817,-0.33351,1.02010,-0.25852,0.58229,1.14032,-1.15956,0.63987,1.11471,-0.80428,0.57436,-0.05681,1.56604,0.31501,-0.35666,2.02273
1.28000,0.37553,0.03495,0.38015,-0.03505,0.02946,-0.00556,0.99894,-0.08569,0.71001,-1.66193,0.10619,0.73153,-1.57743,-0.16105,0.73232,-1.59161,0.05199,0.80870,-1.51913,0.47380,-0.01204,0.06796,-0.11277,2.08348,-0.20655,0.11686,0.64531,-2.29331,0.32572,0.65090,-2.13115,0.37196,-1.90162,2.93802,-1.06996,-4.13500,1.07705
1.32000,0.39468,0.03333,0.38418,-0.02847,0.07859,-0.00275,0.99650,-0.10409,0.73197,-1.75971,0.09815,0.73741,-1.66328,-0.13101,0.67408,-1.47686,0.04558,0.66063,-1.33158,0.49913,-0.06016,0.08473,0.25325,1.84876,0.21761,-0.34927,0.93957,-1.62562,-0.15979,0.37694,-1.39670,1.93786,1.07343,1.70980,0.11916,-2.72860,4.17425
1.36000,0.41340,0.03064,0.38583,-0.02597,0.10361,-0.00236,0.99428,-0.10301,0.77544,-1.80965,0.10317,0.76618,-1.69450,-0.08231,0.63708,-1.44942,0.01070,0.58583,-1.28381,0.44018,-0.07373,0.00368,-0.00327,0.45029,-0.18149,0.37043,1.35872,-0.57741,0.34383,1.12275,0.07960,0.60696,-1.26900,-0.48925,-0.75445,-0.28134,-0.44761
1.40000,0.42986,0.02715,0.38370,-0.01797,0.09622,-0.00577,0.99518,-0.10169,0.85027,-1.81247,0.10011,0.82330,-1.65920,-0.09498,0.63194,-1.59820,0.01482,0.53888,-1.44410,0.38420,-0.09604,-0.08076,0.42531,-1.03445,-0.21380,0.05079,2.11983,0.50380,-0.12966,1.59844,1.59174,-0.75136,-0.77911,-0.86996,1.04477,-2.64434,-1.63185
1.44000,0.44402,0.02405,0.38150,-0.01150,0.05098,-0.00948,0.99859,-0.09469,0.93889,-1.72470,0.09461,0.89006,-1.52797,-0.13578,0.57403,-1.82726,0.08454,0.48338,-1.67851,0.32506,-0.05159,-0.02355,0.29876,-3.01017,-0.16143,0.06869,2.03974,3.36837,-0.27831,1.46465,4.46701,-0.94316,-2.97837,-1.93905,1.45826,-1.87002,-1.63374
1.48000,0.45737,0.02387,0.37860,-0.02657,-0.02542,-0.01284,0.99924,-0.05679,1.01576,-1.53849,0.06131,0.94896,-1.41618,-0.16527,0.43003,-1.79494,0.13011,0.53808,-1.66828,0.32728,0.02997,-0.15848,-1.41881,-4.20035,-0.03844,1.30674,1.86939,5.07797,-1.29067,0.35281,0.50734,-0.10913,-1.50092,-0.29821,-0.12169,2.39858,1.10081
1.52000,0.47018,0.02431,0.37227,-0.02217,-0.08868,-0.01202,0.99574,-0.11439,1.01454,-1.53744,0.05763,0.88586,-1.49723,-0.20364,0.55170,-1.72780,0.10557,0.75153,-1.74828,0.23525,-0.01836,-0.01822,0.58937,-1.01084,0.17633,-1.27282,-2.81772,-1.37340,2.00455,-3.35151,-1.81930,-0.73251,2.55579,-2.13235,-0.50850,2.47194,-1.49218
1.56000,0.48156,0.02377,0.37534,-0.02178,-0.10263,-0.01343,0.99439,-0.08545,0.98953,-1.69205,0.11665,0.74140,-1.38829,-0.20669,0.63591,-1.77220,0.10528,0.83997,-1.78227,0.32900,0.00858,0.17427,-0.07504,-0.17188,-0.19021,0.50554,-0.27969,-0.56910,-0.28228,-0.66344,0.22684,0.04850,1.34981,0.10392,-0.07597,1.48349,0.20137
1.60000,0.49796,0.02416,0.37865,-0.03300,-0.10770,-0.01399,0.99354,-0.10666,0.96434,-1.82138,0.15665,0.68721,-1.50179,-0.18721,0.72018,-1.79737,0.12579,0.92549,-1.80551,0.47176,0.02180,0.04389,-0.52635,-0.27674,0.07583,-1.37190,-1.37356,-1.15595,0.98614,-2.21717,-1.30610,0.39213,2.59139,-0.99032,0.54128,2.34899,-0.75827
1.64000,0.51844,0.02522,0.37847,-0.03229,-0.10923,-0.00853,0.99345,-0.19239,0.80430,-1.83882,0.17265,0.59335,-1.54302,-0.19384,0.82830,-1.84480,0.12717,1.00974,-1.82762,0.55303,0.02612,-0.02601,-0.06979,0.26573,0.31805,-0.49427,-2.85029,-1.16721,0.31795,-1.30218,-0.60261,-0.02073,2.49674,-0.90758,0.16023,1.71130,-0.22088
1.68000,0.54014,0.02643,0.37713,-0.02363,-0.08740,-0.00196,0.99589,-0.23919,0.62696,-1.69177,0.16342,0.58863,-1.48493,-0.20962,0.87752,-1.84434,0.11053,1.01778,-1.79158,0.56020,0.02093,-0.07706,0.23867,1.86571,0.26576,0.22022,-1.22242,0.15345,-0.02536,1.33843,0.76817,-0.07738,0.22914,0.70584,-0.24329,-0.90231,1.56107
1.72000,0.56221,0.02738,0.37268,-0.02653,-0.03851,0.00373,0.99890,-0.16659,0.62009,-1.54558,0.12041,0.68989,-1.37517,-0.19236,0.84963,-1.78862,0.10835,0.94876,-1.71321,0.55927,0.02210,-0.21886,0.02609,3.06990,0.25023,1.60145,1.63665,1.30410,-0.09508,2.26560,-6.49595,0.26314,-1.31134,1.49874,-1.37172,-1.86273,1.71057
1.76000,0.58352,0.02789,0.36863,-0.03606,0.01024,0.00305,0.99929,-0.16379,0.67556,-1.70097,0.14586,0.75391,-1.54872,-0.16626,0.79627,-1.70794,0.10249,0.88195,-1.63307,0.50878,0.01408,0.04464,-0.38531,1.19242,-0.31229,0.41464,1.27663,-1.63565,0.58779,1.29890,-1.26639,0.37122,-0.37858,1.80808,-1.20464,-0.06412,1.20131
1.80000,0.60282,0.02811,0.37257,-0.03422,0.05759,0.00075,0.99775,-0.16821,0.72332,-1.81920,0.14981,0.77144,-1.63262,-0.15723,0.72706,-1.59055,0.08787,0.76462,-1.47545,0.48589,-0.00303,0.09638,0.06218,2.26707,-0.09288,-0.33277,0.64695,-2.14396,0.08054,0.38153,-1.87854,0.74235,-1.07517,2.74967,-0.63197,-3.26843,3.82044
1.84000,0.62176,0.02735,0.37665,-0.02988,0.09758,0.00058,0.99478,-0.18356,0.75183,-1.89077,0.14782,0.78375,-1.68630,-0.10497,0.70439,-1.51825,0.07205,0.65163,-1.31179,0.46280,-0.02028,0.07958,0.16739,1.22054,-0.20235,-0.09714,1.01627,-1.07847,0.00843,0.64803,-0.42064,1.54221,0.70399,0.70274,-1.27371,-1.35800,2.37650
1.88000,0.63878,0.02585,0.37876,-0.02639,0.10658,-0.00558,0.99394,-0.17426,0.80184,-1.91116,0.15197,0.82029,-1.66762,-0.07988,0.68646,-1.57775,0.02761,0.58535,-1.36625,0.39140,-0.05113,0.03579,0.06328,-0.32333,-0.41382,0.55146,1.47570,0.14266,0.20037,1.12827,1.35749,-0.32439,-1.52141,-0.86294,-0.12889,-1.77230,-0.49553
1.92000,0.65269,0.02376,0.37898,-0.01753,0.08132,-0.01274,0.99645,-0.16462,0.87839,-1.86806,0.14081,0.87053,-1.57243,-0.12258,0.63402,-1.84516,0.05225,0.50570,-1.60704,0.31805,-0.04445,0.00390,0.25783,-1.98803,-0.24472,0.86228,0.77097,4.56987,-0.26806,1.27056,3.17795,-1.04523,-2.52227,-2.03280,1.53749,-3.21977,-2.21167
1.96000,0.66455,0.02375,0.37797,-0.02872,0.02114,-0.01677,0.99922,-0.12503,0.96422,-1.73444,0.14646,0.93910,-1.42620,-0.16835,0.45345,-1.97455,0.14192,0.41610,-1.77907,0.28636,0.04986,-0.05787,-0.70309,-3.76411,0.03059,0.76100,2.03464,4.29989,-1.11830,2.17387,2.68159,-1.01889,-3.33267,-1.71085,1.08062,-1.51034,-1.20670
2.00000,0.67688,0.02697,0.37358,-0.04164,-0.06276,-0.01995,0.99696,-0.10353,1.04627,-1.54186,0.09514,0.97916,-1.42048,-0.17921,0.49339,-1.73642,0.11262,0.61528,-1.58770,0.26287,0.08540,-0.17581,0.32108,-3.63250,0.19034,-0.72027,1.92954,3.48926,-1.13825,-0.09211,-0.31267,0.45553,3.47557,2.72763,-0.65721,7.23738,-6.48802
2.04000,0.68736,0.02838,0.36827,-0.01652,-0.11256,-0.01397,0.99341,-0.15179,1.08746,-1.70088,0.11910,0.72613,-1.58508,-0.19206,0.71292,-1.72819,0.06131,0.81773,-1.74993,0.24995,0.00306,-0.00555,0.47862,-1.17464,0.31002,0.15572,-2.48273,-1.54259,2.07171,-7.82466,-3.67692,-0.70549,3.01921,-2.15089,-0.45356,2.75787,-1.63761
2.08000,0.69943,0.02847,0.36744,-0.01708,-0.13191,-0.01309,0.99103,-0.13376,0.91542,-1.93511,0.17995,0.60479,-1.59271,-0.19997,0.82599,-1.80069,0.06331,0.93454,-1.82023,0.33979,0.01079,0.01084,-0.19535,-0.48368,0.00587,-0.17207,-4.22812,-2.47943,0.12751,1.70927,0.67095,0.00649,2.21636,-1.01747,0.17020,2.27785,-1.04297
2.12000,0.71488,0.02915,0.36706,-0.02878,-0.14003,-0.00999,0.98968,-0.16814,0.77108,-1.73324,0.19208,0.56364,-1.51346,-0.18079,0.92487,-1.84226,0.09077,1.02800,-1.86499,0.43161,0.02359,-0.02749,-0.47761,0.19988,0.15432,-0.47955,0.52893,0.85924,-0.15491,-1.66440,-0.36237,0.42385,1.87297,-0.51854,0.56116,1.52012,-0.46648
2.16000,0.73230,0.03031,0.36597,-0.02798,-0.12212,-0.00476,0.99211,-0.22027,0.69735,-1.59861,0.15454,0.50602,-1.43145,-0.18058,0.95745,-1.83288,0.09023,1.03824,-1.84379,0.46843,0.02378,-0.05991,-0.23671,1.53371,0.10189,-0.10456,-0.92388,0.07654,-0.56219,0.34735,0.52746,0.35980,-0.04414,0.86099,0.22767,-0.51748,0.99405
2.20000,0.75052,0.03022,0.36529,-0.02079,-0.08647,-0.00219,0.99604,-0.21520,0.66318,-1.51673,0.13192,0.55428,-1.49593,-0.18570,0.93195,-1.78027,0.07554,0.98793,-1.76949,0.44065,-0.05433,0.03032,0.54868,1.41198,-0.01166,-0.59598,1.42968,-2.75410,-0.17989,1.17809,-2.41822,-0.24053,-0.35627,1.16210,-0.46241,-0.87599,1.93685
2.24000,0.76771,0.02791,0.37198,-0.02681,-0.05663,-0.00877,0.99800,-0.19241,0.69325,-1.58459,0.16636,0.59092,-1.55929,-0.16132,0.87734,-1.67741,0.08420,0.93615,-1.66113,0.43852,-0.05129,0.25573,0.12573,0.89441,-0.46120,0.41806,0.69444,-0.50858,0.46152,0.92517,0.03799,0.05656,-0.89613,2.57329,-0.30222,-0.67031,2.77865
2.28000,0.78536,0.02517,0.38293,-0.02029,-0.01899,-0.01366,0.99952,-0.18051,0.75233,-1.67345,0.16085,0.72340,-1.64708,-0.15426,0.78855,-1.53519,0.06851,0.82017,-1.47907,0.45809,-0.08932,0.22411,0.32167,1.66286,-0.06245,-0.07361,0.68525,-1.25181,0.23563,1.85532,-1.92246,0.74785,-0.94405,2.35951,-0.31516,-3.42547,4.33557
2.32000,0.80312,0.02120,0.39414,-0.01958,0.03365,-0.01436,0.99914,-0.17291,0.75316,-1.74747,0.16662,0.74368,-1.71741,-0.12122,0.66037,-1.35315,0.06890,0.63745,-1.22916,0.47150,-0.09865,0.21483,0.07823,2.03945,-0.05717,0.17211,0.45334,-1.43268,0.41303,0.15296,-0.92110,1.32639,-0.79342,2.65256,-0.74295,-1.98414,4.12431
2.36000,0.82136,0.01722,0.39970,-0.01393,0.05940,-0.01565,0.99801,-0.17212,0.78927,-1.78938,0.17218,0.76684,-1.73170,-0.06031,0.65769,-1.31747,0.02688,0.57732,-1.14238,0.43251,-0.09660,0.06817,0.36422,0.47012,-0.16770,0.03339,1.31774,-0.54576,0.00837,1.03078,0.25449,1.04244,0.08784,0.19477,-0.99169,-0.48382,0.21976
2.40000,0.83696,0.01342,0.39984,-0.00491,0.05619,-0.01981,0.99821,-0.17175,0.85297,-1.79845,0.16808,0.81920,-1.70379,-0.05531,0.61473,-1.40618,0.00951,0.52382,-1.26675,0.35344,-0.09227,-0.04600,0.29304,-0.85667,-0.26000,0.19329,1.83114,0.30071,-0.02491,1.58620,1.21925,-0.47212,-2.02986,-1.16359,0.49568,-2.44954,-1.44644
2.44000,0.84967,0.01023,0.39648,0.00161,0.01556,-0.02447,0.99958,-0.16431,0.94005,-1.74043,0.15997,0.89464,-1.60917,-0.09065,0.60582,-1.74011,0.06015,0.49459,-1.53485,0.27411,-0.05901,-0.08380,0.19099,-2.68031,-0.24670,0.18493,2.08400,2.27219,-0.25644,1.81675,3.12097,-1.15675,-2.04667,-2.06329,1.47005,-1.79820,-1.76208
2.48000,0.86081,0.00983,0.39231,-0.01519,-0.06142,-0.02658,0.99764,-0.12316,1.02156,-1.57381,0.15010,0.97701,-1.49282,-0.14007,0.61482,-1.77739,0.12737,0.56876,-1.58524,0.24449,0.03360,-0.13441,-1.42123,-4.21913,-0.01770,1.19199,1.72867,4.92630,-1.79198,0.17824,1.14144,-0.66541,0.77209,0.30385,0.27979,2.22559,0.79622
2.52000,0.87008,0.01152,0.38597,-0.02575,-0.12963,-0.02717,0.99086,-0.12621,1.02249,-1.55842,0.09348,0.83647,-1.55212,-0.15221,0.77538,-1.73714,0.11305,0.79877,-1.63121,0.14391,0.05345,-0.05340,-0.29048,-1.20759,-0.20092,-0.53461,-2.73650,-1.24073,-0.06275,-5.59175,-2.36866,-0.21037,2.26128,-1.63194,0.06494,2.95816,-2.42956
2.56000,0.87761,0.01361,0.38467,-0.03437,-0.14424,-0.03193,0.98843,-0.13094,0.95716,-1.72777,0.12394,0.68256,-1.51740,-0.15313,0.84291,-1.77656,0.12026,0.89446,-1.70376,0.22896,0.06061,0.01878,-0.29867,-0.14792,-0.22496,-0.41226,-1.26840,-1.12496,0.39918,-0.10999,0.10549,-0.05751,0.93456,-0.11188,0.01721,1.44302,-0.77670
2.60000,0.88898,0.01620,0.38380,-0.04367,-0.14854,-0.03322,0.98738,-0.14271,0.90560,-1.71523,0.15102,0.61146,-1.46318,-0.15063,0.90486,-1.79704,0.12917,0.96719,-1.74979,0.33270,0.07248,-0.04451,-0.32472,0.04010,0.02290,-0.22098,-0.38272,-0.09567,0.15951,-1.49656,-0.37083,-0.05612,1.43515,-0.47075,0.09716,1.56094,-0.94945
2.64000,0.90328,0.01930,0.38044,-0.04433,-0.14217,-0.03064,0.98837,-0.18342,0.79536,-1.65254,0.14444,0.54814,-1.41662,-0.16481,0.95286,-1.81371,0.12055,1.01556,-1.77999,0.39323,0.07240,-0.12054,-0.21546,0.76150,0.07453,-0.19243,-1.88589,-0.49725,-0.01355,-0.37183,0.07489,-0.08378,0.79292,-0.13500,0.01034,0.74548,-0.52253
2.68000,0.91924,0.02164,0.37603,-0.04325,-0.11717,-0.02511,0.99185,-0.18597,0.69562,-1.49382,0.11219,0.60955,-1.43164,-0.17081,0.95959,-1.79982,0.11345,1.00391,-1.76655,0.40619,0.02224,-0.10274,0.65927,1.54061,0.42332,0.42077,0.08547,0.83587,-0.95494,2.01413,-5.71695,-0.54218,-0.04617,0.42269,-0.63817,-0.98754,1.04629
2.72000,0.93431,0.02075,0.37856,-0.02216,-0.08927,-0.02238,0.99551,-0.09678,0.71981,-1.42216,0.07449,0.64625,-1.52133,-0.20341,0.93712,-1.75057,0.07064,0.95051,-1.68056,0.36790,-0.07695,0.17425,1.41696,0.98577,-0.02178,2.51499,1.12730,0.93505,-0.94601,0.56963,-0.45524,-1.09367,-0.48004,1.42712,-1.38396,-1.07825,2.63882
2.76000,0.94920,0.01833,0.38721,-0.01904,-0.04111,-0.02819,0.99858,-0.05081,0.77544,-1.54023,0.10339,0.71939,-1.62462,-0.18924,0.81402,-1.59972,0.05990,0.81628,-1.50943,0.41420,-0.04340,0.20094,-0.19789,2.17713,-0.32410,-0.21593,0.32835,-1.40142,0.68893,0.34501,-1.75888,0.66706,-2.71461,3.74859,-0.18404,-2.42935,3.28838
2.80000,0.96563,0.01646,0.39546,-0.01513,0.01701,-0.02949,0.99931,-0.04904,0.77070,-1.61096,0.10837,0.71483,-1.72310,-0.16664,0.67510,-1.41821,0.05403,0.63866,-1.29218,0.45198,-0.05843,0.10947,0.56281,2.19307,0.05767,-0.45274,0.54879,-2.22165,-0.27814,0.34679,-2.05746,0.90486,-0.52210,2.47137,-0.17253,-2.18665,3.16080
2.84000,0.98362,0.01429,0.39826,-0.01154,0.05401,-0.02953,0.99804,-0.05225,0.79716,-1.68454,0.11189,0.74121,-1.79563,-0.15714,0.60505,-1.30528,0.03775,0.55832,-1.16376,0.45269,-0.05291,0.01580,-0.00549,0.98177,-0.03561,0.14342,1.09361,-0.96231,0.24228,1.24703,-1.09086,0.37858,-0.22491,1.35255,-0.74893,0.24975,1.04201
2.88000,0.99943,0.01162,0.39789,-0.00736,0.06697,-0.03083,0.99725,-0.05333,0.84316,-1.71714,0.11320,0.78584,-1.81146,-0.15010,0.61419,-1.28828,0.00910,0.53729,-1.16206,0.33247,-0.08012,-0.01929,0.19463,0.34070,-0.11357,0.07043,1.08953,-0.54295,0.12300,1.10184,-0.25914,0.01655,0.46338,0.25838,-0.13819,-0.29367,-0.11787
2.92000,1.01023,0.00793,0.39818,0.00391,0.05799,-0.03434,0.99772,-0.06194,0.88789,-1.70265,0.10255,0.82714,-1.77167,-0.11311,0.62506,-1.52594,0.01322,0.50057,-1.31686,0.21022,-0.09600,0.04564,0.71090,-1.12179,-0.40596,-0.30413,0.97408,1.18016,-0.42631,0.90675,2.15129,-0.30145,1.21404,-2.26919,0.54272,-2.41434,-1.52077
2.96000,1.01833,0.00443,0.40042,0.01242,0.00265,-0.04033,0.99911,-0.06284,0.91619,-1.50355,0.08960,0.87940,-1.60556,-0.13853,0.64654,-1.80745,0.10777,0.50593,-1.63019,0.18898,-0.07949,0.04491,0.61492,-3.54612,-0.34080,-0.48827,1.25505,4.44959,-0.75484,1.21616,5.23528,-1.08975,-2.69036,-1.98768,2.30735,-1.47465,-1.88318
3.00000,1.02643,0.00356,0.40036,0.00694,-0.07040,-0.05073,0.99620,-0.04800,0.97290,-1.33663,0.09378,0.97642,-1.59974,-0.17145,0.70239,-1.80828,0.11508,0.57556,-1.59160,0.13619,0.05591,-0.01540,-1.23913,-2.58504,-1.18874,0.93876,0.18747,4.09153,1.53485,0.10437,-0.49193,0.14615,3.27545,-2.18730,-2.32964,2.20070,1.60608
3.04000,1.03081,0.00742,0.40376,-0.00821,-0.09312,-0.06954,0.99319,-0.08514,1.01886,-1.47812,0.10410,0.82277,-1.69021,-0.17750,0.73926,-1.80580,0.09919,0.67069,-1.60835,0.09920,0.11731,0.22878,-0.98497,0.23104,-0.89897,-1.18575,-0.85651,-1.06183,-0.38885,-4.32029,-1.85250,0.48019,-1.09803,2.35419,0.32324,0.54482,0.33242
3.08000,1.03864,0.01109,0.41007,-0.04113,-0.10188,-0.08329,0.99045,-0.10582,0.98779,-1.58816,0.10977,0.72342,-1.57206,-0.13626,0.89821,-1.78834,0.14040,0.76487,-1.65484,0.25970,0.08649,0.11675,-1.54729,-0.29716,-0.72370,-0.77034,-1.46262,-1.08553,-0.43103,0.71004,0.79148,0.70494,3.37597,0.95420,0.97909,2.31440,-1.34455
3.12000,1.04987,0.01415,0.41070,-0.06050,-0.10451,-0.09028,0.98857,-0.17996,0.92144,-1.67577,0.13327,0.58318,-1.51450,-0.10686,1.10961,-1.75015,0.15888,0.84247,-1.70759,0.30190,0.07151,-0.05771,-0.55418,0.31114,-0.33222,-1.32127,-1.29252,-0.95706,0.73374,-3.60753,-1.18337,0.34683,3.38265,1.45881,0.13939,1.41517,-1.11479
3.16000,1.06168,0.01651,0.40720,-0.05624,-0.09126,-0.09419,0.98977,-0.21160,0.80184,-1.57421,0.09967,0.56025,-1.41926,-0.10516,1.14183,-1.73518,0.13189,0.86674,-1.72618,0.29834,0.02446,-0.15075,0.45488,1.21901,-0.16806,0.86451,-1.26282,0.04926,-0.93988,2.34640,1.39959,0.28014,-0.35397,0.24406,-0.61406,-0.26679,-0.01098
3.20000,1.07283,0.01651,0.40268,-0.04272,-0.05409,-0.09489,0.99310,-0.13956,0.72230,-1.38622,0.05682,0.62901,-1.44442,-0.12354,1.06577,-1.67394,0.09989,0.80245,-1.67721,0.27568,-0.05821,-0.09509,1.82637,1.52249,0.09647,1.96405,0.64553,1.32222,-1.48181,0.57676,-3.17735,-0.69098,-1.01393,0.72528,-1.58569,-1.76098,1.73205
3.24000,1.08419,0.01392,0.40080,-0.02979,-0.01369,-0.09873,0.99457,-0.10288,0.72577,-1.40674,0.04664,0.65026,-1.57601,-0.13687,0.96722,-1.58576,0.07624,0.72325,-1.59720,0.30559,-0.06766,0.01626,-0.12530,1.28047,-0.32058,0.47076,0.51882,-1.63472,0.62401,0.80601,-1.86399,0.36821,-1.51740,2.03421,0.23467,-0.61465,1.15729
3.28000,1.09638,0.01165,0.40331,-0.02791,0.03133,-0.10656,0.99342,-0.09380,0.73223,-1.51631,0.06204,0.67157,-1.68547,-0.13084,0.82629,-1.43857,0.07084,0.62645,-1.48306,0.33361,-0.06334,0.05000,0.51799,1.77918,-0.46117,-0.04886,0.24003,-2.20330,0.17837,0.42571,-1.99493,-0.00867,-2.65114,3.04607,-0.40235,-1.77154,2.46541
3.32000,1.10950,0.00840,0.40600,-0.01405,0.07675,-0.11113,0.99074,-0.11121,0.73539,-1.62119,0.03850,0.69627,-1.78779,-0.10752,0.69560,-1.34730,0.04845,0.51004,-1.33836,0.35011,-0.09972,0.04301,0.80953,1.62181,-0.18998,-0.44884,0.43317,-1.93138,-0.27905,0.31422,-1.66295,1.23653,-1.45357,-0.27165,-0.44614,-2.00606,2.91316
3.36000,1.12338,0.00421,0.40623,-0.00783,0.09984,-0.11568,0.98823,-0.11284,0.76216,-1.67784,0.04281,0.72783,-1.83489,-0.09007,0.63617,-1.31919,0.03945,0.47636,-1.26802,0.34250,-0.10453,-0.02051,0.15018,0.45224,-0.33749,0.17499,0.95150,-0.71315,0.26720,1.25862,-0.46654,0.07243,-0.33188,-0.01044,-0.16085,0.45650,0.52904
3.40000,1.13539,0.00081,0.40601,-0.00850,0.09402,-0.12044,0.98822,-0.10352,0.80307,-1.66270,0.05124,0.78320,-1.81562,-0.08496,0.57594,-1.48842,0.04843,0.50025,-1.32218,0.25918,-0.06629,0.03463,0.02243,-0.82097,-0.09892,-0.07889,0.95586,1.24947,-0.19880,1.19126,1.31429,-0.13520,-3.27652,-1.76133,-0.25494,1.96725,-0.79666
3.44000,1.14450,-0.00257,0.40732,-0.00867,0.05079,-0.12146,0.99126,-0.10250,0.85489,-1.54873,0.04304,0.84394,-1.69618,-0.10812,0.53073,-1.74797,0.09203,0.51083,-1.55439,0.19741,-0.09849,0.03131,-0.29791,-2.98673,-0.03204,-0.05681,1.37986,3.78939,-0.31010,1.51600,4.15583,-1.12216,-1.40157,-1.51820,1.49937,-3.25208,-2.11652
3.48000,1.15328,-0.00568,0.40569,-0.02459,-0.02724,-0.12140,0.99192,-0.07963,0.91496,-1.34320,0.03382,0.90114,-1.52927,-0.17167,0.48011,-1.76852,0.15170,0.49688,-1.60469,0.22362,-0.06325,-0.15192,-1.82544,-3.96021,0.10564,0.91666,1.59945,5.25760,-1.04378,0.23579,1.62713,-0.81943,-0.83581,-0.28856,0.42248,0.99443,0.28387
3.52000,1.16160,-0.00969,0.40075,-0.01419,-0.09117,-0.11177,0.98944,-0.12526,0.99759,-1.32883,0.03756,0.85920,-1.54085,-0.21738,0.61269,-1.63784,0.13382,0.67847,-1.72990,0.11071,-0.12013,0.01975,0.89397,-1.10938,0.84156,-0.91580,-0.51705,-0.40775,2.33772,-2.29358,-1.24640,-0.79431,2.69854,-2.37950,-0.39515,1.62406,-1.71514
3.56000,1.16869,-0.01382,0.40254,-0.00905,-0.10743,-0.10558,0.98855,-0.08823,1.03670,-1.59457,0.11404,0.82021,-1.55085,-0.22231,0.70451,-1.70140,0.13514,0.75714,-1.76155,0.22992,-0.06426,0.10653,0.01788,-0.55064,-0.00843,0.30572,-1.23479,-1.46026,0.11519,0.36704,0.09001,-0.12732,1.62384,-0.54031,-0.08634,1.65440,-0.40177
3.60000,1.18107,-0.01543,0.40617,-0.02760,-0.11457,-0.10476,0.98749,-0.10436,1.01621,-1.74362,0.15606,0.72157,-1.56730,-0.18828,0.77721,-1.71431,0.16460,0.86069,-1.80775,0.38801,-0.00178,0.10738,-1.21718,-0.10915,-0.01356,-1.46931,-0.65325,-0.92959,0.14886,-2.86639,-1.09100,1.01801,1.91186,0.00577,1.07007,2.06763,-0.79192
3.64000,1.19861,-0.01553,0.40714,-0.03382,-0.12157,-0.09863,0.98709,-0.19981,0.90125,-1.83804,0.14380,0.60326,-1.57054,-0.18655,0.87837,-1.74680,0.17384,0.95270,-1.84880,0.48161,-0.00608,-0.01901,-0.40703,-0.12376,0.34171,-0.69726,-2.92156,-1.53737,0.14206,-1.34067,-0.47410,0.12266,2.56528,-0.82878,0.35289,2.24824,-1.03957
3.68000,1.21734,-0.01655,0.40576,-0.02109,-0.10952,-0.08670,0.98997,-0.25470,0.73810,-1.74071,0.14683,0.58578,-1.55028,-0.20736,0.93863,-1.75639,0.15380,0.97551,-1.83720,0.47266,-0.05975,-0.06767,0.94574,1.32241,0.82126,0.12471,-1.17863,0.01465,0.56334,0.68041,0.31925,-0.39542,0.61123,0.27855,-0.55146,-0.79355,1.24794
3.72000,1.23588,-0.01843,0.40318,-0.01001,-0.06561,-0.07536,0.99495,-0.18685,0.66324,-1.56289,0.12893,0.70310,-1.47748,-0.20355,0.90153,-1.69582,0.14151,0.89825,-1.75598,0.48337,-0.04708,-0.14941,0.91993,2.73911,0.55517,1.85638,0.39305,0.96580,-1.27026,3.29092,1.58937,-0.05785,-1.65394,1.77827,-0.61882,-2.37981,2.18202
3.76000,1.25503,-0.01866,0.39844,-0.00895,0.00557,-0.07284,0.99729,-0.12712,0.67225,-1.63239,0.10484,0.78502,-1.56379,-0.18523,0.76017,-1.55352,0.11131,0.79943,-1.65917,0.49263,0.01336,-0.06153,-0.20847,2.81458,-0.10678,0.09150,0.74040,-3.77459,0.56716,1.24714,-4.27296,0.59118,-2.85052,3.51646,-1.44289,0.44199,1.00994
3.80000,1.27487,-0.01971,0.39729,-0.00968,0.05645,-0.06811,0.99603,-0.14300,0.70890,-1.75831,0.10836,0.82170,-1.70152,-0.14198,0.70677,-1.46219,0.11188,0.70827,-1.54715,0.50753,-0.05709,0.00982,0.33039,1.68351,0.32855,-0.58926,1.30179,-1.86313,-0.25713,0.90133,-1.87801,1.32780,0.77271,0.77941,-0.02126,-1.42921,2.48811
3.84000,1.29348,-0.02278,0.40093,-0.00372,0.09603,-0.06155,0.99347,-0.16481,0.73943,-1.82442,0.09884,0.83240,-1.76145,-0.10548,0.63831,-1.35925,0.10877,0.60819,-1.39934,0.44568,-0.08959,0.11804,0.40117,1.42294,0.17162,-0.33827,0.80007,-0.89388,-0.19151,0.26129,-0.51554,1.65674,-0.57414,0.68594,-0.14103,-1.84431,3.36595
3.88000,1.31007,-0.02639,0.40448,-0.00096,0.10916,-0.06046,0.99218,-0.16405,0.78089,-1.83309,0.09862,0.85631,-1.74898,-0.05882,0.63197,-1.51452,0.05397,0.54962,-1.42960,0.38610,-0.08742,0.06767,-0.36640,-0.06557,-0.01188,0.69667,1.19772,0.59411,0.50150,0.94639,1.05074,0.15570,-1.45743,-1.19320,-1.09489,-1.60472,-0.70519
3.92000,1.32387,-0.02985,0.40581,-0.00884,0.08674,-0.05960,0.99441,-0.13627,0.84441,-1.76866,0.11370,0.90441,-1.66808,-0.09591,0.55707,-1.86955,0.07374,0.45205,-1.65281,0.32371,-0.08006,0.02177,-0.47737,-1.91264,0.19026,0.59808,1.80051,2.56050,0.20844,1.30318,2.90519,-1.89783,-3.73805,-2.88218,1.55149,-3.50082,-2.21339
3.96000,1.33671,-0.03273,0.40557,-0.01603,0.02617,-0.05689,0.99791,-0.11577,0.92585,-1.61717,0.11652,0.96398,-1.50174,-0.20015,0.36373,-1.98631,0.13849,0.33193,-1.80548,0.32677,-0.06667,-0.05449,-0.61571,-3.66209,0.31921,0.42352,2.16418,4.52493,-0.13701,1.56233,4.58119,-1.28188,-2.84622,-1.51962,0.98161,-2.03843,-1.26604
4.00000,1.35129,-0.03397,0.40233,-0.02846,-0.05900,-0.05029,0.99658,-0.10089,1.00081,-1.39464,0.07816,0.95955,-1.49495,-0.21221,0.44836,-1.64313,0.11794,0.51383,-1.59017,0.33639,-0.02765,-0.16313,0.17302,-3.88348,0.70864,-0.98281,0.85914,4.38128,-1.60842,-2.93125,-1.04397,0.67477,5.06173,3.58334,-0.29704,7.02652,-6.28368
4.04000,1.36374,-0.03723,0.39698,-0.00600,-0.11143,-0.03538,0.99312,-0.14753,1.03493,-1.62297,0.10930,0.68458,-1.64059,-0.20306,0.70087,-1.64938,0.09031,0.70523,-1.74513,0.26699,-0.10360,-0.00056,0.55341,-1.10594,0.60735,-0.19922,-3.04023,-2.09775,2.44425,-6.28325,-3.15308,-0.41751,3.42873,-2.63585,-0.15033,2.28425,-1.21824
4.08000,1.37638,-0.04062,0.39621,-0.00192,-0.13130,-0.03235,0.99081,-0.13867,0.91161,-1.86795,0.16834,0.60293,-1.60731,-0.20966,0.82742,-1.73902,0.09407,0.82085,-1.81434,0.33823,-0.05286,0.01028,-0.14977,-0.47940,-0.13054,-0.22984,-3.00213,-2.04522,0.03019,1.92530,0.91024,0.08318,2.14190,-1.10558,0.26427,2.35877,-1.20472
4.12000,1.39178,-0.04206,0.39534,-0.01374,-0.14105,-0.03160,0.98940,-0.17049,0.80903,-1.67201,0.17326,0.55915,-1.55825,-0.18802,0.93012,-1.78976,0.12455,0.92583,-1.87521,0.42168,-0.01841,-0.04410,-0.48415,0.07696,0.04703,-0.50868,0.76487,0.92372,-0.22987,-2.22364,-0.66384,0.45443,1.95821,-0.76462,0.62873,1.88392,-0.96787
4.16000,1.40858,-0.04244,0.39346,-0.00969,-0.12620,-0.02844,0.99155,-0.23076,0.71943,-1.56595,0.14267,0.48175,-1.49034,-0.19504,0.96577,-1.79247,0.11803,0.95451,-1.87483,0.44621,-0.01485,-0.06958,0.02151,1.37519,0.07657,-0.23482,-1.70698,-0.31153,-0.22653,0.08421,0.35367,0.13719,0.01053,0.58255,0.02682,-0.04224,0.51668
4.20000,1.42625,-0.04355,0.39149,-0.00994,-0.08476,-0.02711,0.99598,-0.20175,0.63435,-1.47345,0.09276,0.60209,-1.31559,-0.18106,0.91904,-1.73170,0.11890,0.90415,-1.81363,0.46597,-0.04399,-0.10817,0.02625,2.73099,0.12226,1.11257,-0.29125,0.37075,-1.63783,4.65059,2.50488,0.83803,-1.52818,1.71201,0.14368,-2.14700,2.03670
4.24000,1.44351,-0.04466,0.39017,-0.01334,-0.03590,-0.03181,0.99876,-0.17319,0.64965,-1.55067,0.10067,0.67259,-1.43117,-0.16580,0.82795,-1.63250,0.11175,0.84071,-1.73587,0.39897,-0.01501,0.09071,-0.05755,1.10620,-0.53750,0.39533,0.70967,-1.50177,0.49330,0.95640,-1.03234,-0.01778,-1.07173,2.04447,-0.71753,0.41269,1.01124
4.28000,1.45910,-0.04591,0.39357,-0.01590,0.00521,-0.03511,0.99924,-0.16422,0.70671,-1.65180,0.10203,0.75908,-1.56100,-0.13887,0.75039,-1.51539,0.11047,0.76525,-1.62895,0.39839,-0.04300,0.05573,0.25582,2.01689,0.13469,-0.42508,0.68959,-2.31038,-0.07414,0.42081,-2.23733,1.58650,-0.22197,2.32002,-0.09349,-2.16372,2.87879
4.32000,1.47414,-0.04780,0.39946,-0.01436,0.06228,-0.02971,0.99751,-0.18063,0.70508,-1.75011,0.09683,0.74948,-1.67087,-0.10361,0.62156,-1.34523,0.11254,0.60194,-1.43762,0.40217,-0.04749,0.15030,0.22401,2.21104,0.28963,-0.46700,0.29178,-1.59921,-0.12943,-0.19227,-1.65340,1.54104,-0.58109,2.31118,0.02414,-3.20052,4.31011
4.36000,1.48994,-0.04983,0.40257,-0.01209,0.09178,-0.02921,0.99528,-0.18624,0.73146,-1.80298,0.09939,0.76502,-1.71225,-0.05740,0.62783,-1.40054,0.07429,0.55969,-1.34189,0.37935,-0.04763,0.02310,-0.27334,0.72401,-0.22939,0.55412,0.92484,-0.79949,0.58843,0.97076,-0.39739,0.43772,-0.57617,-0.47743,-1.25734,0.82207,0.58961
4.40000,1.50379,-0.05224,0.40101,-0.01635,0.09126,-0.03434,0.99510,-0.16260,0.78586,-1.81867,0.11996,0.81872,-1.70528,-0.07601,0.63102,-1.58409,0.03777,0.50976,-1.42223,0.31653,-0.06725,-0.07455,-0.46356,-0.71789,-0.19130,0.87877,1.65992,0.22563,0.67889,1.63985,0.78128,-1.05530,-1.15391,-1.23140,-0.04598,-2.75752,-1.33334
4.44000,1.51573,-0.05511,0.39805,-0.01910,0.04747,-0.03833,0.99795,-0.13711,0.87375,-1.74711,0.12798,0.89389,-1.60014,-0.13216,0.59653,-1.87229,0.07962,0.45361,-1.61537,0.27786,-0.06672,-0.05373,-0.02073,-3.12867,-0.09513,0.34247,2.31347,2.97192,-0.18688,1.77207,3.98946,-1.14934,-2.62877,-2.06743,1.41347,-1.62434,-1.32904
4.48000,1.52748,-0.05640,0.39385,-0.03016,-0.03316,-0.04051,0.99817,-0.10581,0.96970,-1.57963,0.11562,0.96853,-1.45302,-0.17019,0.51673,-1.82127,0.11464,0.53423,-1.58790,0.28243,-0.00634,-0.19461,-1.17751,-4.33134,0.09928,0.93446,2.37185,4.48316,-1.14507,1.06489,1.20106,0.19047,-0.14033,0.30474,0.62353,7.16630,-7.74508
4.52000,1.53738,-0.05847,0.38922,-0.00984,-0.09111,-0.02975,0.99535,-0.15143,1.03014,-1.55190,0.08910,0.79634,-1.53993,-0.18907,0.66726,-1.74993,0.08685,0.73702,-1.75097,0.18184,-0.09213,0.02618,0.75902,-0.90747,0.70622,0.02764,-0.92020,-0.38198,1.59567,-6.23188,-2.83510,-0.48869,2.73304,-2.12514,-0.30074,1.43625,-0.45775
4.56000,1.54714,-0.06113,0.39076,-0.00853,-0.10660,-0.02686,0.99390,-0.10192,0.98201,-1.74640,0.13401,0.69858,-1.52332,-0.18629,0.76193,-1.80812,0.09533,0.81770,-1.78640,0.29039,-0.02692,0.07831,-0.07552,-0.39115,-0.19310,0.27589,-2.47351,-1.63061,-0.19727,1.44596,0.70780,0.00506,1.59872,-0.47342,0.04428,1.87493,-0.55451
4.60000,1.56138,-0.06094,0.39349,-0.02575,-0.11101,-0.03025,0.99303,-0.10710,0.91679,-1.72967,0.15830,0.65765,-1.50954,-0.15741,0.82699,-1.81493,0.12585,0.89850,-1.81668,0.41651,0.04306,0.06868,-0.79101,0.13169,-0.21075,-0.80647,0.18508,0.07012,0.07470,-1.99122,-0.70806,0.57443,1.36295,0.25543,0.57594,1.74612,-0.45063
4.64000,1.57960,-0.05898,0.39403,-0.03011,-0.10395,-0.02900,0.99370,-0.18141,0.83575,-1.73118,0.14634,0.55958,-1.51133,-0.15801,0.88277,-1.81328,0.12620,0.95541,-1.82639,0.50268,0.04685,-0.03102,-0.36087,0.61567,0.09198,-0.64234,-1.93701,-0.82257,0.06842,-1.24228,-0.41827,0.19740,1.36190,0.06836,0.22952,1.25257,-0.19325
4.68000,1.59976,-0.05740,0.39217,-0.02958,-0.07884,-0.02525,0.99613,-0.21356,0.68681,-1.60869,0.12903,0.58667,-1.42553,-0.16077,0.89919,-1.78574,0.11948,0.95913,-1.79839,0.52799,0.01954,-0.10460,0.09490,1.89535,0.20868,0.26290,-1.31848,0.02492,-0.38565,2.28270,1.25133,0.07363,-0.25885,1.02181,-0.09759,-0.81057,1.22903
4.72000,1.62009,-0.05720,0.38827,-0.02257,-0.03435,-0.02057,0.99894,-0.19099,0.66447,-1.55271,0.10069,0.65735,-1.44545,-0.16331,0.86352,-1.72891,0.10473,0.89625,-1.72216,0.48964,-0.02769,-0.06215,0.20646,1.74433,0.05778,-0.51018,1.55518,-3.16744,-0.06606,1.43302,-3.32643,0.36643,-0.37338,0.98574,-0.13422,-0.94767,1.67137
4.76000,1.63874,-0.05824,0.39015,-0.02954,0.00289,-0.02240,0.99931,-0.18209,0.70142,-1.64512,0.12342,0.69737,-1.54736,-0.13895,0.80569,-1.63025,0.11476,0.83807,-1.62591,0.46012,-0.01802,0.12519,-0.01360,1.21825,-0.23571,0.11840,0.84519,-1.05811,0.24614,0.84609,-0.86302,0.14973,-0.94239,2.37266,-0.16211,-0.79093,2.32681
4.80000,1.65665,-0.05984,0.39588,-0.02456,0.04770,-0.02340,0.99829,-0.19460,0.72013,-1.72904,0.11995,0.72108,-1.62503,-0.11998,0.72094,-1.49938,0.10241,0.72012,-1.46016,0.46323,-0.05733,0.10109,0.24408,2.03728,-0.01410,-0.29835,0.70237,-1.94703,0.03861,0.37122,-1.72822,1.52689,-0.21521,1.71998,-0.12989,-2.66290,3.90668
4.84000,1.67486,-0.06251,0.39915,-0.02100,0.08893,-0.02282,0.99555,-0.20446,0.74740,-1.80875,0.12445,0.73494,-1.69457,-0.08126,0.66101,-1.41204,0.09820,0.60867,-1.29876,0.45721,-0.06012,0.03504,0.18601,1.38038,-0.12252,-0.10708,1.03458,-1.44839,0.12124,0.78607,-1.08830,1.13243,0.05650,0.49347,-0.40475,-1.28767,2.63953
4.88000,1.69196,-0.06519,0.39889,-0.01875,0.10282,-0.02855,0.99411,-0.19628,0.79778,-1.84920,0.13543,0.78143,-1.70929,-0.06627,0.64877,-1.48500,0.04610,0.58101,-1.31639,0.39308,-0.07234,-0.02456,-0.15066,0.03999,-0.37052,0.62489,1.40052,-0.38555,0.52245,1.41232,0.35395,-0.26814,-1.18258,-0.73818,-0.37194,0.76267,-0.42523
4.92000,1.70609,-0.06799,0.39797,-0.01736,0.08234,-0.03448,0.99586,-0.17776,0.86694,-1.81729,0.14046,0.84291,-1.64312,-0.09878,0.63344,-1.75380,0.05443,0.53482,-1.53261,0.32270,-0.06209,-0.00020,-0.08654,-1.84605,-0.19114,0.53677,1.80036,1.92536,0.03334,1.51929,2.75434,-1.09068,-1.99341,-1.85465,0.89359,-3.76477,-2.26266
4.96000,1.71906,-0.06943,0.39773,-0.03022,0.01723,-0.03769,0.99868,-0.13429,0.94621,-1.66171,0.15759,0.91686,-1.46991,-0.15556,0.51442,-1.91213,0.13475,0.46446,-1.71213,0.32373,-0.00282,-0.03245,-0.62529,-4.05793,0.06057,0.63809,2.02298,4.95224,-0.18316,1.92988,4.94533,-1.32591,-2.87282,-1.63658,1.14311,-1.09127,-1.02976
5.00000,1.73300,-0.06938,0.39301,-0.03217,-0.06682,-0.03891,0.99649,-0.11106,1.01401,-1.50524,0.08911,0.93254,-1.46288,-0.17102,0.54473,-1.68570,0.11435,0.65352,-1.62703,0.30118,-0.02693,-0.18228,1.01025,-3.31446,0.44687,0.21425,0.14398,0.79129,-2.21312,-2.89877,-0.97590,0.93831,3.04703,2.53810,-1.05036,6.41177,-5.32942
5.04000,1.74507,-0.07118,0.38864,-0.01304,-0.10689,-0.03568,0.99355,-0.12051,1.05279,-1.57389,0.11055,0.75467,-1.54643,-0.20272,0.70923,-1.77614,0.08168,0.83048,-1.75670,0.27744,-0.03807,0.04707,0.46479,-0.29394,-0.10208,-0.60667,-0.17768,-0.42840,1.94769,-3.51095,-1.84717,-0.54317,1.46938,-0.72517,-0.50272,1.58537,-0.37946
5.08000,1.75872,-0.07204,0.39014,-0.02465,-0.11273,-0.04184,0.99244,-0.10221,1.01655,-1.82340,0.16044,0.70728,-1.49990,-0.18646,0.77522,-1.79800,0.09997,0.91792,-1.79384,0.39335,0.01118,0.05773,-0.88769,-0.08147,-0.38457,-0.35739,-2.93113,-2.08269,-0.56704,1.26250,0.80268,0.67179,1.55588,-0.12587,0.69134,2.12226,-0.76094
5.12000,1.77603,-0.07113,0.39093,-0.04491,-0.11082,-0.04248,0.99192,-0.13983,0.86226,-1.74870,0.15620,0.60916,-1.45380,-0.15352,0.84365,-1.80614,0.13589,0.99233,-1.82033,0.48718,0.03509,-0.02036,-0.70268,0.45089,0.06965,-0.52884,-1.03715,-0.14693,-0.33995,-3.02694,-0.92747,0.54374,1.65928,-0.19526,0.63716,1.45889,-0.36907
5.16000,1.79627,-0.06956,0.38891,-0.04466,-0.09247,-0.03846,0.99397,-0.19303,0.73076,-1.67283,0.12345,0.55301,-1.41066,-0.16012,0.88459,-1.80071,0.12948,1.01710,-1.80839,0.54231,0.02864,-0.09892,-0.03048,1.43939,0.11315,-0.06015,-1.85481,-0.41001,-0.17989,0.85573,0.57849,0.00753,0.48458,0.47940,-0.04855,0.04136,0.62743
5.20000,1.81709,-0.06904,0.38548,-0.03485,-0.05557,-0.03372,0.99728,-0.16569,0.63259,-1.48216,0.09081,0.61052,-1.44601,-0.17572,0.87597,-1.76303,0.10701,0.97655,-1.74682,0.50754,-0.03513,-0.07442,1.37201,1.71347,0.24914,1.63495,0.45687,1.23931,-1.31525,1.40197,-3.49033,-1.07818,-0.06955,0.67316,-1.25367,-1.21711,1.98643
5.24000,1.83623,-0.07118,0.38617,-0.02826,-0.01993,-0.03563,0.99877,-0.13495,0.67510,-1.54963,0.08878,0.65657,-1.55658,-0.17751,0.84037,-1.69434,0.09253,0.92112,-1.65268,0.45289,-0.05799,0.11524,-0.23071,1.04669,-0.34307,0.55880,0.91362,-1.11376,0.66130,1.10807,-0.97672,0.44192,-0.49835,1.85773,0.10433,-0.43790,1.95808
5.28000,1.85339,-0.07309,0.39102,-0.02863,0.01960,-0.04036,0.99858,-0.12806,0.69792,-1.63368,0.10617,0.68813,-1.63452,-0.16394,0.75779,-1.57301,0.08155,0.81354,-1.52658,0.43290,-0.04346,0.08114,0.05473,1.72697,-0.18500,0.06612,0.65954,-1.86476,0.29631,0.70005,-1.79971,0.36724,-1.45087,2.55725,-0.99404,-3.78714,1.53374
5.32000,1.87046,-0.07616,0.39643,-0.01845,0.06951,-0.03795,0.99669,-0.15100,0.71084,-1.73047,0.09643,0.68477,-1.72009,-0.13355,0.67584,-1.44813,0.06906,0.65351,-1.32821,0.44753,-0.10434,0.12180,0.47906,2.02302,0.19236,-0.44267,0.64735,-1.80667,-0.18225,0.11581,-1.59022,2.18379,0.29957,1.54527,-0.00322,-3.31387,4.69010
5.36000,1.88751,-0.08070,0.39857,-0.01586,0.09631,-0.03878,0.99447,-0.14568,0.74790,-1.78903,0.10874,0.71265,-1.76151,-0.07945,0.64117,-1.43375,0.02880,0.57248,-1.28546,0.40380,-0.11868,0.00050,-0.02951,0.48024,-0.27292,0.54714,1.28700,-0.85269,0.58110,1.27767,-0.21820,0.38767,-0.66001,-0.36598,-0.86870,-0.37924,-0.30163
5.40000,1.90237,-0.08570,0.39649,-0.01078,0.08841,-0.04474,0.99502,-0.13287,0.81875,-1.79995,0.11756,0.77870,-1.73686,-0.09445,0.62609,-1.57226,0.02132,0.50820,-1.39808,0.34112,-0.12657,-0.08190,0.20338,-1.20465,-0.33251,0.33090,2.08742,0.42982,0.10504,1.91961,1.43814,-0.74178,-1.25484,-1.02818,0.61864,-2.59503,-1.39114
5.44000,1.91467,-0.08975,0.39339,-0.00586,0.03868,-0.04900,0.99803,-0.12369,0.91304,-1.71725,0.11071,0.86242,-1.61811,-0.13554,0.61026,-1.79240,0.08260,0.45051,-1.60221,0.26864,-0.06894,-0.05870,0.09031,-3.24204,-0.12429,0.04477,2.22976,3.18341,-0.39728,1.91784,3.98733,-0.91044,-1.69157,-1.40908,1.46215,-1.86579,-1.48058
5.48000,1.92627,-0.09070,0.38960,-0.02269,-0.04573,-0.05085,0.99740,-0.08799,0.99953,-1.52525,0.09030,0.94545,-1.49616,-0.15879,0.57135,-1.73111,0.13161,0.55704,-1.56279,0.27668,0.01316,-0.17487,-1.62140,-4.54980,0.00917,1.14869,2.03653,5.28330,-1.16286,0.93652,0.73806,-0.14102,0.91064,-1.15203,1.44856,9.17123,-9.02349
5.52000,1.93372,-0.08943,0.38793,-0.02328,-0.08830,-0.05063,0.99453,-0.14571,1.01415,-1.62051,0.11946,0.72366,-1.62045,-0.18798,0.68871,-1.81519,0.12693,0.72365,-1.69850,0.12725,0.05600,0.13093,0.13483,-0.10640,-0.14025,-1.24172,-2.24440,-1.47314,1.76997,-6.77343,-3.14927,-0.38207,0.26036,0.66040,-0.47868,0.56194,0.26453
5.56000,1.94265,-0.08720,0.39308,-0.03471,-0.10419,-0.05816,0.99225,-0.09177,0.90970,-1.68371,0.12263,0.69811,-1.42555,-0.18442,0.74682,-1.81559,0.13224,0.81864,-1.74204,0.28616,0.06414,0.11836,-0.61262,-0.62878,-0.42761,1.21390,-2.17374,-0.92094,-1.61209,4.47567,2.69197,0.06768,1.51803,0.05435,0.11617,2.45844,-1.08303
5.60000,1.95709,-0.08541,0.39564,-0.04566,-0.11203,-0.05534,0.99111,-0.12947,0.92849,-1.67343,0.13519,0.64568,-1.46617,-0.17398,0.83127,-1.83369,0.14745,0.90125,-1.77673,0.42258,0.03324,0.04673,-0.49748,-0.01641,0.42691,-1.68403,1.87610,0.60445,1.30116,-4.91475,-2.12411,0.38195,2.27399,-0.47576,0.49506,1.53629,-0.40084
5.64000,1.97595,-0.08431,0.39523,-0.04151,-0.11057,-0.04702,0.99189,-0.21247,0.86622,-1.83022,0.15663,0.56176,-1.51022,-0.18866,0.92292,-1.86095,0.13877,0.96515,-1.79318,0.51265,0.02189,-0.02714,-0.04892,0.28406,0.32157,-0.52884,-3.89852,-2.11874,0.47348,0.64369,0.14541,-0.10744,2.13962,-0.42953,0.02331,1.57252,-0.35111
5.68000,1.99632,-0.08315,0.39448,-0.03914,-0.08905,-0.04059,0.99443,-0.23200,0.68148,-1.66237,0.15437,0.62595,-1.45876,-0.19202,0.95572,-1.83643,0.13148,0.97112,-1.76341,0.52941,0.01932,-0.05780,0.30010,1.85785,0.30417,0.51122,-0.58188,0.52351,-0.31216,1.79159,0.86406,-0.02126,-0.18091,1.24967,-0.27916,-1.04236,1.53781
5.72000,2.01708,-0.08267,0.39163,-0.03149,-0.04179,-0.03281,0.99809,-0.16035,0.66864,-1.49528,0.11338,0.70070,-1.46566,-0.19091,0.91651,-1.76570,0.11696,0.89008,-1.67293,0.52586,-0.01837,-0.11689,1.44229,2.23825,0.37987,1.72133,1.60062,1.51752,-1.44873,1.35174,-4.18853,-0.84186,-0.56579,1.03604,-1.28244,-1.98852,2.38515
5.76000,2.03744,-0.08311,0.39233,-0.03452,0.00416,-0.03646,0.99873,-0.14516,0.70708,-1.60106,0.12950,0.74641,-1.59405,-0.17497,0.83505,-1.64088,0.11139,0.81511,-1.56664,0.51117,0.00818,0.13655,-0.24197,1.26180,-0.54565,0.47385,0.69050,-0.91091,0.57244,1.13577,-0.79121,0.15249,-1.29761,2.94798,-0.60633,-0.14294,1.80531
5.80000,2.05685,-0.08363,0.39752,-0.02783,0.05207,-0.03939,0.99748,-0.15348,0.73721,-1.70970,0.12469,0.76241,-1.67580,-0.15555,0.74851,-1.51380,0.08896,0.69156,-1.39754,0.48684,-0.03421,0.06973,0.29848,2.29778,0.02879,-0.43666,0.67268,-2.20997,-0.07384,0.48409,-2.26953,1.71445,-0.24119,1.08116,-0.46422,-3.38637,3.59480
5.84000,2.07570,-0.08587,0.40010,-0.02199,0.09449,-0.03816,0.99455,-0.16970,0.76484,-1.79027,0.12177,0.77988,-1.75039,-0.11340,0.68193,-1.42921,0.07602,0.57908,-1.23732,0.46703,-0.06600,0.03630,0.31499,1.30514,-0.11228,-0.20712,1.03596,-1.25071,-0.03074,0.83584,-0.91763,1.48027,-0.21832,0.34369,-0.97257,-0.74795,2.11669
5.88000,2.09299,-0.08940,0.40041,-0.01665,0.10570,-0.04274,0.99334,-0.16714,0.81603,-1.81831,0.12534,0.82535,-1.75155,-0.07291,0.64585,-1.49514,0.02685,0.55015,-1.31002,0.39889,-0.10867,-0.00869,0.13219,-0.25258,-0.36253,0.38099,1.51216,0.01452,0.23355,1.39854,0.93873,0.20903,-1.45645,-0.81728,-0.56756,-1.57944,-0.89484
5.92000,2.10725,-0.09372,0.39997,-0.00909,0.07769,-0.04863,0.99575,-0.15968,0.88939,-1.76734,0.11874,0.88627,-1.65797,-0.10159,0.62310,-1.76615,0.05265,0.49392,-1.55181,0.32041,-0.10218,0.00908,0.24268,-2.18705,-0.25993,0.17440,1.83130,2.30835,-0.28795,1.42235,3.40699,-1.24476,-2.12774,-1.86788,1.59558,-2.81460,-2.02747
5.96000,2.11967,-0.09601,0.40003,-0.01968,0.01192,-0.05034,0.99847,-0.12636,0.96053,-1.60024,0.12750,0.95367,-1.48579,-0.16468,0.48058,-1.90721,0.15486,0.42881,-1.74357,0.30301,-0.01169,-0.02295,-0.72793,-3.88906,0.18079,0.49792,1.69071,5.18130,-0.77756,1.74770,3.43565,-1.44616,-3.11654,-1.70234,1.26122,-1.53677,-1.30751
6.00000,2.13306,-0.09625,0.39553,-0.02987,-0.07124,-0.05010,0.99575,-0.09006,1.00723,-1.43246,0.08519,0.95225,-1.47785,-0.18273,0.50976,-1.65723,0.12701,0.61252,-1.56812,0.30814,-0.01827,-0.22601,0.52152,-3.65346,0.36483,0.26250,-0.28088,0.76753,-1.63150,-2.64873,-0.85239,0.25209,3.54464,2.70882,-0.67937,7.21459,-6.44262
6.04000,2.14551,-0.09854,0.38959,-0.00466,-0.11907,-0.04136,0.99201,-0.12533,1.04039,-1.56349,0.09857,0.73394,-1.56065,-0.21389,0.71211,-1.70540,0.08731,0.80831,-1.72118,0.28345,-0.07038,0.02741,0.47313,-0.62053,0.33615,-0.60557,-0.74288,-0.86538,2.04673,-4.73525,-2.32200,-0.44239,2.42380,-1.61438,-0.25894,1.80646,-0.65692
6.08000,2.15900,-0.10045,0.38955,-0.01230,-0.12911,-0.04223,0.99065,-0.11975,0.98017,-1.85354,0.16412,0.68581,-1.55429,-0.20143,0.80318,-1.75667,0.10711,0.90400,-1.77186,0.37220,-0.00911,0.01917,-0.64270,-0.18799,-0.24862,-0.59623,-3.36858,-2.41717,-0.05196,1.69539,0.76808,0.46806,1.79086,-0.58868,0.58891,2.15664,-1.00022
6.12000,2.17551,-0.09995,0.38908,-0.03045,-0.13239,-0.04249,0.98982,-0.15383,0.82126,-1.70710,0.16896,0.58962,-1.49221,-0.17363,0.88531,-1.78412,0.14225,0.99413,-1.81827,0.46278,0.03321,-0.04251,-0.61340,0.24894,0.00772,-0.30713,-0.48923,0.33757,-0.42350,-3.16457,-0.91721,0.37805,1.78448,-0.46512,0.54053,1.80796,-0.80809
6.16000,2.19413,-0.09858,0.38633,-0.02725,-0.11570,-0.03843,0.99217,-0.21016,0.70738,-1.60932,0.12828,0.50708,-1.42378,-0.18639,0.92395,-1.78557,0.13102,1.02077,-1.81598,0.49187,0.02006,-0.11413,-0.04033,1.47100,0.14723,-0.13455,-1.64216,-0.27599,-0.26832,0.47728,0.53214,0.07657,0.23140,0.44408,0.01888,-0.12699,0.49005
6.20000,2.21348,-0.09884,0.38194,-0.02199,-0.07620,-0.03167,0.99635,-0.17931,0.63539,-1.45699,0.09057,0.58664,-1.40901,-0.18596,0.90613,-1.74938,0.12394,0.96970,-1.75886,0.48477,-0.05304,-0.12068,1.28113,2.01111,0.52479,1.09479,0.63821,1.13531,-1.28850,1.38574,-4.49885,-0.78937,-0.28955,0.56603,-0.98012,-1.69633,1.98451
6.24000,2.23200,-0.10170,0.38183,0.00145,-0.03321,-0.03117,0.99896,-0.06759,0.68478,-1.44002,0.05675,0.62312,-1.54106,-0.21617,0.85409,-1.68114,0.07882,0.88565,-1.64470,0.45769,-0.10080,0.05774,1.15947,1.68744,-0.37284,-0.60435,1.10677,-3.07870,-0.39427,0.89755,-1.88067,-0.84145,-1.26939,1.87446,-1.20518,-1.43682,2.77322
6.28000,2.25084,-0.10451,0.38352,-0.00826,0.01338,-0.04227,0.99898,-0.02888,0.72278,-1.57671,0.10183,0.71575,-1.67804,-0.18837,0.75247,-1.55319,0.06187,0.79980,-1.56461,0.50019,-0.03801,0.01731,-0.25802,1.90901,-0.48611,0.67222,0.82087,-2.48666,0.88402,1.31049,-2.40307,0.36245,-1.79763,2.74027,-1.53175,-1.67474,0.06543
6.32000,2.26951,-0.10674,0.38743,0.00611,0.06874,-0.04408,0.99664,-0.05125,0.73363,-1.69720,0.08849,0.72269,-1.78153,-0.18970,0.63687,-1.40507,0.03323,0.64621,-1.37342,0.47007,-0.08605,0.10153,0.44307,2.21170,0.23412,-0.31282,0.50799,-2.03490,-0.15293,0.24975,-1.94617,1.33698,-0.69332,1.99997,0.21931,-3.41558,4.62975
6.36000,2.28736,-0.11010,0.38970,0.01178,0.09645,-0.04106,0.99442,-0.05968,0.76846,-1.74764,0.08370,0.75081,-1.82694,-0.13074,0.63137,-1.42232,0.01858,0.57372,-1.35959,0.41617,-0.08158,0.03190,0.22834,0.51045,0.00815,-0.04460,1.15703,-0.36106,-0.03623,1.11652,-0.18882,0.47628,0.17898,-0.08378,-0.34612,-0.96046,-0.31777
6.40000,2.30162,-0.11357,0.39026,0.02202,0.09276,-0.04133,0.99459,-0.07258,0.82234,-1.73834,0.06851,0.79837,-1.80125,-0.11237,0.58946,-1.61445,0.03140,0.48553,-1.50685,0.31148,-0.09081,0.00956,0.62939,-0.95257,-0.18395,-0.42827,1.49687,0.97499,-0.55150,1.30804,1.58748,-0.29546,-2.06687,-2.13995,0.97012,-2.96800,-1.73527
6.44000,2.31358,-0.11635,0.39196,0.02429,0.03895,-0.04191,0.99807,-0.07126,0.89161,-1.59465,0.05845,0.86869,-1.65208,-0.16605,0.51955,-1.82252,0.13284,0.40908,-1.76315,0.28926,-0.04521,0.07010,-0.13600,-3.77103,-0.06790,-0.01669,1.64683,5.32492,-0.34891,1.73736,5.25755,-1.68094,-2.23513,-1.57498,2.02272,-2.47444,-1.92946
6.48000,2.32570,-0.11766,0.39003,0.01508,-0.03827,-0.04420,0.99818,-0.05239,0.95511,-1.39650,0.07282,0.94275,-1.60400,-0.19725,0.42664,-1.69668,0.11780,0.44921,-1.66803,0.30103,-0.03146,-0.21453,-0.76198,-3.76138,-0.24615,0.73266,1.22137,2.93428,0.88459,0.14677,-0.16840,0.34864,0.08242,0.56715,-2.04739,3.14129,1.88901
6.52000,2.33802,-0.11810,0.38480,0.01700,-0.09913,-0.04615,0.99386,-0.09797,0.99075,-1.36354,0.08583,0.87768,-1.61591,-0.22627,0.58555,-1.68683,0.08116,0.65912,-1.67203,0.21956,0.01268,0.10231,-0.06224,-0.76132,-0.23036,-1.21729,-1.06837,-0.53565,0.72233,-2.62704,-1.17981,-0.21509,1.65789,-0.61420,-0.17264,2.12374,-1.01699
6.56000,2.34948,-0.11824,0.38834,-0.00431,-0.11428,-0.04981,0.99219,-0.10980,0.98778,-1.67415,0.13345,0.76876,-1.61236,-0.19072,0.66856,-1.71545,0.11982,0.76144,-1.73104,0.33888,0.00349,0.12626,-1.18832,-0.61882,-0.18288,-1.04441,-2.18940,-2.13689,-0.25692,-1.15516,-0.31458,1.03017,2.25137,-0.51799,1.09484,2.50842,-1.17980
6.60000,2.36591,-0.11805,0.39128,-0.02214,-0.13223,-0.04596,0.98991,-0.16521,0.90640,-1.75668,0.14390,0.63000,-1.56710,-0.16166,0.79632,-1.76964,0.15781,0.88357,-1.79539,0.46297,0.01686,0.06415,-0.68721,-0.64861,0.27225,-0.90228,-1.21761,-0.84955,0.13431,-2.65736,-0.81726,0.46891,3.23205,-1.24748,0.71016,2.81495,-1.27972
6.64000,2.38568,-0.11691,0.39093,-0.01692,-0.14153,-0.03840,0.98904,-0.23504,0.79517,-1.77305,0.15386,0.52283,-1.57559,-0.18311,0.92220,-1.82830,0.14819,0.99014,-1.84326,0.51282,0.03357,-0.04229,0.25951,0.06866,0.34897,-0.41489,-2.07023,-0.85030,0.89297,-1.32440,-0.56808,-0.56463,2.40119,-0.89326,-0.33904,2.02490,-0.75609
6.68000,2.40544,-0.11590,0.38941,-0.00249,-0.12286,-0.03050,0.99195,-0.27144,0.65296,-1.61908,0.16622,0.52278,-1.52227,-0.21279,0.96470,-1.82575,0.11785,1.00500,-1.82272,0.50132,0.00158,-0.06713,0.57510,1.75446,0.51282,0.33098,-0.82681,0.33449,0.19227,1.38669,0.73817,-0.28713,-0.02605,0.79937,-0.49363,-0.97022,1.38812
6.72000,2.42481,-0.11608,0.38610,0.00040,-0.07277,-0.02301,0.99708,-0.19663,0.64649,-1.52214,0.11667,0.66427,-1.36169,-0.19909,0.91166,-1.75596,0.11538,0.91874,-1.73763,0.49216,-0.00830,-0.19123,0.05301,3.14237,0.41182,1.72674,1.10532,0.89877,-2.00464,4.27156,2.27181,0.68274,-1.95542,1.76268,0.12652,-2.87267,2.27072
6.76000,2.44172,-0.11550,0.38401,-0.00897,-0.01789,-0.02489,0.99949,-0.18371,0.67275,-1.65757,0.14279,0.71652,-1.54254,-0.17178,0.80318,-1.63694,0.11637,0.82901,-1.65046,0.36822,0.03682,0.10408,-0.19194,1.26969,-0.44526,0.29323,0.41896,-1.25002,0.44561,0.80859,-1.14314,0.02551,-1.52051,2.59447,-0.86333,0.03641,0.96346
6.80000,2.45629,-0.11522,0.38865,-0.00625,0.02394,-0.02507,0.99938,-0.17892,0.73042,-1.75248,0.13461,0.75249,-1.63275,-0.15756,0.71962,-1.51989,0.10212,0.72807,-1.51927,0.38199,-0.02132,0.08591,0.13784,1.92814,0.27770,-0.55146,1.09211,-2.58586,-0.09256,0.25376,-1.94406,1.24162,-0.30177,1.19258,0.01068,-2.47322,3.24807
6.84000,2.47152,-0.11615,0.39568,-0.00964,0.07034,-0.01802,0.99731,-0.18884,0.74615,-1.82381,0.13969,0.74328,-1.70622,-0.12119,0.61581,-1.36236,0.11253,0.58411,-1.33611,0.41354,-0.01881,0.17391,-0.00423,1.55467,0.34825,-0.32659,1.04752,-1.29127,-0.08628,0.07935,-0.81829,1.12147,-0.03595,1.99914,0.15097,-2.41241,3.83621
6.88000,2.48708,-0.11742,0.40080,-0.00855,0.08584,-0.01698,0.99613,-0.18567,0.78099,-1.82965,0.13903,0.76341,-1.70417,-0.07553,0.63589,-1.45487,0.06762,0.56314,-1.31657,0.35413,-0.04043,0.08875,0.08538,0.13252,-0.23357,0.25749,0.95804,0.12606,0.08883,0.81800,0.75903,0.35471,-0.92260,-0.74153,-0.69976,0.47937,0.19504
6.92000,2.49985,-0.11908,0.40260,-0.00600,0.06863,-0.02142,0.99739,-0.17208,0.83827,-1.79016,0.13757,0.81009,-1.63624,-0.09123,0.62763,-1.72466,0.05445,0.52614,-1.55752,0.29204,-0.03910,0.02262,-0.16033,-1.60806,-0.19959,0.59682,1.55408,1.74017,0.13474,1.37792,2.43078,-1.03300,-1.99367,-1.86895,0.61428,-3.73436,-2.36200
6.96000,2.51154,-0.11973,0.40193,-0.01959,0.00846,-0.02532,0.99945,-0.12722,0.91871,-1.65145,0.15764,0.88553,-1.48569,-0.15959,0.50313,-1.90160,0.13426,0.44775,-1.72169,0.29388,0.01436,-0.06162,-0.69809,-3.86608,-0.04497,0.78654,2.08313,4.40040,-0.02541,2.18038,4.26256,-1.58039,-3.11860,-1.82195,1.39665,-1.10008,-0.99006
7.00000,2.52427,-0.11891,0.39646,-0.02357,-0.07206,-0.02782,0.99673,-0.11238,1.00959,-1.49757,0.09306,0.91912,-1.48059,-0.17692,0.53161,-1.64955,0.11972,0.62753,-1.61469,0.26854,-0.01003,-0.19527,0.79226,-3.11107,0.31153,-0.51834,1.43516,1.53638,-1.94929,-2.42758,-0.82905,1.29652,3.32904,2.81637,-0.77565,6.09149,-5.33141
7.04000,2.53563,-0.12151,0.38906,0.01138,-0.11793,-0.01973,0.99276,-0.14781,1.06923,-1.55880,0.09330,0.74348,-1.53703,-0.17220,0.75666,-1.63854,0.06459,0.81376,-1.76189,0.25515,-0.11120,-0.08325,1.05804,-0.76235,0.41113,0.34743,-0.84926,-0.52436,2.50713,-3.80097,-1.88635,-0.89494,2.87379,-2.61893,-0.62408,2.03195,-1.15641
7.08000,2.54751,-0.12479,0.38462,0.01221,-0.12713,-0.02092,0.99159,-0.11245,0.99865,-1.79632,0.17221,0.69885,-1.57996,-0.17152,0.84923,-1.71616,0.07418,0.91405,-1.82829,0.32472,-0.04104,-0.08821,-0.23935,-0.01038,-0.25261,-0.27597,-3.23681,-2.13826,0.05166,0.84851,0.20262,0.19005,1.47175,-0.98303,0.33704,1.85329,-1.14836
7.12000,2.56183,-0.12532,0.38207,-0.00484,-0.12191,-0.02521,0.99221,-0.12431,0.84186,-1.64625,0.16667,0.60698,-1.45268,-0.14088,0.89138,-1.72854,0.10800,0.97756,-1.86412,0.41497,0.01666,-0.06634,-0.76212,0.79717,-0.28288,-0.05592,-0.44265,0.40446,-1.01746,-1.80549,-0.10503,0.66918,0.43930,0.31682,0.66560,1.04140,-0.40711
7.16000,2.57931,-0.12448,0.37818,-0.01205,-0.09805,-0.02693,0.99474,-0.15886,0.74183,-1.53664,0.10779,0.55526,-1.37272,-0.13113,0.89099,-1.70724,0.11552,0.99369,-1.86141,0.48181,0.01455,-0.15490,-0.45645,1.61008,-0.10859,-0.25689,-0.07272,-2.13106,-0.79538,0.45128,0.58028,0.45680,-0.30263,0.66568,0.38497,0.06506,0.18562
7.20000,2.59486,-0.12366,0.38133,-0.01332,-0.07670,-0.02534,0.99664,-0.16877,0.77254,-1.57536,0.10147,0.59092,-1.42319,-0.12659,0.87374,-1.64628,0.11207,0.97982,-1.80802,0.30262,0.01501,0.28980,0.08616,0.24716,0.13937,-0.14721,0.22969,1.44326,-0.31998,0.24835,1.08107,0.03484,-0.07000,1.94485,-0.20800,-0.14361,1.92717
7.24000,2.60637,-0.12407,0.38689,-0.00038,-0.04829,-0.02176,0.99860,-0.21184,0.83171,-1.74848,0.15335,0.75718,-1.56808,-0.06637,0.78086,-1.64489,0.08515,0.90460,-1.70205,0.27051,-0.01794,-0.00452,1.33527,1.71222,0.32187,-1.40104,0.07666,-0.75811,1.87343,3.17001,0.52864,1.17367,-2.04187,-0.86649,-1.24242,-2.25790,2.46075
7.28000,2.61724,-0.12358,0.38961,0.00327,0.00022,-0.02316,0.99973,-0.15288,0.79985,-1.75447,0.11033,0.86942,-1.59380,-0.06580,0.62502,-1.45261,0.06854,0.79576,-1.57054,0.30582,0.03977,0.06303,-1.34478,2.45580,-0.33017,1.31321,-0.34343,-2.05711,-1.84198,1.00395,0.52726,1.22613,-3.61040,4.21214,0.72297,-0.25505,2.48178
7.32000,2.62791,-0.12121,0.39118,-0.00237,0.04835,-0.01991,0.99863,-0.16453,0.79332,-1.83959,0.11005,0.87512,-1.70712,-0.03980,0.64990,-1.41932,0.07210,0.66829,-1.44199,0.23175,0.08084,0.02931,-0.24143,1.76784,0.34469,-0.44993,0.00215,-1.23770,-0.06719,0.11927,-2.18613,0.36518,2.41436,0.94446,0.15948,-2.41200,2.44278
7.36000,2.63580,-0.11933,0.39627,-0.00415,0.07600,-0.01517,0.99698,-0.17888,0.78347,-1.85699,0.10323,0.86227,-1.74446,-0.03428,0.66817,-1.31072,0.07213,0.57382,-1.32681,0.17593,0.01939,0.17605,-0.26339,0.62801,0.08443,0.21902,-0.21336,0.54450,0.15235,-0.28040,0.35771,0.10659,0.35197,0.35468,0.18610,-1.27519,2.19675
7.40000,2.64196,-0.11870,0.40142,-0.01660,0.07228,-0.01597,0.99712,-0.14848,0.78776,-1.81070,0.12515,0.87009,-1.70565,-0.05015,0.65211,-1.48782,0.06330,0.54583,-1.39318,0.13967,0.01473,0.08471,-0.73726,-0.82727,0.00103,0.92583,0.43109,1.63343,0.63049,0.54975,1.44613,-1.04361,-2.45901,-1.71782,0.15200,0.13779,-1.38610
7.44000,2.64739,-0.11936,0.40188,-0.01872,0.03397,-0.01745,0.99909,-0.12587,0.84103,-1.72970,0.12618,0.90806,-1.60480,-0.11946,0.58460,-1.82773,0.07711,0.53017,-1.62540,0.13625,-0.04276,-0.03676,-0.06997,-2.61003,0.03511,1.03241,2.15161,2.03316,-0.02770,1.17753,3.15965,-1.32708,-2.87956,-2.49368,0.98327,-2.50899,-1.81904
7.48000,2.65502,-0.12085,0.39667,-0.02786,-0.04032,-0.01796,0.99864,-0.09539,0.92794,-1.58483,0.13517,0.98317,-1.45769,-0.16042,0.53723,-1.78932,0.10187,0.63430,-1.64376,0.19403,-0.03729,-0.23292,-0.16146,-3.88336,0.27499,0.13511,2.46079,3.28682,-0.81335,1.92998,2.17831,-0.17926,0.31948,0.71139,0.36053,7.19277,-6.54188
7.52000,2.66261,-0.12389,0.38933,0.00517,-0.09662,-0.00550,0.99529,-0.12751,1.01476,-1.56669,0.09680,0.78976,-1.55081,-0.18627,0.70691,-1.69647,0.05914,0.82903,-1.80003,0.14999,-0.11659,-0.07394,1.07567,-1.13849,0.70227,0.88889,-0.35938,-0.04139,1.12426,-7.72229,-3.33857,-0.76339,3.22509,-3.03853,-0.41177,1.89719,-1.14085
7.56000,2.67113,-0.12737,0.38700,0.01039,-0.11224,-0.00269,0.99362,-0.08853,0.99730,-1.73237,0.14956,0.67879,-1.57583,-0.18884,0.80625,-1.77848,0.06637,0.91202,-1.84919,0.25543,-0.04571,-0.00107,-0.02070,-0.18835,-0.20944,-0.43938,-1.78762,-1.37071,0.46220,1.78305,0.61406,0.05578,1.30434,-0.69249,0.12528,1.55487,-0.57012
7.60000,2.68344,-0.12778,0.38764,-0.00877,-0.11192,-0.00829,0.99364,-0.09854,0.93715,-1.71454,0.17704,0.66099,-1.46636,-0.15273,0.84784,-1.78175,0.10306,0.97579,-1.87353,0.36257,0.03542,0.02690,-0.97676,0.42561,-0.39483,-0.62884,-0.07763,-0.01410,-0.45106,-0.65948,0.16658,0.83302,0.56415,0.52915,0.77300,1.23170,-0.23718
7.64000,2.69965,-0.12565,0.38775,-0.02233,-0.09853,-0.01237,0.99481,-0.14735,0.84549,-1.68688,0.14087,0.58842,-1.40169,-0.13500,0.86920,-1.75717,0.11732,1.01512,-1.87378,0.46630,0.06476,-0.03535,-0.72863,0.89861,-0.27365,-0.31552,-1.79104,-0.62375,-0.68492,-0.92889,-0.03458,0.50577,0.75145,0.69781,0.40204,0.96196,-0.00652
7.68000,2.71794,-0.12369,0.38711,-0.02029,-0.06952,-0.01364,0.99728,-0.16927,0.70907,-1.54730,0.11232,0.60583,-1.42760,-0.14135,0.85667,-1.70992,0.09959,1.00234,-1.82819,0.46028,0.00299,0.00384,0.93816,1.47591,0.05684,0.58368,-0.81230,0.45081,-0.82353,1.23399,-2.58116,-0.41298,0.26610,0.87231,-1.08622,-0.73861,1.76223
7.72000,2.73614,-0.12477,0.38924,-0.00305,-0.04237,-0.01637,0.99896,-0.11052,0.71024,-1.47079,0.08859,0.64861,-1.49878,-0.17180,0.83670,-1.65601,0.05923,0.97280,-1.74649,0.45305,-0.06930,0.07402,0.44979,1.03816,-0.30185,-0.08579,1.12783,-1.66021,0.06276,1.13065,-1.05779,-0.28443,-0.30436,1.30363,-0.50052,-0.26865,1.83689
7.76000,2.75340,-0.12662,0.39286,-0.00882,-0.00063,-0.02563,0.99963,-0.08253,0.73297,-1.57989,0.12340,0.71420,-1.59681,-0.15469,0.74055,-1.53166,0.05640,0.88709,-1.63384,0.43887,-0.02148,0.06765,-0.00276,1.89537,-0.48084,0.30712,0.53141,-2.27468,0.54925,0.86745,-1.97997,0.05449,-2.13844,2.91464,-0.82670,-2.42204,1.61508
7.80000,2.77017,-0.12788,0.39710,0.00236,0.05063,-0.02677,0.99836,-0.10506,0.74295,-1.68921,0.11174,0.72044,-1.69304,-0.13240,0.65387,-1.39207,0.03268,0.74151,-1.45763,0.42671,-0.04169,0.08717,0.54589,2.01492,0.22114,-0.65188,0.56215,-1.90961,-0.42779,0.24319,-1.86502,2.16976,0.72915,1.98588,-0.19159,-3.04687,4.03607
7.84000,2.78590,-0.12974,0.39914,0.01163,0.08719,-0.02433,0.99583,-0.12682,0.76611,-1.76390,0.09915,0.73313,-1.76097,-0.06394,0.59942,-1.34805,0.01926,0.63280,-1.32616,0.37014,-0.04352,-0.00083,0.26870,1.01358,-0.06145,-0.18167,0.89697,-1.18190,-0.04370,0.83247,-0.98856,0.87527,-1.35966,-0.39107,-0.35148,-1.38136,0.79592
7.88000,2.79982,-0.13108,0.39716,0.01188,0.08900,-0.02692,0.99560,-0.12160,0.81795,-1.77739,0.10492,0.78894,-1.77007,-0.06125,0.58264,-1.42240,0.02703,0.57175,-1.37735,0.32362,-0.01887,-0.07026,-0.24083,-0.68832,-0.21257,0.40534,1.50719,0.51000,0.30446,1.78066,0.54202,0.04255,2.19529,-1.22890,0.42698,-1.72698,-0.70076
7.92000,2.80999,-0.13161,0.39399,0.01639,0.06267,-0.03271,0.99736,-0.12259,0.88020,-1.73735,0.09728,0.85695,-1.71678,-0.09242,0.59035,-1.64899,0.04424,0.46388,-1.53697,0.19798,-0.01017,-0.07290,0.05451,-1.85853,-0.37644,0.09225,1.46137,1.64552,-0.13061,1.63408,2.01879,-0.86064,-2.84200,-1.98088,0.85406,-3.09522,-1.81662
7.96000,2.81831,-0.13079,0.39173,0.00223,-0.00982,-0.03680,0.99927,-0.09161,0.94572,-1.56304,0.11225,0.94110,-1.55859,-0.15211,0.54660,-1.82504,0.14756,0.48283,-1.69225,0.19307,0.05917,-0.04943,-0.77653,-4.39208,-0.07933,0.40815,1.47957,5.66952,-0.03446,1.96645,4.85244,-1.66105,-1.19565,-1.04560,1.47808,0.53836,-0.30849
8.00000,2.82470,-0.12740,0.38841,-0.00192,-0.07880,-0.04195,0.99601,-0.06846,0.96947,-1.48089,0.11327,0.88281,-1.58160,-0.19773,0.63486,-1.80781,0.12826,0.63400,-1.63465,0.04637,0.11907,-0.02191,0.15562,-1.39123,-0.48774,0.04508,-1.54322,-0.52507,0.27630,-4.65766,-1.97123,-1.04693,1.40486,-1.00261,-0.76047,2.79919,-2.46432
