"global_step","DRRandom_04-01-36-40 - _step","DRRandom_04-01-36-40 - _step__MIN","DRRandom_04-01-36-40 - _step__MAX","DRRandom_04-01-36-40 - rewards/waypoint/step","DRRandom_04-01-36-40 - rewards/waypoint/step__MIN","DRRandom_04-01-36-40 - rewards/waypoint/step__MAX"
"192","3","3","3","0.000020074501662747934","0.000020074501662747934","0.000020074501662747934"
"524288","7","7","7","0.04151899740099907","0.04151899740099907","0.04151899740099907"
"1048576","11","11","11","0.017369695007801056","0.017369695007801056","0.017369695007801056"
"1572864","15","15","15","0.05581508204340935","0.05581508204340935","0.05581508204340935"
"2097152","19","19","19","0.030586840584874153","0.030586840584874153","0.030586840584874153"
"2621440","23","23","23","0.020466629415750504","0.020466629415750504","0.020466629415750504"
"3145728","27","27","27","0.028525250032544136","0.028525250032544136","0.028525250032544136"
"3670016","31","31","31","0.11075156182050705","0.11075156182050705","0.11075156182050705"
"4194304","35","35","35","0.06375456601381302","0.06375456601381302","0.06375456601381302"
"4718592","39","39","39","0.056293785572052","0.056293785572052","0.056293785572052"
"5242880","43","43","43","0.22916142642498016","0.22916142642498016","0.22916142642498016"
"5767168","47","47","47","0.07403821498155594","0.07403821498155594","0.07403821498155594"
"6291456","51","51","51","0.11978266388177872","0.11978266388177872","0.11978266388177872"
"6815744","55","55","55","0.29194968938827515","0.29194968938827515","0.29194968938827515"
"7340032","59","59","59","0.34601348638534546","0.34601348638534546","0.34601348638534546"
"7864320","63","63","63","0.2053854912519455","0.2053854912519455","0.2053854912519455"
"8388608","67","67","67","0.11213859170675278","0.11213859170675278","0.11213859170675278"
"8912896","71","71","71","0.20787642896175385","0.20787642896175385","0.20787642896175385"
"9437184","75","75","75","0.27746346592903137","0.27746346592903137","0.27746346592903137"
"9961472","79","79","79","0.4028087556362152","0.4028087556362152","0.4028087556362152"
"10485760","83","83","83","0.5009605884552002","0.5009605884552002","0.5009605884552002"
"11010048","87","87","87","0.7111261487007141","0.7111261487007141","0.7111261487007141"
"11534336","91","91","91","0.7728759050369263","0.7728759050369263","0.7728759050369263"
"12058624","95","95","95","0.5505883693695068","0.5505883693695068","0.5505883693695068"
"12582912","99","99","99","1.2002968788146973","1.2002968788146973","1.2002968788146973"
"13107200","103","103","103","1.274168848991394","1.274168848991394","1.274168848991394"
"13631488","107","107","107","0.8675371408462524","0.8675371408462524","0.8675371408462524"
"14155776","111","111","111","1.1318488121032715","1.1318488121032715","1.1318488121032715"
"14680064","115","115","115","1.658548355102539","1.658548355102539","1.658548355102539"
"15204352","119","119","119","1.7196110486984253","1.7196110486984253","1.7196110486984253"
"15728640","123","123","123","1.1203384399414062","1.1203384399414062","1.1203384399414062"
"16252928","127","127","127","1.3332819938659668","1.3332819938659668","1.3332819938659668"
"16777216","131","131","131","1.8125602006912231","1.8125602006912231","1.8125602006912231"
"17301504","135","135","135","1.8539724349975586","1.8539724349975586","1.8539724349975586"
"17825792","139","139","139","1.7135878801345825","1.7135878801345825","1.7135878801345825"
"18350080","143","143","143","2.1732962131500244","2.1732962131500244","2.1732962131500244"
"18874368","147","147","147","1.8202016353607178","1.8202016353607178","1.8202016353607178"
"19398656","151","151","151","1.9218409061431885","1.9218409061431885","1.9218409061431885"
"19922944","155","155","155","2.783173084259033","2.783173084259033","2.783173084259033"
"20447232","159","159","159","2.4767215251922607","2.4767215251922607","2.4767215251922607"
"20971520","163","163","163","2.832312822341919","2.832312822341919","2.832312822341919"
"21495808","167","167","167","2.360682725906372","2.360682725906372","2.360682725906372"
"22020096","171","171","171","2.515406370162964","2.515406370162964","2.515406370162964"
"22544384","175","175","175","2.543410539627075","2.543410539627075","2.543410539627075"
"23068672","179","179","179","3.039020299911499","3.039020299911499","3.039020299911499"
"23592960","183","183","183","2.715291738510132","2.715291738510132","2.715291738510132"
"24117248","187","187","187","3.1372838020324707","3.1372838020324707","3.1372838020324707"
"24641536","191","191","191","2.8706936836242676","2.8706936836242676","2.8706936836242676"
"25165824","195","195","195","3.0207629203796387","3.0207629203796387","3.0207629203796387"
"25690112","199","199","199","3.1002185344696045","3.1002185344696045","3.1002185344696045"
"26214400","203","203","203","3.4044814109802246","3.4044814109802246","3.4044814109802246"
"26738688","207","207","207","3.188774347305298","3.188774347305298","3.188774347305298"
"27262976","211","211","211","3.259302854537964","3.259302854537964","3.259302854537964"
"27787264","215","215","215","3.5534183979034424","3.5534183979034424","3.5534183979034424"
"28311552","219","219","219","4.092195510864258","4.092195510864258","4.092195510864258"
"28835840","223","223","223","3.784086227416992","3.784086227416992","3.784086227416992"
"29360128","227","227","227","3.743518590927124","3.743518590927124","3.743518590927124"
"29884416","231","231","231","3.6304714679718018","3.6304714679718018","3.6304714679718018"
"30408704","235","235","235","3.6174824237823486","3.6174824237823486","3.6174824237823486"
"30932992","239","239","239","3.529888153076172","3.529888153076172","3.529888153076172"
"31457280","243","243","243","3.888462543487549","3.888462543487549","3.888462543487549"
"31981568","247","247","247","3.9070863723754883","3.9070863723754883","3.9070863723754883"
"32505856","251","251","251","3.813788890838623","3.813788890838623","3.813788890838623"
"33030144","255","255","255","3.758875846862793","3.758875846862793","3.758875846862793"
"33554432","259","259","259","4.3201141357421875","4.3201141357421875","4.3201141357421875"
"34078720","263","263","263","3.944310426712036","3.944310426712036","3.944310426712036"
"34603008","267","267","267","3.859052896499634","3.859052896499634","3.859052896499634"
"35127296","271","271","271","4.05268669128418","4.05268669128418","4.05268669128418"
"35651584","275","275","275","4.086887836456299","4.086887836456299","4.086887836456299"
"36175872","279","279","279","4.604081153869629","4.604081153869629","4.604081153869629"
"36700160","283","283","283","4.606419086456299","4.606419086456299","4.606419086456299"
"37224448","287","287","287","4.476820468902588","4.476820468902588","4.476820468902588"
"37748736","291","291","291","4.413410663604736","4.413410663604736","4.413410663604736"
"38273024","295","295","295","4.761545181274414","4.761545181274414","4.761545181274414"
"38797312","299","299","299","4.366486072540283","4.366486072540283","4.366486072540283"
"39321600","303","303","303","4.291324138641357","4.291324138641357","4.291324138641357"
"39845888","307","307","307","4.394618988037109","4.394618988037109","4.394618988037109"
"40370176","311","311","311","4.76474142074585","4.76474142074585","4.76474142074585"
"40894464","315","315","315","4.549729347229004","4.549729347229004","4.549729347229004"
"41418752","319","319","319","5.158535480499268","5.158535480499268","5.158535480499268"
"41943040","323","323","323","4.71996545791626","4.71996545791626","4.71996545791626"
"42467328","327","327","327","4.8355393409729","4.8355393409729","4.8355393409729"
"42991616","331","331","331","4.82131290435791","4.82131290435791","4.82131290435791"
"43515904","335","335","335","4.9088454246521","4.9088454246521","4.9088454246521"
"44040192","339","339","339","5.134097099304199","5.134097099304199","5.134097099304199"
"44564480","343","343","343","5.194981098175049","5.194981098175049","5.194981098175049"
"45088768","347","347","347","5.368504047393799","5.368504047393799","5.368504047393799"
"45613056","351","351","351","5.094362735748291","5.094362735748291","5.094362735748291"
"46137344","355","355","355","4.886815071105957","4.886815071105957","4.886815071105957"
"46661632","359","359","359","4.842927932739258","4.842927932739258","4.842927932739258"
"47185920","363","363","363","4.667442321777344","4.667442321777344","4.667442321777344"
"47710208","367","367","367","5.474367618560791","5.474367618560791","5.474367618560791"
"48234496","371","371","371","5.596353054046631","5.596353054046631","5.596353054046631"
"48758784","375","375","375","5.238584995269775","5.238584995269775","5.238584995269775"
"49283072","379","379","379","5.295119285583496","5.295119285583496","5.295119285583496"
"49807360","383","383","383","5.5794219970703125","5.5794219970703125","5.5794219970703125"
"50331648","387","387","387","5.590973854064941","5.590973854064941","5.590973854064941"
"50855936","391","391","391","5.206583023071289","5.206583023071289","5.206583023071289"
"51380224","395","395","395","5.094851970672607","5.094851970672607","5.094851970672607"
"51904512","399","399","399","5.666741847991943","5.666741847991943","5.666741847991943"
"52428800","403","403","403","5.790902137756348","5.790902137756348","5.790902137756348"
"52953088","407","407","407","5.612287998199463","5.612287998199463","5.612287998199463"
"53477376","411","411","411","5.5368499755859375","5.5368499755859375","5.5368499755859375"
"54001664","415","415","415","6.289643287658691","6.289643287658691","6.289643287658691"
"54525952","419","419","419","5.850175857543945","5.850175857543945","5.850175857543945"
"55050240","423","423","423","5.740437030792236","5.740437030792236","5.740437030792236"
"55574528","427","427","427","5.81153678894043","5.81153678894043","5.81153678894043"
"56098816","431","431","431","6.04470682144165","6.04470682144165","6.04470682144165"
"56623104","435","435","435","6.191843509674072","6.191843509674072","6.191843509674072"
"57147392","439","439","439","5.742146968841553","5.742146968841553","5.742146968841553"
"57671680","443","443","443","5.770434379577637","5.770434379577637","5.770434379577637"
"58195968","447","447","447","5.974922180175781","5.974922180175781","5.974922180175781"
"58720256","451","451","451","5.73087739944458","5.73087739944458","5.73087739944458"
"59244544","455","455","455","5.8258538246154785","5.8258538246154785","5.8258538246154785"
"59768832","459","459","459","5.8942766189575195","5.8942766189575195","5.8942766189575195"
"60293120","463","463","463","6.087010860443115","6.087010860443115","6.087010860443115"
"60817408","467","467","467","5.92962121963501","5.92962121963501","5.92962121963501"
"61341696","471","471","471","6.24416971206665","6.24416971206665","6.24416971206665"
"61865984","475","475","475","6.1257853507995605","6.1257853507995605","6.1257853507995605"
"62390272","479","479","479","6.173658847808838","6.173658847808838","6.173658847808838"
"62914560","483","483","483","6.433759689331055","6.433759689331055","6.433759689331055"
"63438848","487","487","487","6.478428363800049","6.478428363800049","6.478428363800049"
"63963136","491","491","491","6.45998477935791","6.45998477935791","6.45998477935791"
"64487424","495","495","495","6.26762056350708","6.26762056350708","6.26762056350708"
"65011712","499","499","499","6.587706089019775","6.587706089019775","6.587706089019775"
"65536000","503","503","503","6.391787528991699","6.391787528991699","6.391787528991699"
"66060288","507","507","507","6.178279399871826","6.178279399871826","6.178279399871826"
"66584576","511","511","511","6.535902500152588","6.535902500152588","6.535902500152588"
"67108864","515","515","515","6.46156644821167","6.46156644821167","6.46156644821167"
"67633152","519","519","519","5.928117752075195","5.928117752075195","5.928117752075195"
"68157440","523","523","523","6.123897075653076","6.123897075653076","6.123897075653076"
"68681728","527","527","527","6.292797088623047","6.292797088623047","6.292797088623047"
"69206016","531","531","531","6.768470764160156","6.768470764160156","6.768470764160156"
"69730304","535","535","535","6.492708683013916","6.492708683013916","6.492708683013916"
"70254592","539","539","539","6.429422855377197","6.429422855377197","6.429422855377197"
"70778880","543","543","543","6.165757179260254","6.165757179260254","6.165757179260254"
"71303168","547","547","547","6.68631649017334","6.68631649017334","6.68631649017334"
"71827456","551","551","551","6.765901565551758","6.765901565551758","6.765901565551758"
"72351744","555","555","555","6.37204647064209","6.37204647064209","6.37204647064209"
"72876032","559","559","559","6.325593948364258","6.325593948364258","6.325593948364258"
"73400320","563","563","563","6.553654193878174","6.553654193878174","6.553654193878174"
"73924608","567","567","567","6.66303825378418","6.66303825378418","6.66303825378418"
"74448896","571","571","571","6.722338676452637","6.722338676452637","6.722338676452637"
"74973184","575","575","575","6.189435958862305","6.189435958862305","6.189435958862305"
"75497472","579","579","579","6.274866104125977","6.274866104125977","6.274866104125977"
"76021760","583","583","583","6.697804927825928","6.697804927825928","6.697804927825928"
"76546048","587","587","587","6.700467586517334","6.700467586517334","6.700467586517334"
"77070336","591","591","591","6.4516167640686035","6.4516167640686035","6.4516167640686035"
"77594624","595","595","595","6.700704097747803","6.700704097747803","6.700704097747803"
"78118912","599","599","599","6.562259197235107","6.562259197235107","6.562259197235107"
"78643200","603","603","603","6.746194362640381","6.746194362640381","6.746194362640381"
"79167488","607","607","607","6.498319149017334","6.498319149017334","6.498319149017334"
"79691776","611","611","611","6.63088321685791","6.63088321685791","6.63088321685791"
"80216064","615","615","615","6.806621074676514","6.806621074676514","6.806621074676514"
"80740352","619","619","619","6.742242813110352","6.742242813110352","6.742242813110352"
"81264640","623","623","623","6.240842342376709","6.240842342376709","6.240842342376709"
"81788928","627","627","627","6.807999610900879","6.807999610900879","6.807999610900879"
"82313216","631","631","631","6.738201141357422","6.738201141357422","6.738201141357422"
"82837504","635","635","635","6.774979591369629","6.774979591369629","6.774979591369629"
"83361792","639","639","639","6.952574729919434","6.952574729919434","6.952574729919434"
"83886080","643","643","643","6.985705375671387","6.985705375671387","6.985705375671387"
"84410368","647","647","647","7.086968898773193","7.086968898773193","7.086968898773193"
"84934656","651","651","651","6.4792938232421875","6.4792938232421875","6.4792938232421875"
"85458944","655","655","655","7.151116371154785","7.151116371154785","7.151116371154785"
"85983232","659","659","659","6.819220542907715","6.819220542907715","6.819220542907715"
"86507520","663","663","663","7.228780269622803","7.228780269622803","7.228780269622803"
"87031808","667","667","667","7.0691728591918945","7.0691728591918945","7.0691728591918945"
"87556096","671","671","671","6.9077582359313965","6.9077582359313965","6.9077582359313965"
"88080384","675","675","675","7.419715881347656","7.419715881347656","7.419715881347656"
"88604672","679","679","679","7.130266189575195","7.130266189575195","7.130266189575195"
"89128960","683","683","683","7.30126953125","7.30126953125","7.30126953125"
"89653248","687","687","687","6.878610134124756","6.878610134124756","6.878610134124756"
"90177536","691","691","691","7.1785430908203125","7.1785430908203125","7.1785430908203125"
"90701824","695","695","695","6.850508689880371","6.850508689880371","6.850508689880371"
"91226112","699","699","699","7.003842830657959","7.003842830657959","7.003842830657959"
"91750400","703","703","703","7.233475685119629","7.233475685119629","7.233475685119629"
"92274688","707","707","707","6.846996784210205","6.846996784210205","6.846996784210205"
"92798976","711","711","711","6.924523830413818","6.924523830413818","6.924523830413818"
"93323264","715","715","715","6.946443557739258","6.946443557739258","6.946443557739258"
"93847552","719","719","719","7.14295768737793","7.14295768737793","7.14295768737793"
"94371840","723","723","723","6.512504577636719","6.512504577636719","6.512504577636719"
"94896128","727","727","727","7.004338264465332","7.004338264465332","7.004338264465332"
"95420416","731","731","731","6.903214454650879","6.903214454650879","6.903214454650879"
"95944704","735","735","735","7.041469573974609","7.041469573974609","7.041469573974609"
"96468992","739","739","739","7.216410160064697","7.216410160064697","7.216410160064697"
"96993280","743","743","743","6.630960941314697","6.630960941314697","6.630960941314697"
"97517568","747","747","747","7.188987731933594","7.188987731933594","7.188987731933594"
"98041856","751","751","751","6.736874103546143","6.736874103546143","6.736874103546143"
"98566144","755","755","755","6.901115417480469","6.901115417480469","6.901115417480469"
"99090432","759","759","759","6.75602388381958","6.75602388381958","6.75602388381958"
"99614720","763","763","763","7.198111534118652","7.198111534118652","7.198111534118652"
"100139008","767","767","767","7.523478984832764","7.523478984832764","7.523478984832764"
"100663296","771","771","771","7.129534721374512","7.129534721374512","7.129534721374512"
"101187584","775","775","775","7.111288070678711","7.111288070678711","7.111288070678711"
"101711872","779","779","779","6.88132381439209","6.88132381439209","6.88132381439209"
"102236160","783","783","783","7.262330532073975","7.262330532073975","7.262330532073975"
"102760448","787","787","787","6.881655693054199","6.881655693054199","6.881655693054199"
"103284736","791","791","791","7.353057861328125","7.353057861328125","7.353057861328125"
"103809024","795","795","795","6.84916877746582","6.84916877746582","6.84916877746582"
"104333312","799","799","799","7.093222618103027","7.093222618103027","7.093222618103027"
"104857600","803","803","803","7.301916122436523","7.301916122436523","7.301916122436523"
"105381888","807","807","807","7.092842102050781","7.092842102050781","7.092842102050781"
"105906176","811","811","811","7.062440872192383","7.062440872192383","7.062440872192383"
"106430464","815","815","815","7.167042255401611","7.167042255401611","7.167042255401611"
"106954752","819","819","819","7.39916467666626","7.39916467666626","7.39916467666626"
"107479040","823","823","823","7.27938985824585","7.27938985824585","7.27938985824585"
"108003328","827","827","827","6.991603851318359","6.991603851318359","6.991603851318359"
"108527616","831","831","831","7.206880569458008","7.206880569458008","7.206880569458008"
"109051904","835","835","835","7.619587421417236","7.619587421417236","7.619587421417236"
"109576192","839","839","839","7.242472171783447","7.242472171783447","7.242472171783447"
"110100480","843","843","843","6.992647171020508","6.992647171020508","6.992647171020508"
"110624768","847","847","847","7.162746429443359","7.162746429443359","7.162746429443359"
"111149056","851","851","851","7.0666022300720215","7.0666022300720215","7.0666022300720215"
"111673344","855","855","855","7.212789535522461","7.212789535522461","7.212789535522461"
"112197632","859","859","859","6.812145233154297","6.812145233154297","6.812145233154297"
"112721920","863","863","863","7.695314884185791","7.695314884185791","7.695314884185791"
"113246208","867","867","867","7.1747660636901855","7.1747660636901855","7.1747660636901855"
"113770496","871","871","871","7.334959030151367","7.334959030151367","7.334959030151367"
"114294784","875","875","875","7.330878257751465","7.330878257751465","7.330878257751465"
"114819072","879","879","879","7.39572286605835","7.39572286605835","7.39572286605835"
"115343360","883","883","883","7.312912464141846","7.312912464141846","7.312912464141846"
"115867648","887","887","887","7.106296062469482","7.106296062469482","7.106296062469482"
"116391936","891","891","891","6.97661828994751","6.97661828994751","6.97661828994751"
"116916224","895","895","895","7.264525413513184","7.264525413513184","7.264525413513184"
"117440512","899","899","899","7.595158100128174","7.595158100128174","7.595158100128174"
"117964800","903","903","903","7.20539665222168","7.20539665222168","7.20539665222168"
"118489088","907","907","907","7.043442249298096","7.043442249298096","7.043442249298096"
"119013376","911","911","911","7.306443691253662","7.306443691253662","7.306443691253662"
"119537664","915","915","915","7.22641658782959","7.22641658782959","7.22641658782959"
"120061952","919","919","919","7.739482402801514","7.739482402801514","7.739482402801514"
"120586240","923","923","923","7.59670877456665","7.59670877456665","7.59670877456665"
"121110528","927","927","927","7.28670597076416","7.28670597076416","7.28670597076416"
"121634816","931","931","931","7.536615371704102","7.536615371704102","7.536615371704102"
"122159104","935","935","935","7.3500657081604","7.3500657081604","7.3500657081604"
"122683392","939","939","939","7.762429714202881","7.762429714202881","7.762429714202881"
"123207680","943","943","943","7.346175193786621","7.346175193786621","7.346175193786621"
"123731968","947","947","947","7.305591106414795","7.305591106414795","7.305591106414795"
"124256256","951","951","951","7.313337326049805","7.313337326049805","7.313337326049805"
"124780544","955","955","955","7.2899169921875","7.2899169921875","7.2899169921875"
"125304832","959","959","959","7.166719436645508","7.166719436645508","7.166719436645508"
"125829120","963","963","963","7.839059829711914","7.839059829711914","7.839059829711914"
"126353408","967","967","967","7.5298285484313965","7.5298285484313965","7.5298285484313965"
"126877696","971","971","971","7.62220573425293","7.62220573425293","7.62220573425293"
"127401984","975","975","975","7.639407634735107","7.639407634735107","7.639407634735107"
"127926272","979","979","979","7.36777925491333","7.36777925491333","7.36777925491333"
"128450560","983","983","983","6.964623928070068","6.964623928070068","6.964623928070068"
"128974848","987","987","987","7.913332939147949","7.913332939147949","7.913332939147949"
"129499136","991","991","991","7.535989284515381","7.535989284515381","7.535989284515381"
"130023424","995","995","995","7.576379299163818","7.576379299163818","7.576379299163818"
"130547712","999","999","999","7.6734747886657715","7.6734747886657715","7.6734747886657715"
"131072000","1003","1003","1003","7.469437599182129","7.469437599182129","7.469437599182129"
"131596288","1007","1007","1007","7.081441402435303","7.081441402435303","7.081441402435303"
"132120576","1011","1011","1011","7.249288558959961","7.249288558959961","7.249288558959961"
"132644864","1015","1015","1015","7.48455286026001","7.48455286026001","7.48455286026001"
"133169152","1019","1019","1019","7.430430889129639","7.430430889129639","7.430430889129639"
"133693440","1023","1023","1023","7.086582660675049","7.086582660675049","7.086582660675049"
"134217728","1027","1027","1027","7.360050678253174","7.360050678253174","7.360050678253174"
"134742016","1031","1031","1031","7.550405502319336","7.550405502319336","7.550405502319336"
"135266304","1035","1035","1035","6.995088577270508","6.995088577270508","6.995088577270508"
"135790592","1039","1039","1039","7.732560634613037","7.732560634613037","7.732560634613037"
"136314880","1043","1043","1043","7.704076290130615","7.704076290130615","7.704076290130615"
"136839168","1047","1047","1047","7.6212286949157715","7.6212286949157715","7.6212286949157715"
"137363456","1051","1051","1051","7.739424705505371","7.739424705505371","7.739424705505371"
"137887744","1055","1055","1055","7.4434027671813965","7.4434027671813965","7.4434027671813965"
"138412032","1059","1059","1059","8.022194862365723","8.022194862365723","8.022194862365723"
"138936320","1063","1063","1063","7.558815002441406","7.558815002441406","7.558815002441406"
"139460608","1067","1067","1067","8.035919189453125","8.035919189453125","8.035919189453125"
"139984896","1071","1071","1071","7.000513076782227","7.000513076782227","7.000513076782227"
"140509184","1075","1075","1075","7.412755489349365","7.412755489349365","7.412755489349365"
"141033472","1079","1079","1079","7.21217155456543","7.21217155456543","7.21217155456543"
"141557760","1083","1083","1083","7.495734691619873","7.495734691619873","7.495734691619873"
"142082048","1087","1087","1087","7.764025688171387","7.764025688171387","7.764025688171387"
"142606336","1091","1091","1091","7.325047492980957","7.325047492980957","7.325047492980957"
"143130624","1095","1095","1095","7.5794267654418945","7.5794267654418945","7.5794267654418945"
"143654912","1099","1099","1099","7.946115016937256","7.946115016937256","7.946115016937256"
"144179200","1103","1103","1103","7.588508605957031","7.588508605957031","7.588508605957031"
"144703488","1107","1107","1107","7.724510192871094","7.724510192871094","7.724510192871094"
"145227776","1111","1111","1111","7.604356288909912","7.604356288909912","7.604356288909912"
"145752064","1115","1115","1115","7.39158296585083","7.39158296585083","7.39158296585083"
"146276352","1119","1119","1119","7.880880355834961","7.880880355834961","7.880880355834961"
"146800640","1123","1123","1123","7.6746745109558105","7.6746745109558105","7.6746745109558105"
"147324928","1127","1127","1127","7.788193702697754","7.788193702697754","7.788193702697754"
"147849216","1131","1131","1131","7.677944183349609","7.677944183349609","7.677944183349609"
"148373504","1135","1135","1135","7.50929069519043","7.50929069519043","7.50929069519043"
"148897792","1139","1139","1139","7.938419818878174","7.938419818878174","7.938419818878174"
"149422080","1143","1143","1143","8.022515296936035","8.022515296936035","8.022515296936035"
"149946368","1147","1147","1147","8.046234130859375","8.046234130859375","8.046234130859375"
"150470656","1151","1151","1151","7.980175495147705","7.980175495147705","7.980175495147705"
"150994944","1155","1155","1155","8.147417068481445","8.147417068481445","8.147417068481445"
"151519232","1159","1159","1159","7.655097484588623","7.655097484588623","7.655097484588623"
"152043520","1163","1163","1163","8.248178482055664","8.248178482055664","8.248178482055664"
"152567808","1167","1167","1167","7.6828484535217285","7.6828484535217285","7.6828484535217285"
"153092096","1171","1171","1171","7.76570987701416","7.76570987701416","7.76570987701416"
"153616384","1175","1175","1175","7.525728702545166","7.525728702545166","7.525728702545166"
"154140672","1179","1179","1179","7.932643890380859","7.932643890380859","7.932643890380859"
"154664960","1183","1183","1183","7.911144733428955","7.911144733428955","7.911144733428955"
"155189248","1187","1187","1187","7.754637241363525","7.754637241363525","7.754637241363525"
"155713536","1191","1191","1191","7.574274063110352","7.574274063110352","7.574274063110352"
"156237824","1195","1195","1195","7.779487609863281","7.779487609863281","7.779487609863281"
"156762112","1199","1199","1199","8.112700462341309","8.112700462341309","8.112700462341309"
"157286400","1203","1203","1203","7.838272571563721","7.838272571563721","7.838272571563721"
"157810688","1207","1207","1207","7.802767276763916","7.802767276763916","7.802767276763916"
"158334976","1211","1211","1211","7.6661858558654785","7.6661858558654785","7.6661858558654785"
"158859264","1215","1215","1215","7.827589511871338","7.827589511871338","7.827589511871338"
"159383552","1219","1219","1219","7.947350978851318","7.947350978851318","7.947350978851318"
"159907840","1223","1223","1223","8.124067306518555","8.124067306518555","8.124067306518555"
"160432128","1227","1227","1227","7.785157680511475","7.785157680511475","7.785157680511475"
"160956416","1231","1231","1231","8.209303855895996","8.209303855895996","8.209303855895996"
"161480704","1235","1235","1235","7.830549716949463","7.830549716949463","7.830549716949463"
"162004992","1239","1239","1239","8.542902946472168","8.542902946472168","8.542902946472168"
"162529280","1243","1243","1243","7.9089860916137695","7.9089860916137695","7.9089860916137695"
"163053568","1247","1247","1247","7.939515590667725","7.939515590667725","7.939515590667725"
"163577856","1251","1251","1251","8.161150932312012","8.161150932312012","8.161150932312012"
"164102144","1255","1255","1255","8.026602745056152","8.026602745056152","8.026602745056152"
"164626432","1259","1259","1259","8.134658813476562","8.134658813476562","8.134658813476562"
"165150720","1263","1263","1263","8.056543350219727","8.056543350219727","8.056543350219727"
"165675008","1267","1267","1267","8.032219886779785","8.032219886779785","8.032219886779785"
"166199296","1271","1271","1271","7.928641319274902","7.928641319274902","7.928641319274902"
"166723584","1275","1275","1275","8.032750129699707","8.032750129699707","8.032750129699707"
"167247872","1279","1279","1279","8.116740226745605","8.116740226745605","8.116740226745605"
"167772160","1283","1283","1283","8.385311126708984","8.385311126708984","8.385311126708984"
"168296448","1287","1287","1287","8.009857177734375","8.009857177734375","8.009857177734375"
"168820736","1291","1291","1291","8.440157890319824","8.440157890319824","8.440157890319824"
"169345024","1295","1295","1295","7.35880184173584","7.35880184173584","7.35880184173584"
"169869312","1299","1299","1299","8.245138168334961","8.245138168334961","8.245138168334961"
"170393600","1303","1303","1303","8.08566951751709","8.08566951751709","8.08566951751709"
"170917888","1307","1307","1307","7.938951015472412","7.938951015472412","7.938951015472412"
"171442176","1311","1311","1311","8.19949722290039","8.19949722290039","8.19949722290039"
"171966464","1315","1315","1315","8.252984046936035","8.252984046936035","8.252984046936035"
"172490752","1319","1319","1319","8.381861686706543","8.381861686706543","8.381861686706543"
"173015040","1323","1323","1323","8.225072860717773","8.225072860717773","8.225072860717773"
"173539328","1327","1327","1327","8.08989429473877","8.08989429473877","8.08989429473877"
"174063616","1331","1331","1331","8.02407169342041","8.02407169342041","8.02407169342041"
"174587904","1335","1335","1335","8.02691650390625","8.02691650390625","8.02691650390625"
"175112192","1339","1339","1339","8.37936782836914","8.37936782836914","8.37936782836914"
"175636480","1343","1343","1343","8.215612411499023","8.215612411499023","8.215612411499023"
"176160768","1347","1347","1347","8.289047241210938","8.289047241210938","8.289047241210938"
"176685056","1351","1351","1351","8.291799545288086","8.291799545288086","8.291799545288086"
"177209344","1355","1355","1355","8.093093872070312","8.093093872070312","8.093093872070312"
"177733632","1359","1359","1359","8.042535781860352","8.042535781860352","8.042535781860352"
"178257920","1363","1363","1363","8.466920852661133","8.466920852661133","8.466920852661133"
"178782208","1367","1367","1367","8.526824951171875","8.526824951171875","8.526824951171875"
"179306496","1371","1371","1371","8.344218254089355","8.344218254089355","8.344218254089355"
"179830784","1375","1375","1375","8.316176414489746","8.316176414489746","8.316176414489746"
"180355072","1379","1379","1379","8.090601921081543","8.090601921081543","8.090601921081543"
"180879360","1383","1383","1383","8.195404052734375","8.195404052734375","8.195404052734375"
"181403648","1387","1387","1387","8.343189239501953","8.343189239501953","8.343189239501953"
"181927936","1391","1391","1391","8.326967239379883","8.326967239379883","8.326967239379883"
"182452224","1395","1395","1395","8.003341674804688","8.003341674804688","8.003341674804688"
"182976512","1399","1399","1399","8.03046989440918","8.03046989440918","8.03046989440918"
"183500800","1403","1403","1403","8.644977569580078","8.644977569580078","8.644977569580078"
"184025088","1407","1407","1407","8.47867202758789","8.47867202758789","8.47867202758789"
"184549376","1411","1411","1411","8.49068546295166","8.49068546295166","8.49068546295166"
"185073664","1415","1415","1415","8.331771850585938","8.331771850585938","8.331771850585938"
"185597952","1419","1419","1419","8.386968612670898","8.386968612670898","8.386968612670898"
"186122240","1423","1423","1423","8.105223655700684","8.105223655700684","8.105223655700684"
"186646528","1427","1427","1427","8.137970924377441","8.137970924377441","8.137970924377441"
"187170816","1431","1431","1431","8.637053489685059","8.637053489685059","8.637053489685059"
"187695104","1435","1435","1435","8.30716323852539","8.30716323852539","8.30716323852539"
"188219392","1439","1439","1439","8.47636604309082","8.47636604309082","8.47636604309082"
"188743680","1443","1443","1443","8.458828926086426","8.458828926086426","8.458828926086426"
"189267968","1447","1447","1447","8.72260856628418","8.72260856628418","8.72260856628418"
"189792256","1451","1451","1451","8.57436466217041","8.57436466217041","8.57436466217041"
"190316544","1455","1455","1455","8.383190155029297","8.383190155029297","8.383190155029297"
"190840832","1459","1459","1459","8.351125717163086","8.351125717163086","8.351125717163086"
"191365120","1463","1463","1463","8.315446853637695","8.315446853637695","8.315446853637695"
"191889408","1467","1467","1467","8.464568138122559","8.464568138122559","8.464568138122559"
"192413696","1471","1471","1471","8.147205352783203","8.147205352783203","8.147205352783203"
"192937984","1475","1475","1475","8.370162963867188","8.370162963867188","8.370162963867188"
"193462272","1479","1479","1479","8.484475135803223","8.484475135803223","8.484475135803223"
"193986560","1483","1483","1483","8.30548095703125","8.30548095703125","8.30548095703125"
"194510848","1487","1487","1487","8.527796745300293","8.527796745300293","8.527796745300293"
"195035136","1491","1491","1491","8.317770957946777","8.317770957946777","8.317770957946777"
"195559424","1495","1495","1495","8.444404602050781","8.444404602050781","8.444404602050781"
"196083712","1499","1499","1499","8.697830200195312","8.697830200195312","8.697830200195312"
"196608000","1503","1503","1503","8.006590843200684","8.006590843200684","8.006590843200684"
"197132288","1507","1507","1507","8.770896911621094","8.770896911621094","8.770896911621094"
"197656576","1511","1511","1511","8.44399356842041","8.44399356842041","8.44399356842041"
"198180864","1515","1515","1515","8.264984130859375","8.264984130859375","8.264984130859375"
"198705152","1519","1519","1519","8.625385284423828","8.625385284423828","8.625385284423828"
"199229440","1523","1523","1523","8.439629554748535","8.439629554748535","8.439629554748535"
"199753728","1527","1527","1527","8.229920387268066","8.229920387268066","8.229920387268066"
"200278016","1531","1531","1531","8.143092155456543","8.143092155456543","8.143092155456543"
"200802304","1535","1535","1535","8.527430534362793","8.527430534362793","8.527430534362793"
"201326592","1539","1539","1539","8.586444854736328","8.586444854736328","8.586444854736328"
"201850880","1543","1543","1543","8.21415901184082","8.21415901184082","8.21415901184082"
"202375168","1547","1547","1547","8.414718627929688","8.414718627929688","8.414718627929688"
"202899456","1551","1551","1551","8.510476112365723","8.510476112365723","8.510476112365723"
"203423744","1555","1555","1555","8.415166854858398","8.415166854858398","8.415166854858398"
"203948032","1559","1559","1559","8.51258373260498","8.51258373260498","8.51258373260498"
"204472320","1563","1563","1563","8.6683931350708","8.6683931350708","8.6683931350708"
"204996608","1567","1567","1567","8.446453094482422","8.446453094482422","8.446453094482422"
"205520896","1571","1571","1571","8.455885887145996","8.455885887145996","8.455885887145996"
"206045184","1575","1575","1575","7.8939127922058105","7.8939127922058105","7.8939127922058105"
"206569472","1579","1579","1579","8.585334777832031","8.585334777832031","8.585334777832031"
"207093760","1583","1583","1583","8.421920776367188","8.421920776367188","8.421920776367188"
"207618048","1587","1587","1587","8.395537376403809","8.395537376403809","8.395537376403809"
"208142336","1591","1591","1591","8.268210411071777","8.268210411071777","8.268210411071777"
"208666624","1595","1595","1595","8.77332592010498","8.77332592010498","8.77332592010498"
"209190912","1599","1599","1599","8.6847562789917","8.6847562789917","8.6847562789917"
"209715200","1603","1603","1603","8.423195838928223","8.423195838928223","8.423195838928223"
"210239488","1607","1607","1607","8.674223899841309","8.674223899841309","8.674223899841309"
"210763776","1611","1611","1611","8.237383842468262","8.237383842468262","8.237383842468262"
"211288064","1615","1615","1615","8.491533279418945","8.491533279418945","8.491533279418945"
"211812352","1619","1619","1619","8.19082260131836","8.19082260131836","8.19082260131836"
"212336640","1623","1623","1623","8.654240608215332","8.654240608215332","8.654240608215332"
"212860928","1627","1627","1627","8.60938549041748","8.60938549041748","8.60938549041748"
"213385216","1631","1631","1631","8.435194969177246","8.435194969177246","8.435194969177246"
"213909504","1635","1635","1635","8.068465232849121","8.068465232849121","8.068465232849121"
"214433792","1639","1639","1639","8.537322998046875","8.537322998046875","8.537322998046875"
"214958080","1643","1643","1643","8.365373611450195","8.365373611450195","8.365373611450195"
"215482368","1647","1647","1647","8.364350318908691","8.364350318908691","8.364350318908691"
"216006656","1651","1651","1651","8.510568618774414","8.510568618774414","8.510568618774414"
"216530944","1655","1655","1655","8.683573722839355","8.683573722839355","8.683573722839355"
"217055232","1659","1659","1659","8.670475959777832","8.670475959777832","8.670475959777832"
"217579520","1663","1663","1663","8.273421287536621","8.273421287536621","8.273421287536621"
"218103808","1667","1667","1667","8.74933910369873","8.74933910369873","8.74933910369873"
"218628096","1671","1671","1671","8.734169960021973","8.734169960021973","8.734169960021973"
"219152384","1675","1675","1675","8.309171676635742","8.309171676635742","8.309171676635742"
"219676672","1679","1679","1679","8.798022270202637","8.798022270202637","8.798022270202637"
"220200960","1683","1683","1683","8.154993057250977","8.154993057250977","8.154993057250977"
"220725248","1687","1687","1687","8.539740562438965","8.539740562438965","8.539740562438965"
"221249536","1691","1691","1691","8.283404350280762","8.283404350280762","8.283404350280762"
"221773824","1695","1695","1695","8.540487289428711","8.540487289428711","8.540487289428711"
"222298112","1699","1699","1699","8.592506408691406","8.592506408691406","8.592506408691406"
"222822400","1703","1703","1703","8.59492015838623","8.59492015838623","8.59492015838623"
"223346688","1707","1707","1707","8.464484214782715","8.464484214782715","8.464484214782715"
"223870976","1711","1711","1711","8.356132507324219","8.356132507324219","8.356132507324219"
"224395264","1715","1715","1715","8.762986183166504","8.762986183166504","8.762986183166504"
"224919552","1719","1719","1719","8.571590423583984","8.571590423583984","8.571590423583984"
"225443840","1723","1723","1723","8.812585830688477","8.812585830688477","8.812585830688477"
"225968128","1727","1727","1727","8.525285720825195","8.525285720825195","8.525285720825195"
"226492416","1731","1731","1731","8.496599197387695","8.496599197387695","8.496599197387695"
"227016704","1735","1735","1735","8.959718704223633","8.959718704223633","8.959718704223633"
"227540992","1739","1739","1739","8.93731689453125","8.93731689453125","8.93731689453125"
"228065280","1743","1743","1743","8.408684730529785","8.408684730529785","8.408684730529785"
"228589568","1747","1747","1747","8.875415802001953","8.875415802001953","8.875415802001953"
"229113856","1751","1751","1751","8.34462833404541","8.34462833404541","8.34462833404541"
"229638144","1755","1755","1755","8.624590873718262","8.624590873718262","8.624590873718262"
"230162432","1759","1759","1759","8.414774894714355","8.414774894714355","8.414774894714355"
"230686720","1763","1763","1763","8.920612335205078","8.920612335205078","8.920612335205078"
"231211008","1767","1767","1767","8.619665145874023","8.619665145874023","8.619665145874023"
"231735296","1771","1771","1771","8.736774444580078","8.736774444580078","8.736774444580078"
"232259584","1775","1775","1775","8.391738891601562","8.391738891601562","8.391738891601562"
"232783872","1779","1779","1779","8.895082473754883","8.895082473754883","8.895082473754883"
"233308160","1783","1783","1783","8.647162437438965","8.647162437438965","8.647162437438965"
"233832448","1787","1787","1787","8.402253150939941","8.402253150939941","8.402253150939941"
"234356736","1791","1791","1791","8.321064949035645","8.321064949035645","8.321064949035645"
"234881024","1795","1795","1795","8.500831604003906","8.500831604003906","8.500831604003906"
"235405312","1799","1799","1799","8.560553550720215","8.560553550720215","8.560553550720215"
"235929600","1803","1803","1803","8.932573318481445","8.932573318481445","8.932573318481445"
"236453888","1807","1807","1807","8.659475326538086","8.659475326538086","8.659475326538086"
"236978176","1811","1811","1811","8.83029556274414","8.83029556274414","8.83029556274414"
"237502464","1815","1815","1815","8.540802955627441","8.540802955627441","8.540802955627441"
"238026752","1819","1819","1819","9.002336502075195","9.002336502075195","9.002336502075195"
"238551040","1823","1823","1823","8.851418495178223","8.851418495178223","8.851418495178223"
"239075328","1827","1827","1827","8.555367469787598","8.555367469787598","8.555367469787598"
"239599616","1831","1831","1831","8.534913063049316","8.534913063049316","8.534913063049316"
"240123904","1835","1835","1835","8.798429489135742","8.798429489135742","8.798429489135742"
"240648192","1839","1839","1839","9.052865028381348","9.052865028381348","9.052865028381348"
"241172480","1843","1843","1843","8.778095245361328","8.778095245361328","8.778095245361328"
"241696768","1847","1847","1847","8.989165306091309","8.989165306091309","8.989165306091309"
"242221056","1851","1851","1851","8.538098335266113","8.538098335266113","8.538098335266113"
"242745344","1855","1855","1855","8.64529800415039","8.64529800415039","8.64529800415039"
"243269632","1859","1859","1859","8.934669494628906","8.934669494628906","8.934669494628906"
"243793920","1863","1863","1863","8.962170600891113","8.962170600891113","8.962170600891113"
"244318208","1867","1867","1867","8.992483139038086","8.992483139038086","8.992483139038086"
"244842496","1871","1871","1871","8.707270622253418","8.707270622253418","8.707270622253418"
"245366784","1875","1875","1875","8.887429237365723","8.887429237365723","8.887429237365723"
"245891072","1879","1879","1879","8.997856140136719","8.997856140136719","8.997856140136719"
"246415360","1883","1883","1883","9.070857048034668","9.070857048034668","9.070857048034668"
"246939648","1887","1887","1887","8.845149993896484","8.845149993896484","8.845149993896484"
"247463936","1891","1891","1891","8.85562801361084","8.85562801361084","8.85562801361084"
"247988224","1895","1895","1895","8.807220458984375","8.807220458984375","8.807220458984375"
"248512512","1899","1899","1899","8.897327423095703","8.897327423095703","8.897327423095703"
"249036800","1903","1903","1903","8.719823837280273","8.719823837280273","8.719823837280273"
"249561088","1907","1907","1907","8.64521312713623","8.64521312713623","8.64521312713623"
"250085376","1911","1911","1911","9.243528366088867","9.243528366088867","9.243528366088867"
"250609664","1915","1915","1915","8.932913780212402","8.932913780212402","8.932913780212402"
"251133952","1919","1919","1919","8.614039421081543","8.614039421081543","8.614039421081543"
"251658240","1923","1923","1923","8.834698677062988","8.834698677062988","8.834698677062988"
"252182528","1927","1927","1927","8.721967697143555","8.721967697143555","8.721967697143555"
"252706816","1931","1931","1931","8.714397430419922","8.714397430419922","8.714397430419922"
"253231104","1935","1935","1935","8.757590293884277","8.757590293884277","8.757590293884277"
"253755392","1939","1939","1939","8.667490005493164","8.667490005493164","8.667490005493164"
"254279680","1943","1943","1943","8.675578117370605","8.675578117370605","8.675578117370605"
"254803968","1947","1947","1947","8.98307991027832","8.98307991027832","8.98307991027832"
"255328256","1951","1951","1951","8.6895751953125","8.6895751953125","8.6895751953125"
"255852544","1955","1955","1955","8.644065856933594","8.644065856933594","8.644065856933594"
"256376832","1959","1959","1959","8.958749771118164","8.958749771118164","8.958749771118164"
"256901120","1963","1963","1963","8.75345516204834","8.75345516204834","8.75345516204834"
"257425408","1967","1967","1967","9.14931869506836","9.14931869506836","9.14931869506836"
"257949696","1971","1971","1971","9.168798446655273","9.168798446655273","9.168798446655273"
"258473984","1975","1975","1975","8.72822380065918","8.72822380065918","8.72822380065918"
"258998272","1979","1979","1979","8.829817771911621","8.829817771911621","8.829817771911621"
"259522560","1983","1983","1983","8.387601852416992","8.387601852416992","8.387601852416992"
"260046848","1987","1987","1987","9.160616874694824","9.160616874694824","9.160616874694824"
"260571136","1991","1991","1991","8.806652069091797","8.806652069091797","8.806652069091797"
"261095424","1995","1995","1995","9.103474617004395","9.103474617004395","9.103474617004395"
"261619712","1999","1999","1999","8.748946189880371","8.748946189880371","8.748946189880371"
"262144000","2003","2003","2003","8.851431846618652","8.851431846618652","8.851431846618652"
"262668288","2007","2007","2007","9.02574634552002","9.02574634552002","9.02574634552002"
"263192576","2011","2011","2011","9.010848999023438","9.010848999023438","9.010848999023438"
"263716864","2015","2015","2015","9.138853073120117","9.138853073120117","9.138853073120117"
"264241152","2019","2019","2019","8.730827331542969","8.730827331542969","8.730827331542969"
"264765440","2023","2023","2023","8.932936668395996","8.932936668395996","8.932936668395996"
"265289728","2027","2027","2027","8.724555015563965","8.724555015563965","8.724555015563965"
"265814016","2031","2031","2031","8.78262710571289","8.78262710571289","8.78262710571289"
"266338304","2035","2035","2035","9.00738525390625","9.00738525390625","9.00738525390625"
"266862592","2039","2039","2039","8.90565013885498","8.90565013885498","8.90565013885498"
"267386880","2043","2043","2043","8.773096084594727","8.773096084594727","8.773096084594727"
"267911168","2047","2047","2047","8.547727584838867","8.547727584838867","8.547727584838867"
"268435456","2051","2051","2051","8.401101112365723","8.401101112365723","8.401101112365723"
"268959744","2055","2055","2055","8.727683067321777","8.727683067321777","8.727683067321777"
"269484032","2059","2059","2059","8.64171028137207","8.64171028137207","8.64171028137207"
"270008320","2063","2063","2063","8.679746627807617","8.679746627807617","8.679746627807617"
"270532608","2067","2067","2067","8.875750541687012","8.875750541687012","8.875750541687012"
"271056896","2071","2071","2071","8.949234008789062","8.949234008789062","8.949234008789062"
"271581184","2075","2075","2075","8.63276195526123","8.63276195526123","8.63276195526123"
"272105472","2079","2079","2079","8.838725090026855","8.838725090026855","8.838725090026855"
"272629760","2083","2083","2083","9.164312362670898","9.164312362670898","9.164312362670898"
"273154048","2087","2087","2087","8.78933048248291","8.78933048248291","8.78933048248291"
"273678336","2091","2091","2091","8.605473518371582","8.605473518371582","8.605473518371582"
"274202624","2095","2095","2095","8.419598579406738","8.419598579406738","8.419598579406738"
"274726912","2099","2099","2099","8.860044479370117","8.860044479370117","8.860044479370117"
"275251200","2103","2103","2103","8.97768497467041","8.97768497467041","8.97768497467041"
"275775488","2107","2107","2107","8.99283218383789","8.99283218383789","8.99283218383789"
"276299776","2111","2111","2111","8.983771324157715","8.983771324157715","8.983771324157715"
"276824064","2115","2115","2115","8.748557090759277","8.748557090759277","8.748557090759277"
"277348352","2119","2119","2119","8.790337562561035","8.790337562561035","8.790337562561035"
"277872640","2123","2123","2123","8.991979598999023","8.991979598999023","8.991979598999023"
"278396928","2127","2127","2127","8.405508995056152","8.405508995056152","8.405508995056152"
"278921216","2131","2131","2131","9.022316932678223","9.022316932678223","9.022316932678223"
"279445504","2135","2135","2135","8.751274108886719","8.751274108886719","8.751274108886719"
"279969792","2139","2139","2139","8.80833911895752","8.80833911895752","8.80833911895752"
"280494080","2143","2143","2143","8.71396255493164","8.71396255493164","8.71396255493164"
"281018368","2147","2147","2147","8.965469360351562","8.965469360351562","8.965469360351562"
"281542656","2151","2151","2151","9.024931907653809","9.024931907653809","9.024931907653809"
"282066944","2155","2155","2155","9.044703483581543","9.044703483581543","9.044703483581543"
"282591232","2159","2159","2159","8.944025039672852","8.944025039672852","8.944025039672852"
"283115520","2163","2163","2163","9.049551010131836","9.049551010131836","9.049551010131836"
"283639808","2167","2167","2167","9.04974365234375","9.04974365234375","9.04974365234375"
"284164096","2171","2171","2171","9.04881477355957","9.04881477355957","9.04881477355957"
"284688384","2175","2175","2175","8.892144203186035","8.892144203186035","8.892144203186035"
"285212672","2179","2179","2179","9.038848876953125","9.038848876953125","9.038848876953125"
"285736960","2183","2183","2183","8.750244140625","8.750244140625","8.750244140625"
"286261248","2187","2187","2187","9.076427459716797","9.076427459716797","9.076427459716797"
"286785536","2191","2191","2191","9.229509353637695","9.229509353637695","9.229509353637695"
"287309824","2195","2195","2195","8.96351432800293","8.96351432800293","8.96351432800293"
"287834112","2199","2199","2199","8.40308666229248","8.40308666229248","8.40308666229248"
"288358400","2203","2203","2203","8.514018058776855","8.514018058776855","8.514018058776855"
"288882688","2207","2207","2207","9.138160705566406","9.138160705566406","9.138160705566406"
"289406976","2211","2211","2211","8.662093162536621","8.662093162536621","8.662093162536621"
"289931264","2215","2215","2215","8.899847984313965","8.899847984313965","8.899847984313965"
"290455552","2219","2219","2219","8.839113235473633","8.839113235473633","8.839113235473633"
"290979840","2223","2223","2223","8.79090690612793","8.79090690612793","8.79090690612793"
"291504128","2227","2227","2227","8.779346466064453","8.779346466064453","8.779346466064453"
"292028416","2231","2231","2231","8.712230682373047","8.712230682373047","8.712230682373047"
"292552704","2235","2235","2235","9.164563179016113","9.164563179016113","9.164563179016113"
"293076992","2239","2239","2239","8.807472229003906","8.807472229003906","8.807472229003906"
"293601280","2243","2243","2243","9.06608772277832","9.06608772277832","9.06608772277832"
"294125568","2247","2247","2247","8.960268020629883","8.960268020629883","8.960268020629883"
"294649856","2251","2251","2251","9.149697303771973","9.149697303771973","9.149697303771973"
"295174144","2255","2255","2255","9.130081176757812","9.130081176757812","9.130081176757812"
"295698432","2259","2259","2259","8.844292640686035","8.844292640686035","8.844292640686035"
"296222720","2263","2263","2263","8.823970794677734","8.823970794677734","8.823970794677734"
"296747008","2267","2267","2267","9.069037437438965","9.069037437438965","9.069037437438965"
"297271296","2271","2271","2271","8.936476707458496","8.936476707458496","8.936476707458496"
"297795584","2275","2275","2275","9.049830436706543","9.049830436706543","9.049830436706543"
"298319872","2279","2279","2279","8.808760643005371","8.808760643005371","8.808760643005371"
"298844160","2283","2283","2283","9.023564338684082","9.023564338684082","9.023564338684082"
"299368448","2287","2287","2287","8.821764945983887","8.821764945983887","8.821764945983887"
"299892736","2291","2291","2291","8.859896659851074","8.859896659851074","8.859896659851074"
"300417024","2295","2295","2295","9.090896606445312","9.090896606445312","9.090896606445312"
"300941312","2299","2299","2299","9.219904899597168","9.219904899597168","9.219904899597168"
"301465600","2303","2303","2303","8.878231048583984","8.878231048583984","8.878231048583984"
"301989888","2307","2307","2307","8.826926231384277","8.826926231384277","8.826926231384277"
"302514176","2311","2311","2311","9.168572425842285","9.168572425842285","9.168572425842285"
"303038464","2315","2315","2315","9.179803848266602","9.179803848266602","9.179803848266602"
"303562752","2319","2319","2319","8.92923641204834","8.92923641204834","8.92923641204834"
"304087040","2323","2323","2323","9.212246894836426","9.212246894836426","9.212246894836426"
"304611328","2327","2327","2327","8.989822387695312","8.989822387695312","8.989822387695312"
"305135616","2331","2331","2331","9.104360580444336","9.104360580444336","9.104360580444336"
"305659904","2335","2335","2335","9.198083877563477","9.198083877563477","9.198083877563477"
"306184192","2339","2339","2339","8.946911811828613","8.946911811828613","8.946911811828613"
"306708480","2343","2343","2343","8.972898483276367","8.972898483276367","8.972898483276367"
"307232768","2347","2347","2347","8.894308090209961","8.894308090209961","8.894308090209961"
"307757056","2351","2351","2351","8.890226364135742","8.890226364135742","8.890226364135742"
"308281344","2355","2355","2355","8.904067039489746","8.904067039489746","8.904067039489746"
"308805632","2359","2359","2359","9.296585083007812","9.296585083007812","9.296585083007812"
"309329920","2363","2363","2363","8.77762222290039","8.77762222290039","8.77762222290039"
"309854208","2367","2367","2367","8.740535736083984","8.740535736083984","8.740535736083984"
"310378496","2371","2371","2371","8.977279663085938","8.977279663085938","8.977279663085938"
"310902784","2375","2375","2375","8.945862770080566","8.945862770080566","8.945862770080566"
"311427072","2379","2379","2379","9.11939811706543","9.11939811706543","9.11939811706543"
"311951360","2383","2383","2383","9.1245698928833","9.1245698928833","9.1245698928833"
"312475648","2387","2387","2387","9.117781639099121","9.117781639099121","9.117781639099121"
"312999936","2391","2391","2391","9.146018981933594","9.146018981933594","9.146018981933594"
"313524224","2395","2395","2395","9.076337814331055","9.076337814331055","9.076337814331055"
"314048512","2399","2399","2399","8.70168399810791","8.70168399810791","8.70168399810791"
"314572800","2403","2403","2403","9.054915428161621","9.054915428161621","9.054915428161621"
"315097088","2407","2407","2407","9.26833438873291","9.26833438873291","9.26833438873291"
"315621376","2411","2411","2411","9.188345909118652","9.188345909118652","9.188345909118652"
"316145664","2415","2415","2415","9.32247257232666","9.32247257232666","9.32247257232666"
"316669952","2419","2419","2419","9.07752513885498","9.07752513885498","9.07752513885498"
"317194240","2423","2423","2423","8.912997245788574","8.912997245788574","8.912997245788574"
"317718528","2427","2427","2427","9.03773307800293","9.03773307800293","9.03773307800293"
"318242816","2431","2431","2431","8.63060474395752","8.63060474395752","8.63060474395752"
"318767104","2435","2435","2435","8.957215309143066","8.957215309143066","8.957215309143066"
"319291392","2439","2439","2439","9.209489822387695","9.209489822387695","9.209489822387695"
"319815680","2443","2443","2443","8.964225769042969","8.964225769042969","8.964225769042969"
"320339968","2447","2447","2447","9.169089317321777","9.169089317321777","9.169089317321777"
"320864256","2451","2451","2451","9.193458557128906","9.193458557128906","9.193458557128906"
"321388544","2455","2455","2455","9.039697647094727","9.039697647094727","9.039697647094727"
"321912832","2459","2459","2459","9.090550422668457","9.090550422668457","9.090550422668457"
"322437120","2463","2463","2463","9.249098777770996","9.249098777770996","9.249098777770996"
"322961408","2467","2467","2467","8.958226203918457","8.958226203918457","8.958226203918457"
"323485696","2471","2471","2471","8.946199417114258","8.946199417114258","8.946199417114258"
"324009984","2475","2475","2475","8.854289054870605","8.854289054870605","8.854289054870605"
"324534272","2479","2479","2479","8.887396812438965","8.887396812438965","8.887396812438965"
"325058560","2483","2483","2483","9.02319049835205","9.02319049835205","9.02319049835205"
"325582848","2487","2487","2487","9.009795188903809","9.009795188903809","9.009795188903809"
"326107136","2491","2491","2491","9.093616485595703","9.093616485595703","9.093616485595703"
"326631424","2495","2495","2495","9.196060180664062","9.196060180664062","9.196060180664062"
"327155712","2499","2499","2499","9.253827095031738","9.253827095031738","9.253827095031738"
"327680000","2503","2503","2503","8.924580574035645","8.924580574035645","8.924580574035645"
"328204288","2507","2507","2507","9.087443351745605","9.087443351745605","9.087443351745605"
"328728576","2511","2511","2511","8.832974433898926","8.832974433898926","8.832974433898926"
"329252864","2515","2515","2515","9.278822898864746","9.278822898864746","9.278822898864746"
"329777152","2519","2519","2519","8.960373878479004","8.960373878479004","8.960373878479004"
"330301440","2523","2523","2523","9.145363807678223","9.145363807678223","9.145363807678223"
"330825728","2527","2527","2527","8.942113876342773","8.942113876342773","8.942113876342773"
"331350016","2531","2531","2531","9.178567886352539","9.178567886352539","9.178567886352539"
"331874304","2535","2535","2535","8.969266891479492","8.969266891479492","8.969266891479492"
"332398592","2539","2539","2539","9.251665115356445","9.251665115356445","9.251665115356445"
"332922880","2543","2543","2543","9.096817970275879","9.096817970275879","9.096817970275879"
"333447168","2547","2547","2547","9.080641746520996","9.080641746520996","9.080641746520996"
"333971456","2551","2551","2551","9.095097541809082","9.095097541809082","9.095097541809082"
"334495744","2555","2555","2555","8.971198081970215","8.971198081970215","8.971198081970215"
"335020032","2559","2559","2559","9.169442176818848","9.169442176818848","9.169442176818848"
"335544320","2563","2563","2563","8.9874849319458","8.9874849319458","8.9874849319458"
"336068608","2567","2567","2567","8.859960556030273","8.859960556030273","8.859960556030273"
"336592896","2571","2571","2571","9.036728858947754","9.036728858947754","9.036728858947754"
"337117184","2575","2575","2575","9.099166870117188","9.099166870117188","9.099166870117188"
"337641472","2579","2579","2579","8.838260650634766","8.838260650634766","8.838260650634766"
"338165760","2583","2583","2583","8.956584930419922","8.956584930419922","8.956584930419922"
"338690048","2587","2587","2587","9.008081436157227","9.008081436157227","9.008081436157227"
"339214336","2591","2591","2591","8.906499862670898","8.906499862670898","8.906499862670898"
"339738624","2595","2595","2595","9.216617584228516","9.216617584228516","9.216617584228516"
"340262912","2599","2599","2599","8.958976745605469","8.958976745605469","8.958976745605469"
"340787200","2603","2603","2603","8.979302406311035","8.979302406311035","8.979302406311035"
"341311488","2607","2607","2607","9.309233665466309","9.309233665466309","9.309233665466309"
"341835776","2611","2611","2611","8.940740585327148","8.940740585327148","8.940740585327148"
"342360064","2615","2615","2615","8.892938613891602","8.892938613891602","8.892938613891602"
"342884352","2619","2619","2619","9.304838180541992","9.304838180541992","9.304838180541992"
"343408640","2623","2623","2623","9.352987289428711","9.352987289428711","9.352987289428711"
"343932928","2627","2627","2627","9.261303901672363","9.261303901672363","9.261303901672363"
"344457216","2631","2631","2631","9.095276832580566","9.095276832580566","9.095276832580566"
"344981504","2635","2635","2635","9.116477012634277","9.116477012634277","9.116477012634277"
"345505792","2639","2639","2639","8.921157836914062","8.921157836914062","8.921157836914062"
"346030080","2643","2643","2643","9.04650592803955","9.04650592803955","9.04650592803955"
"346554368","2647","2647","2647","9.0235595703125","9.0235595703125","9.0235595703125"
"347078656","2651","2651","2651","8.845080375671387","8.845080375671387","8.845080375671387"
"347602944","2655","2655","2655","9.20824909210205","9.20824909210205","9.20824909210205"
"348127232","2659","2659","2659","9.195837020874023","9.195837020874023","9.195837020874023"
"348651520","2663","2663","2663","8.936582565307617","8.936582565307617","8.936582565307617"
"349175808","2667","2667","2667","9.224352836608887","9.224352836608887","9.224352836608887"
"349700096","2671","2671","2671","9.301715850830078","9.301715850830078","9.301715850830078"
"350224384","2675","2675","2675","9.491003036499023","9.491003036499023","9.491003036499023"
"350748672","2679","2679","2679","9.19706916809082","9.19706916809082","9.19706916809082"
"351272960","2683","2683","2683","9.14610481262207","9.14610481262207","9.14610481262207"
"351797248","2687","2687","2687","8.8736572265625","8.8736572265625","8.8736572265625"
"352321536","2691","2691","2691","9.345108985900879","9.345108985900879","9.345108985900879"
"352845824","2695","2695","2695","8.88541030883789","8.88541030883789","8.88541030883789"
"353370112","2699","2699","2699","9.006522178649902","9.006522178649902","9.006522178649902"
"353894400","2703","2703","2703","9.150788307189941","9.150788307189941","9.150788307189941"
"354418688","2707","2707","2707","9.314587593078613","9.314587593078613","9.314587593078613"
"354942976","2711","2711","2711","9.370266914367676","9.370266914367676","9.370266914367676"
"355467264","2715","2715","2715","8.842535018920898","8.842535018920898","8.842535018920898"
"355991552","2719","2719","2719","9.40207576751709","9.40207576751709","9.40207576751709"
"356515840","2723","2723","2723","9.4003324508667","9.4003324508667","9.4003324508667"
"357040128","2727","2727","2727","9.030604362487793","9.030604362487793","9.030604362487793"
"357564416","2731","2731","2731","9.160575866699219","9.160575866699219","9.160575866699219"
"358088704","2735","2735","2735","8.965463638305664","8.965463638305664","8.965463638305664"
"358612992","2739","2739","2739","9.126675605773926","9.126675605773926","9.126675605773926"
"359137280","2743","2743","2743","9.041937828063965","9.041937828063965","9.041937828063965"
"359661568","2747","2747","2747","9.24373722076416","9.24373722076416","9.24373722076416"
"360185856","2751","2751","2751","9.234206199645996","9.234206199645996","9.234206199645996"
"360710144","2755","2755","2755","9.049647331237793","9.049647331237793","9.049647331237793"
"361234432","2759","2759","2759","9.559507369995117","9.559507369995117","9.559507369995117"
"361758720","2763","2763","2763","9.157123565673828","9.157123565673828","9.157123565673828"
"362283008","2767","2767","2767","8.879568099975586","8.879568099975586","8.879568099975586"
"362807296","2771","2771","2771","9.24372673034668","9.24372673034668","9.24372673034668"
"363331584","2775","2775","2775","9.032673835754395","9.032673835754395","9.032673835754395"
"363855872","2779","2779","2779","9.18370246887207","9.18370246887207","9.18370246887207"
"364380160","2783","2783","2783","9.087952613830566","9.087952613830566","9.087952613830566"
"364904448","2787","2787","2787","9.210758209228516","9.210758209228516","9.210758209228516"
"365428736","2791","2791","2791","8.954496383666992","8.954496383666992","8.954496383666992"
"365953024","2795","2795","2795","9.508502006530762","9.508502006530762","9.508502006530762"
"366477312","2799","2799","2799","9.235496520996094","9.235496520996094","9.235496520996094"
"367001600","2803","2803","2803","9.588506698608398","9.588506698608398","9.588506698608398"
"367525888","2807","2807","2807","9.174452781677246","9.174452781677246","9.174452781677246"
"368050176","2811","2811","2811","9.244355201721191","9.244355201721191","9.244355201721191"
"368574464","2815","2815","2815","8.94876766204834","8.94876766204834","8.94876766204834"
"369098752","2819","2819","2819","9.289024353027344","9.289024353027344","9.289024353027344"
"369623040","2823","2823","2823","9.343794822692871","9.343794822692871","9.343794822692871"
"370147328","2827","2827","2827","9.256508827209473","9.256508827209473","9.256508827209473"
"370671616","2831","2831","2831","9.134054183959961","9.134054183959961","9.134054183959961"
"371195904","2835","2835","2835","9.02328872680664","9.02328872680664","9.02328872680664"
"371720192","2839","2839","2839","9.205462455749512","9.205462455749512","9.205462455749512"
"372244480","2843","2843","2843","9.324348449707031","9.324348449707031","9.324348449707031"
"372768768","2847","2847","2847","9.366362571716309","9.366362571716309","9.366362571716309"
"373293056","2851","2851","2851","9.179678916931152","9.179678916931152","9.179678916931152"
"373817344","2855","2855","2855","9.190567970275879","9.190567970275879","9.190567970275879"
"374341632","2859","2859","2859","9.335193634033203","9.335193634033203","9.335193634033203"
"374865920","2863","2863","2863","9.31345272064209","9.31345272064209","9.31345272064209"
"375390208","2867","2867","2867","9.20544147491455","9.20544147491455","9.20544147491455"
"375914496","2871","2871","2871","9.041049003601074","9.041049003601074","9.041049003601074"
"376438784","2875","2875","2875","9.054017066955566","9.054017066955566","9.054017066955566"
"376963072","2879","2879","2879","9.126070976257324","9.126070976257324","9.126070976257324"
"377487360","2883","2883","2883","8.876952171325684","8.876952171325684","8.876952171325684"
"378011648","2887","2887","2887","9.460274696350098","9.460274696350098","9.460274696350098"
"378535936","2891","2891","2891","9.06075382232666","9.06075382232666","9.06075382232666"
"379060224","2895","2895","2895","9.316102027893066","9.316102027893066","9.316102027893066"
"379584512","2899","2899","2899","9.172006607055664","9.172006607055664","9.172006607055664"
"380108800","2903","2903","2903","9.362411499023438","9.362411499023438","9.362411499023438"
"380633088","2907","2907","2907","9.32859992980957","9.32859992980957","9.32859992980957"
"381157376","2911","2911","2911","9.408387184143066","9.408387184143066","9.408387184143066"
"381681664","2915","2915","2915","9.273536682128906","9.273536682128906","9.273536682128906"
"382205952","2919","2919","2919","9.248327255249023","9.248327255249023","9.248327255249023"
"382730240","2923","2923","2923","9.393256187438965","9.393256187438965","9.393256187438965"
"383254528","2927","2927","2927","9.128240585327148","9.128240585327148","9.128240585327148"
"383778816","2931","2931","2931","9.001033782958984","9.001033782958984","9.001033782958984"
"384303104","2935","2935","2935","9.043665885925293","9.043665885925293","9.043665885925293"
"384827392","2939","2939","2939","9.324769973754883","9.324769973754883","9.324769973754883"
"385351680","2943","2943","2943","8.943511009216309","8.943511009216309","8.943511009216309"
"385875968","2947","2947","2947","9.179971694946289","9.179971694946289","9.179971694946289"
"386400256","2951","2951","2951","9.234777450561523","9.234777450561523","9.234777450561523"
"386924544","2955","2955","2955","9.329157829284668","9.329157829284668","9.329157829284668"
"387448832","2959","2959","2959","9.219292640686035","9.219292640686035","9.219292640686035"
"387973120","2963","2963","2963","9.323090553283691","9.323090553283691","9.323090553283691"
"388497408","2967","2967","2967","9.32108211517334","9.32108211517334","9.32108211517334"
"389021696","2971","2971","2971","9.313253402709961","9.313253402709961","9.313253402709961"
"389545984","2975","2975","2975","9.02721881866455","9.02721881866455","9.02721881866455"
"390070272","2979","2979","2979","9.262237548828125","9.262237548828125","9.262237548828125"
"390594560","2983","2983","2983","9.090727806091309","9.090727806091309","9.090727806091309"
"391118848","2987","2987","2987","9.503425598144531","9.503425598144531","9.503425598144531"
"391643136","2991","2991","2991","9.368765830993652","9.368765830993652","9.368765830993652"
"392167424","2995","2995","2995","9.226033210754395","9.226033210754395","9.226033210754395"
"392691712","2999","2999","2999","9.182291030883789","9.182291030883789","9.182291030883789"
"393216000","3003","3003","3003","9.157920837402344","9.157920837402344","9.157920837402344"
"393740288","3007","3007","3007","9.426156044006348","9.426156044006348","9.426156044006348"
"394264576","3011","3011","3011","9.190093994140625","9.190093994140625","9.190093994140625"
"394788864","3015","3015","3015","9.206888198852539","9.206888198852539","9.206888198852539"
"395313152","3019","3019","3019","9.235243797302246","9.235243797302246","9.235243797302246"
"395837440","3023","3023","3023","9.214956283569336","9.214956283569336","9.214956283569336"
"396361728","3027","3027","3027","9.384309768676758","9.384309768676758","9.384309768676758"
"396886016","3031","3031","3031","9.250812530517578","9.250812530517578","9.250812530517578"
"397410304","3035","3035","3035","9.342812538146973","9.342812538146973","9.342812538146973"
"397934592","3039","3039","3039","9.39427661895752","9.39427661895752","9.39427661895752"
"398458880","3043","3043","3043","9.350890159606934","9.350890159606934","9.350890159606934"
"398983168","3047","3047","3047","9.289216995239258","9.289216995239258","9.289216995239258"
"399507456","3051","3051","3051","9.182892799377441","9.182892799377441","9.182892799377441"
"400031744","3055","3055","3055","8.905096054077148","8.905096054077148","8.905096054077148"
"400556032","3059","3059","3059","9.38297176361084","9.38297176361084","9.38297176361084"
"401080320","3063","3063","3063","9.084840774536133","9.084840774536133","9.084840774536133"
"401604608","3067","3067","3067","9.172090530395508","9.172090530395508","9.172090530395508"
"402128896","3071","3071","3071","9.161079406738281","9.161079406738281","9.161079406738281"
"402653184","3075","3075","3075","8.958829879760742","8.958829879760742","8.958829879760742"
"403177472","3079","3079","3079","9.280121803283691","9.280121803283691","9.280121803283691"
"403701760","3083","3083","3083","9.44886302947998","9.44886302947998","9.44886302947998"
"404226048","3087","3087","3087","9.197381019592285","9.197381019592285","9.197381019592285"
"404750336","3091","3091","3091","9.516891479492188","9.516891479492188","9.516891479492188"
"405274624","3095","3095","3095","9.318999290466309","9.318999290466309","9.318999290466309"
"405798912","3099","3099","3099","8.93913745880127","8.93913745880127","8.93913745880127"
"406323200","3103","3103","3103","9.588942527770996","9.588942527770996","9.588942527770996"
"406847488","3107","3107","3107","9.29694652557373","9.29694652557373","9.29694652557373"
"407371776","3111","3111","3111","9.314275741577148","9.314275741577148","9.314275741577148"
"407896064","3115","3115","3115","9.282323837280273","9.282323837280273","9.282323837280273"
"408420352","3119","3119","3119","9.19389820098877","9.19389820098877","9.19389820098877"
"408944640","3123","3123","3123","9.175281524658203","9.175281524658203","9.175281524658203"
"409468928","3127","3127","3127","9.195965766906738","9.195965766906738","9.195965766906738"
"409993216","3131","3131","3131","9.001907348632812","9.001907348632812","9.001907348632812"
"410517504","3135","3135","3135","9.22225284576416","9.22225284576416","9.22225284576416"
"411041792","3139","3139","3139","9.2852144241333","9.2852144241333","9.2852144241333"
"411566080","3143","3143","3143","9.330471992492676","9.330471992492676","9.330471992492676"
"412090368","3147","3147","3147","9.439184188842773","9.439184188842773","9.439184188842773"
"412614656","3151","3151","3151","9.391225814819336","9.391225814819336","9.391225814819336"
"413138944","3155","3155","3155","8.970218658447266","8.970218658447266","8.970218658447266"
"413663232","3159","3159","3159","9.3351411819458","9.3351411819458","9.3351411819458"
"414187520","3163","3163","3163","9.043503761291504","9.043503761291504","9.043503761291504"
"414711808","3167","3167","3167","9.032645225524902","9.032645225524902","9.032645225524902"
"415236096","3171","3171","3171","9.329307556152344","9.329307556152344","9.329307556152344"
"415760384","3175","3175","3175","9.397128105163574","9.397128105163574","9.397128105163574"
"416284672","3179","3179","3179","9.14667797088623","9.14667797088623","9.14667797088623"
"416808960","3183","3183","3183","9.065032005310059","9.065032005310059","9.065032005310059"
"417333248","3187","3187","3187","9.105179786682129","9.105179786682129","9.105179786682129"
"417857536","3191","3191","3191","9.411609649658203","9.411609649658203","9.411609649658203"
"418381824","3195","3195","3195","9.205428123474121","9.205428123474121","9.205428123474121"
"418906112","3199","3199","3199","9.221160888671875","9.221160888671875","9.221160888671875"
"419430400","3203","3203","3203","8.963289260864258","8.963289260864258","8.963289260864258"
"419954688","3207","3207","3207","9.242879867553711","9.242879867553711","9.242879867553711"
"420478976","3211","3211","3211","9.43168830871582","9.43168830871582","9.43168830871582"
"421003264","3215","3215","3215","9.332289695739746","9.332289695739746","9.332289695739746"
"421527552","3219","3219","3219","9.136493682861328","9.136493682861328","9.136493682861328"
"422051840","3223","3223","3223","9.134683609008789","9.134683609008789","9.134683609008789"
"422576128","3227","3227","3227","9.382786750793457","9.382786750793457","9.382786750793457"
"423100416","3231","3231","3231","9.170095443725586","9.170095443725586","9.170095443725586"
"423624704","3235","3235","3235","9.631953239440918","9.631953239440918","9.631953239440918"
"424148992","3239","3239","3239","9.432544708251953","9.432544708251953","9.432544708251953"
"424673280","3243","3243","3243","9.540389060974121","9.540389060974121","9.540389060974121"
"425197568","3247","3247","3247","9.458906173706055","9.458906173706055","9.458906173706055"
"425721856","3251","3251","3251","9.305014610290527","9.305014610290527","9.305014610290527"
"426246144","3255","3255","3255","9.204147338867188","9.204147338867188","9.204147338867188"
"426770432","3259","3259","3259","9.009442329406738","9.009442329406738","9.009442329406738"
"427294720","3263","3263","3263","9.352191925048828","9.352191925048828","9.352191925048828"
"427819008","3267","3267","3267","8.915205955505371","8.915205955505371","8.915205955505371"
"428343296","3271","3271","3271","9.440874099731445","9.440874099731445","9.440874099731445"
"428867584","3275","3275","3275","9.24692153930664","9.24692153930664","9.24692153930664"
"429391872","3279","3279","3279","9.150289535522461","9.150289535522461","9.150289535522461"
"429916160","3283","3283","3283","9.226444244384766","9.226444244384766","9.226444244384766"
"430440448","3287","3287","3287","9.253327369689941","9.253327369689941","9.253327369689941"
"430964736","3291","3291","3291","9.376832962036133","9.376832962036133","9.376832962036133"
"431489024","3295","3295","3295","9.356219291687012","9.356219291687012","9.356219291687012"
"432013312","3299","3299","3299","9.651755332946777","9.651755332946777","9.651755332946777"
"432537600","3303","3303","3303","9.150593757629395","9.150593757629395","9.150593757629395"
"433061888","3307","3307","3307","9.064197540283203","9.064197540283203","9.064197540283203"
"433586176","3311","3311","3311","9.551351547241211","9.551351547241211","9.551351547241211"
"434110464","3315","3315","3315","9.343184471130371","9.343184471130371","9.343184471130371"
"434634752","3319","3319","3319","9.58554744720459","9.58554744720459","9.58554744720459"
"435159040","3323","3323","3323","9.315423965454102","9.315423965454102","9.315423965454102"
"435683328","3327","3327","3327","9.351025581359863","9.351025581359863","9.351025581359863"
"436207616","3331","3331","3331","9.291979789733887","9.291979789733887","9.291979789733887"
"436731904","3335","3335","3335","9.37076187133789","9.37076187133789","9.37076187133789"
"437256192","3339","3339","3339","9.11796760559082","9.11796760559082","9.11796760559082"
"437780480","3343","3343","3343","9.338715553283691","9.338715553283691","9.338715553283691"
"438304768","3347","3347","3347","9.50802230834961","9.50802230834961","9.50802230834961"
"438829056","3351","3351","3351","9.419231414794922","9.419231414794922","9.419231414794922"
"439353344","3355","3355","3355","9.171850204467773","9.171850204467773","9.171850204467773"
"439877632","3359","3359","3359","9.3157958984375","9.3157958984375","9.3157958984375"
"440401920","3363","3363","3363","9.524181365966797","9.524181365966797","9.524181365966797"
"440926208","3367","3367","3367","9.391175270080566","9.391175270080566","9.391175270080566"
"441450496","3371","3371","3371","8.82343864440918","8.82343864440918","8.82343864440918"
"441974784","3375","3375","3375","9.50165843963623","9.50165843963623","9.50165843963623"
"442499072","3379","3379","3379","9.278989791870117","9.278989791870117","9.278989791870117"
"443023360","3383","3383","3383","9.226808547973633","9.226808547973633","9.226808547973633"
"443547648","3387","3387","3387","9.213056564331055","9.213056564331055","9.213056564331055"
"444071936","3391","3391","3391","9.070013999938965","9.070013999938965","9.070013999938965"
"444596224","3395","3395","3395","9.337774276733398","9.337774276733398","9.337774276733398"
"445120512","3399","3399","3399","9.451620101928711","9.451620101928711","9.451620101928711"
"445644800","3403","3403","3403","9.45910930633545","9.45910930633545","9.45910930633545"
"446169088","3407","3407","3407","9.36987590789795","9.36987590789795","9.36987590789795"
"446693376","3411","3411","3411","9.370281219482422","9.370281219482422","9.370281219482422"
"447217664","3415","3415","3415","9.293584823608398","9.293584823608398","9.293584823608398"
"447741952","3419","3419","3419","9.369904518127441","9.369904518127441","9.369904518127441"
"448266240","3423","3423","3423","8.966924667358398","8.966924667358398","8.966924667358398"
"448790528","3427","3427","3427","9.430665969848633","9.430665969848633","9.430665969848633"
"449314816","3431","3431","3431","9.402471542358398","9.402471542358398","9.402471542358398"
"449839104","3435","3435","3435","9.26331615447998","9.26331615447998","9.26331615447998"
"450363392","3439","3439","3439","9.346036911010742","9.346036911010742","9.346036911010742"
"450887680","3443","3443","3443","9.51987361907959","9.51987361907959","9.51987361907959"
"451411968","3447","3447","3447","9.456409454345703","9.456409454345703","9.456409454345703"
"451936256","3451","3451","3451","9.104767799377441","9.104767799377441","9.104767799377441"
"452460544","3455","3455","3455","9.128091812133789","9.128091812133789","9.128091812133789"
"452984832","3459","3459","3459","9.581616401672363","9.581616401672363","9.581616401672363"
"453509120","3463","3463","3463","9.222943305969238","9.222943305969238","9.222943305969238"
"454033408","3467","3467","3467","9.287898063659668","9.287898063659668","9.287898063659668"
"454557696","3471","3471","3471","9.096412658691406","9.096412658691406","9.096412658691406"
"455081984","3475","3475","3475","9.090007781982422","9.090007781982422","9.090007781982422"
"455606272","3479","3479","3479","9.423996925354004","9.423996925354004","9.423996925354004"
"456130560","3483","3483","3483","8.848224639892578","8.848224639892578","8.848224639892578"
"456654848","3487","3487","3487","9.075959205627441","9.075959205627441","9.075959205627441"
"457179136","3491","3491","3491","9.208756446838379","9.208756446838379","9.208756446838379"
"457703424","3495","3495","3495","9.216540336608887","9.216540336608887","9.216540336608887"
"458227712","3499","3499","3499","9.365835189819336","9.365835189819336","9.365835189819336"
"458752000","3503","3503","3503","9.194707870483398","9.194707870483398","9.194707870483398"
"459276288","3507","3507","3507","9.241138458251953","9.241138458251953","9.241138458251953"
"459800576","3511","3511","3511","9.21322250366211","9.21322250366211","9.21322250366211"
"460324864","3515","3515","3515","9.17597484588623","9.17597484588623","9.17597484588623"
"460849152","3519","3519","3519","9.183836936950684","9.183836936950684","9.183836936950684"
"461373440","3523","3523","3523","9.30542278289795","9.30542278289795","9.30542278289795"
"461897728","3527","3527","3527","9.160015106201172","9.160015106201172","9.160015106201172"
"462422016","3531","3531","3531","8.996058464050293","8.996058464050293","8.996058464050293"
"462946304","3535","3535","3535","9.555971145629883","9.555971145629883","9.555971145629883"
"463470592","3539","3539","3539","9.309124946594238","9.309124946594238","9.309124946594238"
"463994880","3543","3543","3543","9.326796531677246","9.326796531677246","9.326796531677246"
"464519168","3547","3547","3547","9.251713752746582","9.251713752746582","9.251713752746582"
"465043456","3551","3551","3551","9.406816482543945","9.406816482543945","9.406816482543945"
"465567744","3555","3555","3555","9.09354019165039","9.09354019165039","9.09354019165039"
"466092032","3559","3559","3559","9.090614318847656","9.090614318847656","9.090614318847656"
"466616320","3563","3563","3563","9.307323455810547","9.307323455810547","9.307323455810547"
"467140608","3567","3567","3567","9.332450866699219","9.332450866699219","9.332450866699219"
"467664896","3571","3571","3571","9.288686752319336","9.288686752319336","9.288686752319336"
"468189184","3575","3575","3575","9.380495071411133","9.380495071411133","9.380495071411133"
"468713472","3579","3579","3579","9.3650484085083","9.3650484085083","9.3650484085083"
"469237760","3583","3583","3583","9.15886116027832","9.15886116027832","9.15886116027832"
"469762048","3587","3587","3587","9.413251876831055","9.413251876831055","9.413251876831055"
"470286336","3591","3591","3591","9.41928482055664","9.41928482055664","9.41928482055664"
"470810624","3595","3595","3595","9.0986328125","9.0986328125","9.0986328125"
"471334912","3599","3599","3599","9.454471588134766","9.454471588134766","9.454471588134766"
"471859200","3603","3603","3603","9.369656562805176","9.369656562805176","9.369656562805176"
"472383488","3607","3607","3607","9.09064769744873","9.09064769744873","9.09064769744873"
"472907776","3611","3611","3611","9.057395935058594","9.057395935058594","9.057395935058594"
"473432064","3615","3615","3615","9.256183624267578","9.256183624267578","9.256183624267578"
"473956352","3619","3619","3619","9.198481559753418","9.198481559753418","9.198481559753418"
"474480640","3623","3623","3623","9.40489673614502","9.40489673614502","9.40489673614502"
"475004928","3627","3627","3627","9.520930290222168","9.520930290222168","9.520930290222168"
"475529216","3631","3631","3631","9.3554048538208","9.3554048538208","9.3554048538208"
"476053504","3635","3635","3635","9.270761489868164","9.270761489868164","9.270761489868164"
"476577792","3639","3639","3639","9.309897422790527","9.309897422790527","9.309897422790527"
"477102080","3643","3643","3643","9.504267692565918","9.504267692565918","9.504267692565918"
"477626368","3647","3647","3647","9.538111686706543","9.538111686706543","9.538111686706543"
"478150656","3651","3651","3651","9.449332237243652","9.449332237243652","9.449332237243652"
"478674944","3655","3655","3655","9.401060104370117","9.401060104370117","9.401060104370117"
"479199232","3659","3659","3659","9.56156063079834","9.56156063079834","9.56156063079834"
"479723520","3663","3663","3663","9.044886589050293","9.044886589050293","9.044886589050293"
"480247808","3667","3667","3667","9.333256721496582","9.333256721496582","9.333256721496582"
"480772096","3671","3671","3671","9.143364906311035","9.143364906311035","9.143364906311035"
"481296384","3675","3675","3675","9.100516319274902","9.100516319274902","9.100516319274902"
"481820672","3679","3679","3679","9.174936294555664","9.174936294555664","9.174936294555664"
"482344960","3683","3683","3683","9.258557319641113","9.258557319641113","9.258557319641113"
"482869248","3687","3687","3687","9.309771537780762","9.309771537780762","9.309771537780762"
"483393536","3691","3691","3691","9.306300163269043","9.306300163269043","9.306300163269043"
"483917824","3695","3695","3695","9.345621109008789","9.345621109008789","9.345621109008789"
"484442112","3699","3699","3699","9.217913627624512","9.217913627624512","9.217913627624512"
"484966400","3703","3703","3703","9.256179809570312","9.256179809570312","9.256179809570312"
"485490688","3707","3707","3707","9.420549392700195","9.420549392700195","9.420549392700195"
"486014976","3711","3711","3711","9.312179565429688","9.312179565429688","9.312179565429688"
"486539264","3715","3715","3715","9.064715385437012","9.064715385437012","9.064715385437012"
"487063552","3719","3719","3719","9.235607147216797","9.235607147216797","9.235607147216797"
"487587840","3723","3723","3723","9.631634712219238","9.631634712219238","9.631634712219238"
"488112128","3727","3727","3727","9.27396297454834","9.27396297454834","9.27396297454834"
"488636416","3731","3731","3731","9.164905548095703","9.164905548095703","9.164905548095703"
"489160704","3735","3735","3735","9.40616226196289","9.40616226196289","9.40616226196289"
"489684992","3739","3739","3739","9.462262153625488","9.462262153625488","9.462262153625488"
"490209280","3743","3743","3743","9.433531761169434","9.433531761169434","9.433531761169434"
"490733568","3747","3747","3747","9.264098167419434","9.264098167419434","9.264098167419434"
"491257856","3751","3751","3751","9.458986282348633","9.458986282348633","9.458986282348633"
"491782144","3755","3755","3755","9.416116714477539","9.416116714477539","9.416116714477539"
"492306432","3759","3759","3759","9.407411575317383","9.407411575317383","9.407411575317383"
"492830720","3763","3763","3763","9.435766220092773","9.435766220092773","9.435766220092773"
"493355008","3767","3767","3767","8.851125717163086","8.851125717163086","8.851125717163086"
"493879296","3771","3771","3771","9.491168975830078","9.491168975830078","9.491168975830078"
"494403584","3775","3775","3775","9.121381759643555","9.121381759643555","9.121381759643555"
"494927872","3779","3779","3779","9.424686431884766","9.424686431884766","9.424686431884766"
"495452160","3783","3783","3783","9.189868927001953","9.189868927001953","9.189868927001953"
"495976448","3787","3787","3787","9.218143463134766","9.218143463134766","9.218143463134766"
"496500736","3791","3791","3791","8.937994956970215","8.937994956970215","8.937994956970215"
"497025024","3795","3795","3795","9.252063751220703","9.252063751220703","9.252063751220703"
"497549312","3799","3799","3799","9.496816635131836","9.496816635131836","9.496816635131836"
"498073600","3803","3803","3803","9.035619735717773","9.035619735717773","9.035619735717773"
"498597888","3807","3807","3807","9.400757789611816","9.400757789611816","9.400757789611816"
"499122176","3811","3811","3811","9.47928237915039","9.47928237915039","9.47928237915039"
"499646464","3815","3815","3815","9.210360527038574","9.210360527038574","9.210360527038574"
"500170752","3819","3819","3819","9.555347442626953","9.555347442626953","9.555347442626953"
"500695040","3823","3823","3823","9.411117553710938","9.411117553710938","9.411117553710938"
"501219328","3827","3827","3827","9.287684440612793","9.287684440612793","9.287684440612793"
"501743616","3831","3831","3831","9.205471992492676","9.205471992492676","9.205471992492676"
"502267904","3835","3835","3835","9.217281341552734","9.217281341552734","9.217281341552734"
"502792192","3839","3839","3839","9.368227005004883","9.368227005004883","9.368227005004883"
"503316480","3843","3843","3843","9.373292922973633","9.373292922973633","9.373292922973633"
"503840768","3847","3847","3847","9.11732292175293","9.11732292175293","9.11732292175293"
"504365056","3851","3851","3851","9.421467781066895","9.421467781066895","9.421467781066895"
"504889344","3855","3855","3855","9.4423828125","9.4423828125","9.4423828125"
"505413632","3859","3859","3859","9.190903663635254","9.190903663635254","9.190903663635254"
"505937920","3863","3863","3863","9.501843452453613","9.501843452453613","9.501843452453613"
"506462208","3867","3867","3867","9.350699424743652","9.350699424743652","9.350699424743652"
"506986496","3871","3871","3871","9.388336181640625","9.388336181640625","9.388336181640625"
"507510784","3875","3875","3875","9.289436340332031","9.289436340332031","9.289436340332031"
"508035072","3879","3879","3879","9.510381698608398","9.510381698608398","9.510381698608398"
"508559360","3883","3883","3883","9.349577903747559","9.349577903747559","9.349577903747559"
"509083648","3887","3887","3887","9.533156394958496","9.533156394958496","9.533156394958496"
"509607936","3891","3891","3891","9.38808536529541","9.38808536529541","9.38808536529541"
"510132224","3895","3895","3895","9.645160675048828","9.645160675048828","9.645160675048828"
"510656512","3899","3899","3899","9.020174026489258","9.020174026489258","9.020174026489258"
"511180800","3903","3903","3903","9.327804565429688","9.327804565429688","9.327804565429688"
"511705088","3907","3907","3907","9.11660099029541","9.11660099029541","9.11660099029541"
"512229376","3911","3911","3911","9.679944038391113","9.679944038391113","9.679944038391113"
"512753664","3915","3915","3915","9.433900833129883","9.433900833129883","9.433900833129883"
"513277952","3919","3919","3919","9.236374855041504","9.236374855041504","9.236374855041504"
"513802240","3923","3923","3923","9.52741813659668","9.52741813659668","9.52741813659668"
"514326528","3927","3927","3927","9.436004638671875","9.436004638671875","9.436004638671875"
"514850816","3931","3931","3931","9.061700820922852","9.061700820922852","9.061700820922852"
"515375104","3935","3935","3935","9.314432144165039","9.314432144165039","9.314432144165039"
"515899392","3939","3939","3939","9.271389961242676","9.271389961242676","9.271389961242676"
"516423680","3943","3943","3943","9.282325744628906","9.282325744628906","9.282325744628906"
"516947968","3947","3947","3947","9.334095001220703","9.334095001220703","9.334095001220703"
"517472256","3951","3951","3951","9.171257019042969","9.171257019042969","9.171257019042969"
"517996544","3955","3955","3955","9.314071655273438","9.314071655273438","9.314071655273438"
"518520832","3959","3959","3959","9.271900177001953","9.271900177001953","9.271900177001953"
"519045120","3963","3963","3963","9.240345001220703","9.240345001220703","9.240345001220703"
"519569408","3967","3967","3967","9.626763343811035","9.626763343811035","9.626763343811035"
"520093696","3971","3971","3971","9.234000205993652","9.234000205993652","9.234000205993652"
"520617984","3975","3975","3975","9.322667121887207","9.322667121887207","9.322667121887207"
"521142272","3979","3979","3979","9.006135940551758","9.006135940551758","9.006135940551758"
"521666560","3983","3983","3983","9.709856986999512","9.709856986999512","9.709856986999512"
"522190848","3987","3987","3987","9.466510772705078","9.466510772705078","9.466510772705078"
"522715136","3991","3991","3991","9.236577987670898","9.236577987670898","9.236577987670898"
"523239424","3995","3995","3995","9.3031005859375","9.3031005859375","9.3031005859375"
"523763712","3999","3999","3999","9.575467109680176","9.575467109680176","9.575467109680176"