"global_step","DRRandom_04-01-36-40 - _step","DRRandom_04-01-36-40 - _step__MIN","DRRandom_04-01-36-40 - _step__MAX","DRRandom_04-01-36-40 - episode_lengths/step","DRRandom_04-01-36-40 - episode_lengths/step__MIN","DRRandom_04-01-36-40 - episode_lengths/step__MAX"
"192","3","3","3","43.4499397277832","43.4499397277832","43.4499397277832"
"524288","7","7","7","45.483154296875","45.483154296875","45.483154296875"
"1048576","11","11","11","45.29814910888672","45.29814910888672","45.29814910888672"
"1572864","15","15","15","41.103397369384766","41.103397369384766","41.103397369384766"
"2097152","19","19","19","43.5052375793457","43.5052375793457","43.5052375793457"
"2621440","23","23","23","42.19295883178711","42.19295883178711","42.19295883178711"
"3145728","27","27","27","43.08821105957031","43.08821105957031","43.08821105957031"
"3670016","31","31","31","40.21171188354492","40.21171188354492","40.21171188354492"
"4194304","35","35","35","40.4779052734375","40.4779052734375","40.4779052734375"
"4718592","39","39","39","39.081050872802734","39.081050872802734","39.081050872802734"
"5242880","43","43","43","39.584983825683594","39.584983825683594","39.584983825683594"
"5767168","47","47","47","37.40217971801758","37.40217971801758","37.40217971801758"
"6291456","51","51","51","38.10734939575195","38.10734939575195","38.10734939575195"
"6815744","55","55","55","36.64460754394531","36.64460754394531","36.64460754394531"
"7340032","59","59","59","37.84260559082031","37.84260559082031","37.84260559082031"
"7864320","63","63","63","39.43553161621094","39.43553161621094","39.43553161621094"
"8388608","67","67","67","35.55320739746094","35.55320739746094","35.55320739746094"
"8912896","71","71","71","39.94304275512695","39.94304275512695","39.94304275512695"
"9437184","75","75","75","34.57059860229492","34.57059860229492","34.57059860229492"
"9961472","79","79","79","35.41394805908203","35.41394805908203","35.41394805908203"
"10485760","83","83","83","37.0859375","37.0859375","37.0859375"
"11010048","87","87","87","37.828941345214844","37.828941345214844","37.828941345214844"
"11534336","91","91","91","39.102596282958984","39.102596282958984","39.102596282958984"
"12058624","95","95","95","39.06523895263672","39.06523895263672","39.06523895263672"
"12582912","99","99","99","39.1135139465332","39.1135139465332","39.1135139465332"
"13107200","103","103","103","40.40180206298828","40.40180206298828","40.40180206298828"
"13631488","107","107","107","37.428871154785156","37.428871154785156","37.428871154785156"
"14155776","111","111","111","34.34697723388672","34.34697723388672","34.34697723388672"
"14680064","115","115","115","40.62482452392578","40.62482452392578","40.62482452392578"
"15204352","119","119","119","40.26600646972656","40.26600646972656","40.26600646972656"
"15728640","123","123","123","39.95928955078125","39.95928955078125","39.95928955078125"
"16252928","127","127","127","37.63462829589844","37.63462829589844","37.63462829589844"
"16777216","131","131","131","43.024871826171875","43.024871826171875","43.024871826171875"
"17301504","135","135","135","41.51262664794922","41.51262664794922","41.51262664794922"
"17825792","139","139","139","39.45404052734375","39.45404052734375","39.45404052734375"
"18350080","143","143","143","48.165077209472656","48.165077209472656","48.165077209472656"
"18874368","147","147","147","41.20634841918945","41.20634841918945","41.20634841918945"
"19398656","151","151","151","37.80315017700195","37.80315017700195","37.80315017700195"
"19922944","155","155","155","41.934226989746094","41.934226989746094","41.934226989746094"
"20447232","159","159","159","41.63703918457031","41.63703918457031","41.63703918457031"
"20971520","163","163","163","43.69829559326172","43.69829559326172","43.69829559326172"
"21495808","167","167","167","39.78866195678711","39.78866195678711","39.78866195678711"
"22020096","171","171","171","39.739749908447266","39.739749908447266","39.739749908447266"
"22544384","175","175","175","39.892539978027344","39.892539978027344","39.892539978027344"
"23068672","179","179","179","42.44145584106445","42.44145584106445","42.44145584106445"
"23592960","183","183","183","45.51706314086914","45.51706314086914","45.51706314086914"
"24117248","187","187","187","43.85375213623047","43.85375213623047","43.85375213623047"
"24641536","191","191","191","40.96393585205078","40.96393585205078","40.96393585205078"
"25165824","195","195","195","43.26435089111328","43.26435089111328","43.26435089111328"
"25690112","199","199","199","41.88546371459961","41.88546371459961","41.88546371459961"
"26214400","203","203","203","43.621185302734375","43.621185302734375","43.621185302734375"
"26738688","207","207","207","43.60862350463867","43.60862350463867","43.60862350463867"
"27262976","211","211","211","40.79332733154297","40.79332733154297","40.79332733154297"
"27787264","215","215","215","48.20433807373047","48.20433807373047","48.20433807373047"
"28311552","219","219","219","48.09791946411133","48.09791946411133","48.09791946411133"
"28835840","223","223","223","51.86074447631836","51.86074447631836","51.86074447631836"
"29360128","227","227","227","47.57075881958008","47.57075881958008","47.57075881958008"
"29884416","231","231","231","46.45737838745117","46.45737838745117","46.45737838745117"
"30408704","235","235","235","48.43655014038086","48.43655014038086","48.43655014038086"
"30932992","239","239","239","42.68674087524414","42.68674087524414","42.68674087524414"
"31457280","243","243","243","44.65381622314453","44.65381622314453","44.65381622314453"
"31981568","247","247","247","45.976776123046875","45.976776123046875","45.976776123046875"
"32505856","251","251","251","44.68500900268555","44.68500900268555","44.68500900268555"
"33030144","255","255","255","44.84095764160156","44.84095764160156","44.84095764160156"
"33554432","259","259","259","52.25755310058594","52.25755310058594","52.25755310058594"
"34078720","263","263","263","45.9136848449707","45.9136848449707","45.9136848449707"
"34603008","267","267","267","49.57923126220703","49.57923126220703","49.57923126220703"
"35127296","271","271","271","54.99345016479492","54.99345016479492","54.99345016479492"
"35651584","275","275","275","49.78350830078125","49.78350830078125","49.78350830078125"
"36175872","279","279","279","52.56602478027344","52.56602478027344","52.56602478027344"
"36700160","283","283","283","52.53903579711914","52.53903579711914","52.53903579711914"
"37224448","287","287","287","50.38129806518555","50.38129806518555","50.38129806518555"
"37748736","291","291","291","52.41360855102539","52.41360855102539","52.41360855102539"
"38273024","295","295","295","49.79691696166992","49.79691696166992","49.79691696166992"
"38797312","299","299","299","48.78662872314453","48.78662872314453","48.78662872314453"
"39321600","303","303","303","54.74250030517578","54.74250030517578","54.74250030517578"
"39845888","307","307","307","48.90058517456055","48.90058517456055","48.90058517456055"
"40370176","311","311","311","49.60651779174805","49.60651779174805","49.60651779174805"
"40894464","315","315","315","50.28068923950195","50.28068923950195","50.28068923950195"
"41418752","319","319","319","55.13523483276367","55.13523483276367","55.13523483276367"
"41943040","323","323","323","52.04958724975586","52.04958724975586","52.04958724975586"
"42467328","327","327","327","50.312400817871094","50.312400817871094","50.312400817871094"
"42991616","331","331","331","48.82675552368164","48.82675552368164","48.82675552368164"
"43515904","335","335","335","51.04666519165039","51.04666519165039","51.04666519165039"
"44040192","339","339","339","50.15492248535156","50.15492248535156","50.15492248535156"
"44564480","343","343","343","52.23554992675781","52.23554992675781","52.23554992675781"
"45088768","347","347","347","53.78116226196289","53.78116226196289","53.78116226196289"
"45613056","351","351","351","54.53083038330078","54.53083038330078","54.53083038330078"
"46137344","355","355","355","49.202816009521484","49.202816009521484","49.202816009521484"
"46661632","359","359","359","53.60148239135742","53.60148239135742","53.60148239135742"
"47185920","363","363","363","49.87460708618164","49.87460708618164","49.87460708618164"
"47710208","367","367","367","53.37291717529297","53.37291717529297","53.37291717529297"
"48234496","371","371","371","54.38157272338867","54.38157272338867","54.38157272338867"
"48758784","375","375","375","54.55111312866211","54.55111312866211","54.55111312866211"
"49283072","379","379","379","48.85597229003906","48.85597229003906","48.85597229003906"
"49807360","383","383","383","52.26070022583008","52.26070022583008","52.26070022583008"
"50331648","387","387","387","52.214012145996094","52.214012145996094","52.214012145996094"
"50855936","391","391","391","53.086448669433594","53.086448669433594","53.086448669433594"
"51380224","395","395","395","48.41831588745117","48.41831588745117","48.41831588745117"
"51904512","399","399","399","51.18293380737305","51.18293380737305","51.18293380737305"
"52428800","403","403","403","53.791053771972656","53.791053771972656","53.791053771972656"
"52953088","407","407","407","54.525814056396484","54.525814056396484","54.525814056396484"
"53477376","411","411","411","50.544677734375","50.544677734375","50.544677734375"
"54001664","415","415","415","54.84874725341797","54.84874725341797","54.84874725341797"
"54525952","419","419","419","54.89931869506836","54.89931869506836","54.89931869506836"
"55050240","423","423","423","54.574989318847656","54.574989318847656","54.574989318847656"
"55574528","427","427","427","51.55402374267578","51.55402374267578","51.55402374267578"
"56098816","431","431","431","54.77630615234375","54.77630615234375","54.77630615234375"
"56623104","435","435","435","57.78681564331055","57.78681564331055","57.78681564331055"
"57147392","439","439","439","49.832767486572266","49.832767486572266","49.832767486572266"
"57671680","443","443","443","53.22044372558594","53.22044372558594","53.22044372558594"
"58195968","447","447","447","53.11619186401367","53.11619186401367","53.11619186401367"
"58720256","451","451","451","52.393035888671875","52.393035888671875","52.393035888671875"
"59244544","455","455","455","50.874290466308594","50.874290466308594","50.874290466308594"
"59768832","459","459","459","54.114105224609375","54.114105224609375","54.114105224609375"
"60293120","463","463","463","54.77348327636719","54.77348327636719","54.77348327636719"
"60817408","467","467","467","52.86288070678711","52.86288070678711","52.86288070678711"
"61341696","471","471","471","58.070556640625","58.070556640625","58.070556640625"
"61865984","475","475","475","51.99178695678711","51.99178695678711","51.99178695678711"
"62390272","479","479","479","55.005828857421875","55.005828857421875","55.005828857421875"
"62914560","483","483","483","56.59724807739258","56.59724807739258","56.59724807739258"
"63438848","487","487","487","55.97837448120117","55.97837448120117","55.97837448120117"
"63963136","491","491","491","56.51508331298828","56.51508331298828","56.51508331298828"
"64487424","495","495","495","55.45497131347656","55.45497131347656","55.45497131347656"
"65011712","499","499","499","55.53252410888672","55.53252410888672","55.53252410888672"
"65536000","503","503","503","52.83785629272461","52.83785629272461","52.83785629272461"
"66060288","507","507","507","55.69106674194336","55.69106674194336","55.69106674194336"
"66584576","511","511","511","57.108924865722656","57.108924865722656","57.108924865722656"
"67108864","515","515","515","56.27996063232422","56.27996063232422","56.27996063232422"
"67633152","519","519","519","50.38329315185547","50.38329315185547","50.38329315185547"
"68157440","523","523","523","53.37443542480469","53.37443542480469","53.37443542480469"
"68681728","527","527","527","53.980995178222656","53.980995178222656","53.980995178222656"
"69206016","531","531","531","56.79262161254883","56.79262161254883","56.79262161254883"
"69730304","535","535","535","56.793968200683594","56.793968200683594","56.793968200683594"
"70254592","539","539","539","51.54168701171875","51.54168701171875","51.54168701171875"
"70778880","543","543","543","55.052005767822266","55.052005767822266","55.052005767822266"
"71303168","547","547","547","58.09518051147461","58.09518051147461","58.09518051147461"
"71827456","551","551","551","57.20201110839844","57.20201110839844","57.20201110839844"
"72351744","555","555","555","53.86937713623047","53.86937713623047","53.86937713623047"
"72876032","559","559","559","55.11094665527344","55.11094665527344","55.11094665527344"
"73400320","563","563","563","58.43466567993164","58.43466567993164","58.43466567993164"
"73924608","567","567","567","54.82294464111328","54.82294464111328","54.82294464111328"
"74448896","571","571","571","56.447601318359375","56.447601318359375","56.447601318359375"
"74973184","575","575","575","52.176692962646484","52.176692962646484","52.176692962646484"
"75497472","579","579","579","53.669734954833984","53.669734954833984","53.669734954833984"
"76021760","583","583","583","57.25029754638672","57.25029754638672","57.25029754638672"
"76546048","587","587","587","56.82904052734375","56.82904052734375","56.82904052734375"
"77070336","591","591","591","56.542327880859375","56.542327880859375","56.542327880859375"
"77594624","595","595","595","54.76693344116211","54.76693344116211","54.76693344116211"
"78118912","599","599","599","58.120906829833984","58.120906829833984","58.120906829833984"
"78643200","603","603","603","55.33457565307617","55.33457565307617","55.33457565307617"
"79167488","607","607","607","55.98371124267578","55.98371124267578","55.98371124267578"
"79691776","611","611","611","51.96614074707031","51.96614074707031","51.96614074707031"
"80216064","615","615","615","54.28235626220703","54.28235626220703","54.28235626220703"
"80740352","619","619","619","54.47388458251953","54.47388458251953","54.47388458251953"
"81264640","623","623","623","53.836219787597656","53.836219787597656","53.836219787597656"
"81788928","627","627","627","56.942440032958984","56.942440032958984","56.942440032958984"
"82313216","631","631","631","54.83799743652344","54.83799743652344","54.83799743652344"
"82837504","635","635","635","53.21935272216797","53.21935272216797","53.21935272216797"
"83361792","639","639","639","54.1475830078125","54.1475830078125","54.1475830078125"
"83886080","643","643","643","54.92839813232422","54.92839813232422","54.92839813232422"
"84410368","647","647","647","56.135379791259766","56.135379791259766","56.135379791259766"
"84934656","651","651","651","56.627586364746094","56.627586364746094","56.627586364746094"
"85458944","655","655","655","55.115970611572266","55.115970611572266","55.115970611572266"
"85983232","659","659","659","57.38220977783203","57.38220977783203","57.38220977783203"
"86507520","663","663","663","58.321556091308594","58.321556091308594","58.321556091308594"
"87031808","667","667","667","54.38328552246094","54.38328552246094","54.38328552246094"
"87556096","671","671","671","57.26757049560547","57.26757049560547","57.26757049560547"
"88080384","675","675","675","58.428226470947266","58.428226470947266","58.428226470947266"
"88604672","679","679","679","55.54804611206055","55.54804611206055","55.54804611206055"
"89128960","683","683","683","59.37060546875","59.37060546875","59.37060546875"
"89653248","687","687","687","55.74885559082031","55.74885559082031","55.74885559082031"
"90177536","691","691","691","57.22025680541992","57.22025680541992","57.22025680541992"
"90701824","695","695","695","54.36190414428711","54.36190414428711","54.36190414428711"
"91226112","699","699","699","54.134334564208984","54.134334564208984","54.134334564208984"
"91750400","703","703","703","56.25709533691406","56.25709533691406","56.25709533691406"
"92274688","707","707","707","53.76372528076172","53.76372528076172","53.76372528076172"
"92798976","711","711","711","54.76603317260742","54.76603317260742","54.76603317260742"
"93323264","715","715","715","55.756996154785156","55.756996154785156","55.756996154785156"
"93847552","719","719","719","53.044212341308594","53.044212341308594","53.044212341308594"
"94371840","723","723","723","51.68387222290039","51.68387222290039","51.68387222290039"
"94896128","727","727","727","54.99467086791992","54.99467086791992","54.99467086791992"
"95420416","731","731","731","57.56486511230469","57.56486511230469","57.56486511230469"
"95944704","735","735","735","53.54360580444336","53.54360580444336","53.54360580444336"
"96468992","739","739","739","53.57935333251953","53.57935333251953","53.57935333251953"
"96993280","743","743","743","53.70418930053711","53.70418930053711","53.70418930053711"
"97517568","747","747","747","55.07126998901367","55.07126998901367","55.07126998901367"
"98041856","751","751","751","53.13759994506836","53.13759994506836","53.13759994506836"
"98566144","755","755","755","53.9378547668457","53.9378547668457","53.9378547668457"
"99090432","759","759","759","53.468074798583984","53.468074798583984","53.468074798583984"
"99614720","763","763","763","56.838924407958984","56.838924407958984","56.838924407958984"
"100139008","767","767","767","59.38041305541992","59.38041305541992","59.38041305541992"
"100663296","771","771","771","53.74677658081055","53.74677658081055","53.74677658081055"
"101187584","775","775","775","57.03127670288086","57.03127670288086","57.03127670288086"
"101711872","779","779","779","53.97590637207031","53.97590637207031","53.97590637207031"
"102236160","783","783","783","55.676849365234375","55.676849365234375","55.676849365234375"
"102760448","787","787","787","53.16404342651367","53.16404342651367","53.16404342651367"
"103284736","791","791","791","55.40207290649414","55.40207290649414","55.40207290649414"
"103809024","795","795","795","52.561912536621094","52.561912536621094","52.561912536621094"
"104333312","799","799","799","52.78872299194336","52.78872299194336","52.78872299194336"
"104857600","803","803","803","54.947776794433594","54.947776794433594","54.947776794433594"
"105381888","807","807","807","53.62624740600586","53.62624740600586","53.62624740600586"
"105906176","811","811","811","55.89345169067383","55.89345169067383","55.89345169067383"
"106430464","815","815","815","53.0533447265625","53.0533447265625","53.0533447265625"
"106954752","819","819","819","54.876522064208984","54.876522064208984","54.876522064208984"
"107479040","823","823","823","56.26941680908203","56.26941680908203","56.26941680908203"
"108003328","827","827","827","56.65855407714844","56.65855407714844","56.65855407714844"
"108527616","831","831","831","55.48557662963867","55.48557662963867","55.48557662963867"
"109051904","835","835","835","59.9107780456543","59.9107780456543","59.9107780456543"
"109576192","839","839","839","57.12611770629883","57.12611770629883","57.12611770629883"
"110100480","843","843","843","55.75122833251953","55.75122833251953","55.75122833251953"
"110624768","847","847","847","55.76258850097656","55.76258850097656","55.76258850097656"
"111149056","851","851","851","55.871063232421875","55.871063232421875","55.871063232421875"
"111673344","855","855","855","57.6172981262207","57.6172981262207","57.6172981262207"
"112197632","859","859","859","57.02699661254883","57.02699661254883","57.02699661254883"
"112721920","863","863","863","59.99913787841797","59.99913787841797","59.99913787841797"
"113246208","867","867","867","59.573299407958984","59.573299407958984","59.573299407958984"
"113770496","871","871","871","54.82742691040039","54.82742691040039","54.82742691040039"
"114294784","875","875","875","57.50784683227539","57.50784683227539","57.50784683227539"
"114819072","879","879","879","55.144657135009766","55.144657135009766","55.144657135009766"
"115343360","883","883","883","56.378265380859375","56.378265380859375","56.378265380859375"
"115867648","887","887","887","56.95456314086914","56.95456314086914","56.95456314086914"
"116391936","891","891","891","51.97715759277344","51.97715759277344","51.97715759277344"
"116916224","895","895","895","53.57731246948242","53.57731246948242","53.57731246948242"
"117440512","899","899","899","55.30495071411133","55.30495071411133","55.30495071411133"
"117964800","903","903","903","52.25337600708008","52.25337600708008","52.25337600708008"
"118489088","907","907","907","59.18804931640625","59.18804931640625","59.18804931640625"
"119013376","911","911","911","56.05707550048828","56.05707550048828","56.05707550048828"
"119537664","915","915","915","54.34000778198242","54.34000778198242","54.34000778198242"
"120061952","919","919","919","55.87764358520508","55.87764358520508","55.87764358520508"
"120586240","923","923","923","54.617347717285156","54.617347717285156","54.617347717285156"
"121110528","927","927","927","52.8010139465332","52.8010139465332","52.8010139465332"
"121634816","931","931","931","55.61173629760742","55.61173629760742","55.61173629760742"
"122159104","935","935","935","54.61643600463867","54.61643600463867","54.61643600463867"
"122683392","939","939","939","57.01868438720703","57.01868438720703","57.01868438720703"
"123207680","943","943","943","59.13240051269531","59.13240051269531","59.13240051269531"
"123731968","947","947","947","54.81086349487305","54.81086349487305","54.81086349487305"
"124256256","951","951","951","54.99141311645508","54.99141311645508","54.99141311645508"
"124780544","955","955","955","56.168739318847656","56.168739318847656","56.168739318847656"
"125304832","959","959","959","56.21263885498047","56.21263885498047","56.21263885498047"
"125829120","963","963","963","57.65719985961914","57.65719985961914","57.65719985961914"
"126353408","967","967","967","54.74425506591797","54.74425506591797","54.74425506591797"
"126877696","971","971","971","58.40815734863281","58.40815734863281","58.40815734863281"
"127401984","975","975","975","55.94773483276367","55.94773483276367","55.94773483276367"
"127926272","979","979","979","51.67703628540039","51.67703628540039","51.67703628540039"
"128450560","983","983","983","52.1243896484375","52.1243896484375","52.1243896484375"
"128974848","987","987","987","57.31809997558594","57.31809997558594","57.31809997558594"
"129499136","991","991","991","54.91078567504883","54.91078567504883","54.91078567504883"
"130023424","995","995","995","53.02058792114258","53.02058792114258","53.02058792114258"
"130547712","999","999","999","55.091278076171875","55.091278076171875","55.091278076171875"
"131072000","1003","1003","1003","56.63490676879883","56.63490676879883","56.63490676879883"
"131596288","1007","1007","1007","52.30791473388672","52.30791473388672","52.30791473388672"
"132120576","1011","1011","1011","53.592498779296875","53.592498779296875","53.592498779296875"
"132644864","1015","1015","1015","51.70012664794922","51.70012664794922","51.70012664794922"
"133169152","1019","1019","1019","54.7945556640625","54.7945556640625","54.7945556640625"
"133693440","1023","1023","1023","55.46860885620117","55.46860885620117","55.46860885620117"
"134217728","1027","1027","1027","51.22406768798828","51.22406768798828","51.22406768798828"
"134742016","1031","1031","1031","53.825687408447266","53.825687408447266","53.825687408447266"
"135266304","1035","1035","1035","52.76879119873047","52.76879119873047","52.76879119873047"
"135790592","1039","1039","1039","55.31688690185547","55.31688690185547","55.31688690185547"
"136314880","1043","1043","1043","54.36344528198242","54.36344528198242","54.36344528198242"
"136839168","1047","1047","1047","55.621219635009766","55.621219635009766","55.621219635009766"
"137363456","1051","1051","1051","55.64823913574219","55.64823913574219","55.64823913574219"
"137887744","1055","1055","1055","53.90279769897461","53.90279769897461","53.90279769897461"
"138412032","1059","1059","1059","53.41330337524414","53.41330337524414","53.41330337524414"
"138936320","1063","1063","1063","52.82585906982422","52.82585906982422","52.82585906982422"
"139460608","1067","1067","1067","59.7662353515625","59.7662353515625","59.7662353515625"
"139984896","1071","1071","1071","51.1325569152832","51.1325569152832","51.1325569152832"
"140509184","1075","1075","1075","55.56426239013672","55.56426239013672","55.56426239013672"
"141033472","1079","1079","1079","54.46338653564453","54.46338653564453","54.46338653564453"
"141557760","1083","1083","1083","56.41911315917969","56.41911315917969","56.41911315917969"
"142082048","1087","1087","1087","56.20288848876953","56.20288848876953","56.20288848876953"
"142606336","1091","1091","1091","52.34842300415039","52.34842300415039","52.34842300415039"
"143130624","1095","1095","1095","55.21105194091797","55.21105194091797","55.21105194091797"
"143654912","1099","1099","1099","55.65037536621094","55.65037536621094","55.65037536621094"
"144179200","1103","1103","1103","56.759437561035156","56.759437561035156","56.759437561035156"
"144703488","1107","1107","1107","55.62010192871094","55.62010192871094","55.62010192871094"
"145227776","1111","1111","1111","54.94300079345703","54.94300079345703","54.94300079345703"
"145752064","1115","1115","1115","54.28123092651367","54.28123092651367","54.28123092651367"
"146276352","1119","1119","1119","55.955467224121094","55.955467224121094","55.955467224121094"
"146800640","1123","1123","1123","53.397274017333984","53.397274017333984","53.397274017333984"
"147324928","1127","1127","1127","55.27056121826172","55.27056121826172","55.27056121826172"
"147849216","1131","1131","1131","56.73810577392578","56.73810577392578","56.73810577392578"
"148373504","1135","1135","1135","54.49154281616211","54.49154281616211","54.49154281616211"
"148897792","1139","1139","1139","57.10354232788086","57.10354232788086","57.10354232788086"
"149422080","1143","1143","1143","56.54018783569336","56.54018783569336","56.54018783569336"
"149946368","1147","1147","1147","53.321800231933594","53.321800231933594","53.321800231933594"
"150470656","1151","1151","1151","55.55837631225586","55.55837631225586","55.55837631225586"
"150994944","1155","1155","1155","57.4149169921875","57.4149169921875","57.4149169921875"
"151519232","1159","1159","1159","54.22358322143555","54.22358322143555","54.22358322143555"
"152043520","1163","1163","1163","57.54444885253906","57.54444885253906","57.54444885253906"
"152567808","1167","1167","1167","56.3275032043457","56.3275032043457","56.3275032043457"
"153092096","1171","1171","1171","55.16183853149414","55.16183853149414","55.16183853149414"
"153616384","1175","1175","1175","54.02752685546875","54.02752685546875","54.02752685546875"
"154140672","1179","1179","1179","55.90492630004883","55.90492630004883","55.90492630004883"
"154664960","1183","1183","1183","58.14524841308594","58.14524841308594","58.14524841308594"
"155189248","1187","1187","1187","56.4898567199707","56.4898567199707","56.4898567199707"
"155713536","1191","1191","1191","55.386356353759766","55.386356353759766","55.386356353759766"
"156237824","1195","1195","1195","56.17142105102539","56.17142105102539","56.17142105102539"
"156762112","1199","1199","1199","58.23343276977539","58.23343276977539","58.23343276977539"
"157286400","1203","1203","1203","57.066444396972656","57.066444396972656","57.066444396972656"
"157810688","1207","1207","1207","55.581199645996094","55.581199645996094","55.581199645996094"
"158334976","1211","1211","1211","55.29412078857422","55.29412078857422","55.29412078857422"
"158859264","1215","1215","1215","56.28982925415039","56.28982925415039","56.28982925415039"
"159383552","1219","1219","1219","57.41342544555664","57.41342544555664","57.41342544555664"
"159907840","1223","1223","1223","57.22916793823242","57.22916793823242","57.22916793823242"
"160432128","1227","1227","1227","56.214046478271484","56.214046478271484","56.214046478271484"
"160956416","1231","1231","1231","57.47529220581055","57.47529220581055","57.47529220581055"
"161480704","1235","1235","1235","56.708396911621094","56.708396911621094","56.708396911621094"
"162004992","1239","1239","1239","59.79405212402344","59.79405212402344","59.79405212402344"
"162529280","1243","1243","1243","60.01500701904297","60.01500701904297","60.01500701904297"
"163053568","1247","1247","1247","57.734310150146484","57.734310150146484","57.734310150146484"
"163577856","1251","1251","1251","56.58372497558594","56.58372497558594","56.58372497558594"
"164102144","1255","1255","1255","56.34893035888672","56.34893035888672","56.34893035888672"
"164626432","1259","1259","1259","56.84306335449219","56.84306335449219","56.84306335449219"
"165150720","1263","1263","1263","58.33332061767578","58.33332061767578","58.33332061767578"
"165675008","1267","1267","1267","55.69057083129883","55.69057083129883","55.69057083129883"
"166199296","1271","1271","1271","57.53445053100586","57.53445053100586","57.53445053100586"
"166723584","1275","1275","1275","59.34804153442383","59.34804153442383","59.34804153442383"
"167247872","1279","1279","1279","58.04621124267578","58.04621124267578","58.04621124267578"
"167772160","1283","1283","1283","57.69853210449219","57.69853210449219","57.69853210449219"
"168296448","1287","1287","1287","56.20775604248047","56.20775604248047","56.20775604248047"
"168820736","1291","1291","1291","55.97829055786133","55.97829055786133","55.97829055786133"
"169345024","1295","1295","1295","54.89008331298828","54.89008331298828","54.89008331298828"
"169869312","1299","1299","1299","58.13859558105469","58.13859558105469","58.13859558105469"
"170393600","1303","1303","1303","54.07334899902344","54.07334899902344","54.07334899902344"
"170917888","1307","1307","1307","54.647796630859375","54.647796630859375","54.647796630859375"
"171442176","1311","1311","1311","56.80205535888672","56.80205535888672","56.80205535888672"
"171966464","1315","1315","1315","59.18836212158203","59.18836212158203","59.18836212158203"
"172490752","1319","1319","1319","57.78115463256836","57.78115463256836","57.78115463256836"
"173015040","1323","1323","1323","56.525672912597656","56.525672912597656","56.525672912597656"
"173539328","1327","1327","1327","54.6531867980957","54.6531867980957","54.6531867980957"
"174063616","1331","1331","1331","55.537479400634766","55.537479400634766","55.537479400634766"
"174587904","1335","1335","1335","58.8180046081543","58.8180046081543","58.8180046081543"
"175112192","1339","1339","1339","57.9908332824707","57.9908332824707","57.9908332824707"
"175636480","1343","1343","1343","58.155731201171875","58.155731201171875","58.155731201171875"
"176160768","1347","1347","1347","55.59607696533203","55.59607696533203","55.59607696533203"
"176685056","1351","1351","1351","56.77947998046875","56.77947998046875","56.77947998046875"
"177209344","1355","1355","1355","56.60075378417969","56.60075378417969","56.60075378417969"
"177733632","1359","1359","1359","54.67876434326172","54.67876434326172","54.67876434326172"
"178257920","1363","1363","1363","58.99138641357422","58.99138641357422","58.99138641357422"
"178782208","1367","1367","1367","57.414852142333984","57.414852142333984","57.414852142333984"
"179306496","1371","1371","1371","57.53254699707031","57.53254699707031","57.53254699707031"
"179830784","1375","1375","1375","55.69622802734375","55.69622802734375","55.69622802734375"
"180355072","1379","1379","1379","56.8375129699707","56.8375129699707","56.8375129699707"
"180879360","1383","1383","1383","56.99812316894531","56.99812316894531","56.99812316894531"
"181403648","1387","1387","1387","61.13040542602539","61.13040542602539","61.13040542602539"
"181927936","1391","1391","1391","55.373714447021484","55.373714447021484","55.373714447021484"
"182452224","1395","1395","1395","56.35654830932617","56.35654830932617","56.35654830932617"
"182976512","1399","1399","1399","57.88974380493164","57.88974380493164","57.88974380493164"
"183500800","1403","1403","1403","58.537322998046875","58.537322998046875","58.537322998046875"
"184025088","1407","1407","1407","59.67573547363281","59.67573547363281","59.67573547363281"
"184549376","1411","1411","1411","57.60582733154297","57.60582733154297","57.60582733154297"
"185073664","1415","1415","1415","58.77989196777344","58.77989196777344","58.77989196777344"
"185597952","1419","1419","1419","59.150169372558594","59.150169372558594","59.150169372558594"
"186122240","1423","1423","1423","58.58348846435547","58.58348846435547","58.58348846435547"
"186646528","1427","1427","1427","59.304290771484375","59.304290771484375","59.304290771484375"
"187170816","1431","1431","1431","59.8878173828125","59.8878173828125","59.8878173828125"
"187695104","1435","1435","1435","57.57251739501953","57.57251739501953","57.57251739501953"
"188219392","1439","1439","1439","60.86934280395508","60.86934280395508","60.86934280395508"
"188743680","1443","1443","1443","59.64753341674805","59.64753341674805","59.64753341674805"
"189267968","1447","1447","1447","58.92128372192383","58.92128372192383","58.92128372192383"
"189792256","1451","1451","1451","58.636375427246094","58.636375427246094","58.636375427246094"
"190316544","1455","1455","1455","60.05632019042969","60.05632019042969","60.05632019042969"
"190840832","1459","1459","1459","59.3383674621582","59.3383674621582","59.3383674621582"
"191365120","1463","1463","1463","58.66619110107422","58.66619110107422","58.66619110107422"
"191889408","1467","1467","1467","56.76365661621094","56.76365661621094","56.76365661621094"
"192413696","1471","1471","1471","60.711097717285156","60.711097717285156","60.711097717285156"
"192937984","1475","1475","1475","58.15534591674805","58.15534591674805","58.15534591674805"
"193462272","1479","1479","1479","60.58076095581055","60.58076095581055","60.58076095581055"
"193986560","1483","1483","1483","57.70038986206055","57.70038986206055","57.70038986206055"
"194510848","1487","1487","1487","59.96482467651367","59.96482467651367","59.96482467651367"
"195035136","1491","1491","1491","59.3648796081543","59.3648796081543","59.3648796081543"
"195559424","1495","1495","1495","60.8913459777832","60.8913459777832","60.8913459777832"
"196083712","1499","1499","1499","61.17986297607422","61.17986297607422","61.17986297607422"
"196608000","1503","1503","1503","58.65708541870117","58.65708541870117","58.65708541870117"
"197132288","1507","1507","1507","59.44513702392578","59.44513702392578","59.44513702392578"
"197656576","1511","1511","1511","57.68056869506836","57.68056869506836","57.68056869506836"
"198180864","1515","1515","1515","57.28187561035156","57.28187561035156","57.28187561035156"
"198705152","1519","1519","1519","60.80417251586914","60.80417251586914","60.80417251586914"
"199229440","1523","1523","1523","58.05095672607422","58.05095672607422","58.05095672607422"
"199753728","1527","1527","1527","57.23497009277344","57.23497009277344","57.23497009277344"
"200278016","1531","1531","1531","59.02280044555664","59.02280044555664","59.02280044555664"
"200802304","1535","1535","1535","56.87960433959961","56.87960433959961","56.87960433959961"
"201326592","1539","1539","1539","59.4319953918457","59.4319953918457","59.4319953918457"
"201850880","1543","1543","1543","59.27257537841797","59.27257537841797","59.27257537841797"
"202375168","1547","1547","1547","61.59602355957031","61.59602355957031","61.59602355957031"
"202899456","1551","1551","1551","60.55632781982422","60.55632781982422","60.55632781982422"
"203423744","1555","1555","1555","60.72696304321289","60.72696304321289","60.72696304321289"
"203948032","1559","1559","1559","59.03784942626953","59.03784942626953","59.03784942626953"
"204472320","1563","1563","1563","60.74446105957031","60.74446105957031","60.74446105957031"
"204996608","1567","1567","1567","59.867820739746094","59.867820739746094","59.867820739746094"
"205520896","1571","1571","1571","60.04303741455078","60.04303741455078","60.04303741455078"
"206045184","1575","1575","1575","58.30607604980469","58.30607604980469","58.30607604980469"
"206569472","1579","1579","1579","61.65383529663086","61.65383529663086","61.65383529663086"
"207093760","1583","1583","1583","57.53477478027344","57.53477478027344","57.53477478027344"
"207618048","1587","1587","1587","58.10987091064453","58.10987091064453","58.10987091064453"
"208142336","1591","1591","1591","58.59800338745117","58.59800338745117","58.59800338745117"
"208666624","1595","1595","1595","58.95646667480469","58.95646667480469","58.95646667480469"
"209190912","1599","1599","1599","60.84099578857422","60.84099578857422","60.84099578857422"
"209715200","1603","1603","1603","61.50893783569336","61.50893783569336","61.50893783569336"
"210239488","1607","1607","1607","58.544837951660156","58.544837951660156","58.544837951660156"
"210763776","1611","1611","1611","60.1420783996582","60.1420783996582","60.1420783996582"
"211288064","1615","1615","1615","58.643211364746094","58.643211364746094","58.643211364746094"
"211812352","1619","1619","1619","59.2571907043457","59.2571907043457","59.2571907043457"
"212336640","1623","1623","1623","60.24994659423828","60.24994659423828","60.24994659423828"
"212860928","1627","1627","1627","61.68698501586914","61.68698501586914","61.68698501586914"
"213385216","1631","1631","1631","59.170223236083984","59.170223236083984","59.170223236083984"
"213909504","1635","1635","1635","56.67714309692383","56.67714309692383","56.67714309692383"
"214433792","1639","1639","1639","60.42799758911133","60.42799758911133","60.42799758911133"
"214958080","1643","1643","1643","59.91259765625","59.91259765625","59.91259765625"
"215482368","1647","1647","1647","60.70083999633789","60.70083999633789","60.70083999633789"
"216006656","1651","1651","1651","60.45603561401367","60.45603561401367","60.45603561401367"
"216530944","1655","1655","1655","59.90034866333008","59.90034866333008","59.90034866333008"
"217055232","1659","1659","1659","62.3609619140625","62.3609619140625","62.3609619140625"
"217579520","1663","1663","1663","59.88651657104492","59.88651657104492","59.88651657104492"
"218103808","1667","1667","1667","63.27571487426758","63.27571487426758","63.27571487426758"
"218628096","1671","1671","1671","61.180267333984375","61.180267333984375","61.180267333984375"
"219152384","1675","1675","1675","59.90470886230469","59.90470886230469","59.90470886230469"
"219676672","1679","1679","1679","61.3205451965332","61.3205451965332","61.3205451965332"
"220200960","1683","1683","1683","58.91713333129883","58.91713333129883","58.91713333129883"
"220725248","1687","1687","1687","57.48529052734375","57.48529052734375","57.48529052734375"
"221249536","1691","1691","1691","59.40604019165039","59.40604019165039","59.40604019165039"
"221773824","1695","1695","1695","59.95090866088867","59.95090866088867","59.95090866088867"
"222298112","1699","1699","1699","58.640262603759766","58.640262603759766","58.640262603759766"
"222822400","1703","1703","1703","60.43452453613281","60.43452453613281","60.43452453613281"
"223346688","1707","1707","1707","59.191322326660156","59.191322326660156","59.191322326660156"
"223870976","1711","1711","1711","59.63203048706055","59.63203048706055","59.63203048706055"
"224395264","1715","1715","1715","60.924129486083984","60.924129486083984","60.924129486083984"
"224919552","1719","1719","1719","59.3992919921875","59.3992919921875","59.3992919921875"
"225443840","1723","1723","1723","60.054344177246094","60.054344177246094","60.054344177246094"
"225968128","1727","1727","1727","59.55426025390625","59.55426025390625","59.55426025390625"
"226492416","1731","1731","1731","60.29377365112305","60.29377365112305","60.29377365112305"
"227016704","1735","1735","1735","60.88164520263672","60.88164520263672","60.88164520263672"
"227540992","1739","1739","1739","62.05886459350586","62.05886459350586","62.05886459350586"
"228065280","1743","1743","1743","60.80459213256836","60.80459213256836","60.80459213256836"
"228589568","1747","1747","1747","61.56342315673828","61.56342315673828","61.56342315673828"
"229113856","1751","1751","1751","61.073246002197266","61.073246002197266","61.073246002197266"
"229638144","1755","1755","1755","61.32489013671875","61.32489013671875","61.32489013671875"
"230162432","1759","1759","1759","59.064002990722656","59.064002990722656","59.064002990722656"
"230686720","1763","1763","1763","60.06829833984375","60.06829833984375","60.06829833984375"
"231211008","1767","1767","1767","59.39692687988281","59.39692687988281","59.39692687988281"
"231735296","1771","1771","1771","62.213768005371094","62.213768005371094","62.213768005371094"
"232259584","1775","1775","1775","61.25121307373047","61.25121307373047","61.25121307373047"
"232783872","1779","1779","1779","61.93516159057617","61.93516159057617","61.93516159057617"
"233308160","1783","1783","1783","61.39554977416992","61.39554977416992","61.39554977416992"
"233832448","1787","1787","1787","60.02572250366211","60.02572250366211","60.02572250366211"
"234356736","1791","1791","1791","59.9697265625","59.9697265625","59.9697265625"
"234881024","1795","1795","1795","61.07982635498047","61.07982635498047","61.07982635498047"
"235405312","1799","1799","1799","61.532928466796875","61.532928466796875","61.532928466796875"
"235929600","1803","1803","1803","62.19686508178711","62.19686508178711","62.19686508178711"
"236453888","1807","1807","1807","62.11956024169922","62.11956024169922","62.11956024169922"
"236978176","1811","1811","1811","63.8182487487793","63.8182487487793","63.8182487487793"
"237502464","1815","1815","1815","61.09371566772461","61.09371566772461","61.09371566772461"
"238026752","1819","1819","1819","63.83015441894531","63.83015441894531","63.83015441894531"
"238551040","1823","1823","1823","63.42703628540039","63.42703628540039","63.42703628540039"
"239075328","1827","1827","1827","62.71445846557617","62.71445846557617","62.71445846557617"
"239599616","1831","1831","1831","60.04975891113281","60.04975891113281","60.04975891113281"
"240123904","1835","1835","1835","63.2608642578125","63.2608642578125","63.2608642578125"
"240648192","1839","1839","1839","64.15184020996094","64.15184020996094","64.15184020996094"
"241172480","1843","1843","1843","62.94550704956055","62.94550704956055","62.94550704956055"
"241696768","1847","1847","1847","64.53389739990234","64.53389739990234","64.53389739990234"
"242221056","1851","1851","1851","59.62118911743164","59.62118911743164","59.62118911743164"
"242745344","1855","1855","1855","63.63681411743164","63.63681411743164","63.63681411743164"
"243269632","1859","1859","1859","62.961673736572266","62.961673736572266","62.961673736572266"
"243793920","1863","1863","1863","62.32405090332031","62.32405090332031","62.32405090332031"
"244318208","1867","1867","1867","63.77408218383789","63.77408218383789","63.77408218383789"
"244842496","1871","1871","1871","63.1581916809082","63.1581916809082","63.1581916809082"
"245366784","1875","1875","1875","63.94620895385742","63.94620895385742","63.94620895385742"
"245891072","1879","1879","1879","63.77744674682617","63.77744674682617","63.77744674682617"
"246415360","1883","1883","1883","63.34357833862305","63.34357833862305","63.34357833862305"
"246939648","1887","1887","1887","64.07331848144531","64.07331848144531","64.07331848144531"
"247463936","1891","1891","1891","63.45240020751953","63.45240020751953","63.45240020751953"
"247988224","1895","1895","1895","61.703773498535156","61.703773498535156","61.703773498535156"
"248512512","1899","1899","1899","61.76910400390625","61.76910400390625","61.76910400390625"
"249036800","1903","1903","1903","62.89304733276367","62.89304733276367","62.89304733276367"
"249561088","1907","1907","1907","63.23183822631836","63.23183822631836","63.23183822631836"
"250085376","1911","1911","1911","63.84391403198242","63.84391403198242","63.84391403198242"
"250609664","1915","1915","1915","62.45213317871094","62.45213317871094","62.45213317871094"
"251133952","1919","1919","1919","62.83034896850586","62.83034896850586","62.83034896850586"
"251658240","1923","1923","1923","63.326141357421875","63.326141357421875","63.326141357421875"
"252182528","1927","1927","1927","62.715213775634766","62.715213775634766","62.715213775634766"
"252706816","1931","1931","1931","62.465003967285156","62.465003967285156","62.465003967285156"
"253231104","1935","1935","1935","61.428504943847656","61.428504943847656","61.428504943847656"
"253755392","1939","1939","1939","61.67119598388672","61.67119598388672","61.67119598388672"
"254279680","1943","1943","1943","63.74500274658203","63.74500274658203","63.74500274658203"
"254803968","1947","1947","1947","62.560760498046875","62.560760498046875","62.560760498046875"
"255328256","1951","1951","1951","62.83820724487305","62.83820724487305","62.83820724487305"
"255852544","1955","1955","1955","61.77914047241211","61.77914047241211","61.77914047241211"
"256376832","1959","1959","1959","63.98127365112305","63.98127365112305","63.98127365112305"
"256901120","1963","1963","1963","60.56419372558594","60.56419372558594","60.56419372558594"
"257425408","1967","1967","1967","63.263240814208984","63.263240814208984","63.263240814208984"
"257949696","1971","1971","1971","66.1895751953125","66.1895751953125","66.1895751953125"
"258473984","1975","1975","1975","62.457401275634766","62.457401275634766","62.457401275634766"
"258998272","1979","1979","1979","63.31708526611328","63.31708526611328","63.31708526611328"
"259522560","1983","1983","1983","62.49838638305664","62.49838638305664","62.49838638305664"
"260046848","1987","1987","1987","65.17388916015625","65.17388916015625","65.17388916015625"
"260571136","1991","1991","1991","66.23514556884766","66.23514556884766","66.23514556884766"
"261095424","1995","1995","1995","62.50825119018555","62.50825119018555","62.50825119018555"
"261619712","1999","1999","1999","63.06073760986328","63.06073760986328","63.06073760986328"
"262144000","2003","2003","2003","65.01263427734375","65.01263427734375","65.01263427734375"
"262668288","2007","2007","2007","64.0395736694336","64.0395736694336","64.0395736694336"
"263192576","2011","2011","2011","62.81535339355469","62.81535339355469","62.81535339355469"
"263716864","2015","2015","2015","64.41584014892578","64.41584014892578","64.41584014892578"
"264241152","2019","2019","2019","64.23533630371094","64.23533630371094","64.23533630371094"
"264765440","2023","2023","2023","63.02476501464844","63.02476501464844","63.02476501464844"
"265289728","2027","2027","2027","64.27960968017578","64.27960968017578","64.27960968017578"
"265814016","2031","2031","2031","61.75523376464844","61.75523376464844","61.75523376464844"
"266338304","2035","2035","2035","62.8640251159668","62.8640251159668","62.8640251159668"
"266862592","2039","2039","2039","64.1041030883789","64.1041030883789","64.1041030883789"
"267386880","2043","2043","2043","61.6949577331543","61.6949577331543","61.6949577331543"
"267911168","2047","2047","2047","61.17451477050781","61.17451477050781","61.17451477050781"
"268435456","2051","2051","2051","62.50859069824219","62.50859069824219","62.50859069824219"
"268959744","2055","2055","2055","62.11734390258789","62.11734390258789","62.11734390258789"
"269484032","2059","2059","2059","62.41065216064453","62.41065216064453","62.41065216064453"
"270008320","2063","2063","2063","62.19158935546875","62.19158935546875","62.19158935546875"
"270532608","2067","2067","2067","62.93135452270508","62.93135452270508","62.93135452270508"
"271056896","2071","2071","2071","64.16558837890625","64.16558837890625","64.16558837890625"
"271581184","2075","2075","2075","62.89292526245117","62.89292526245117","62.89292526245117"
"272105472","2079","2079","2079","64.65062713623047","64.65062713623047","64.65062713623047"
"272629760","2083","2083","2083","64.55636596679688","64.55636596679688","64.55636596679688"
"273154048","2087","2087","2087","62.68961715698242","62.68961715698242","62.68961715698242"
"273678336","2091","2091","2091","61.479705810546875","61.479705810546875","61.479705810546875"
"274202624","2095","2095","2095","60.78036117553711","60.78036117553711","60.78036117553711"
"274726912","2099","2099","2099","61.60922622680664","61.60922622680664","61.60922622680664"
"275251200","2103","2103","2103","63.859378814697266","63.859378814697266","63.859378814697266"
"275775488","2107","2107","2107","64.32440948486328","64.32440948486328","64.32440948486328"
"276299776","2111","2111","2111","63.495574951171875","63.495574951171875","63.495574951171875"
"276824064","2115","2115","2115","61.81763458251953","61.81763458251953","61.81763458251953"
"277348352","2119","2119","2119","61.97660446166992","61.97660446166992","61.97660446166992"
"277872640","2123","2123","2123","62.64421844482422","62.64421844482422","62.64421844482422"
"278396928","2127","2127","2127","59.0889778137207","59.0889778137207","59.0889778137207"
"278921216","2131","2131","2131","63.51023483276367","63.51023483276367","63.51023483276367"
"279445504","2135","2135","2135","61.62010955810547","61.62010955810547","61.62010955810547"
"279969792","2139","2139","2139","63.44777297973633","63.44777297973633","63.44777297973633"
"280494080","2143","2143","2143","62.93443298339844","62.93443298339844","62.93443298339844"
"281018368","2147","2147","2147","61.83591842651367","61.83591842651367","61.83591842651367"
"281542656","2151","2151","2151","64.52871704101562","64.52871704101562","64.52871704101562"
"282066944","2155","2155","2155","65.49501037597656","65.49501037597656","65.49501037597656"
"282591232","2159","2159","2159","62.69575500488281","62.69575500488281","62.69575500488281"
"283115520","2163","2163","2163","63.755252838134766","63.755252838134766","63.755252838134766"
"283639808","2167","2167","2167","64.372314453125","64.372314453125","64.372314453125"
"284164096","2171","2171","2171","64.98361206054688","64.98361206054688","64.98361206054688"
"284688384","2175","2175","2175","63.69981384277344","63.69981384277344","63.69981384277344"
"285212672","2179","2179","2179","62.423675537109375","62.423675537109375","62.423675537109375"
"285736960","2183","2183","2183","63.08547592163086","63.08547592163086","63.08547592163086"
"286261248","2187","2187","2187","65.30268859863281","65.30268859863281","65.30268859863281"
"286785536","2191","2191","2191","64.46923065185547","64.46923065185547","64.46923065185547"
"287309824","2195","2195","2195","64.18067932128906","64.18067932128906","64.18067932128906"
"287834112","2199","2199","2199","63.28699493408203","63.28699493408203","63.28699493408203"
"288358400","2203","2203","2203","62.03573226928711","62.03573226928711","62.03573226928711"
"288882688","2207","2207","2207","63.80065155029297","63.80065155029297","63.80065155029297"
"289406976","2211","2211","2211","62.78409957885742","62.78409957885742","62.78409957885742"
"289931264","2215","2215","2215","63.99978256225586","63.99978256225586","63.99978256225586"
"290455552","2219","2219","2219","62.57464599609375","62.57464599609375","62.57464599609375"
"290979840","2223","2223","2223","62.378387451171875","62.378387451171875","62.378387451171875"
"291504128","2227","2227","2227","61.11417007446289","61.11417007446289","61.11417007446289"
"292028416","2231","2231","2231","61.4486198425293","61.4486198425293","61.4486198425293"
"292552704","2235","2235","2235","64.5801773071289","64.5801773071289","64.5801773071289"
"293076992","2239","2239","2239","64.01583099365234","64.01583099365234","64.01583099365234"
"293601280","2243","2243","2243","63.37886428833008","63.37886428833008","63.37886428833008"
"294125568","2247","2247","2247","62.74309539794922","62.74309539794922","62.74309539794922"
"294649856","2251","2251","2251","65.38043975830078","65.38043975830078","65.38043975830078"
"295174144","2255","2255","2255","63.79602813720703","63.79602813720703","63.79602813720703"
"295698432","2259","2259","2259","62.34005355834961","62.34005355834961","62.34005355834961"
"296222720","2263","2263","2263","61.05173110961914","61.05173110961914","61.05173110961914"
"296747008","2267","2267","2267","63.04880905151367","63.04880905151367","63.04880905151367"
"297271296","2271","2271","2271","63.0188102722168","63.0188102722168","63.0188102722168"
"297795584","2275","2275","2275","65.17830657958984","65.17830657958984","65.17830657958984"
"298319872","2279","2279","2279","63.22684097290039","63.22684097290039","63.22684097290039"
"298844160","2283","2283","2283","63.14492416381836","63.14492416381836","63.14492416381836"
"299368448","2287","2287","2287","62.886322021484375","62.886322021484375","62.886322021484375"
"299892736","2291","2291","2291","63.22588348388672","63.22588348388672","63.22588348388672"
"300417024","2295","2295","2295","60.86265182495117","60.86265182495117","60.86265182495117"
"300941312","2299","2299","2299","64.00386810302734","64.00386810302734","64.00386810302734"
"301465600","2303","2303","2303","62.158172607421875","62.158172607421875","62.158172607421875"
"301989888","2307","2307","2307","60.62030029296875","60.62030029296875","60.62030029296875"
"302514176","2311","2311","2311","61.86820602416992","61.86820602416992","61.86820602416992"
"303038464","2315","2315","2315","62.55779266357422","62.55779266357422","62.55779266357422"
"303562752","2319","2319","2319","62.560081481933594","62.560081481933594","62.560081481933594"
"304087040","2323","2323","2323","62.39745330810547","62.39745330810547","62.39745330810547"
"304611328","2327","2327","2327","62.72347640991211","62.72347640991211","62.72347640991211"
"305135616","2331","2331","2331","62.2504997253418","62.2504997253418","62.2504997253418"
"305659904","2335","2335","2335","63.381248474121094","63.381248474121094","63.381248474121094"
"306184192","2339","2339","2339","62.55337142944336","62.55337142944336","62.55337142944336"
"306708480","2343","2343","2343","65.3228530883789","65.3228530883789","65.3228530883789"
"307232768","2347","2347","2347","60.59780502319336","60.59780502319336","60.59780502319336"
"307757056","2351","2351","2351","62.531005859375","62.531005859375","62.531005859375"
"308281344","2355","2355","2355","64.7091064453125","64.7091064453125","64.7091064453125"
"308805632","2359","2359","2359","63.86561965942383","63.86561965942383","63.86561965942383"
"309329920","2363","2363","2363","60.38583755493164","60.38583755493164","60.38583755493164"
"309854208","2367","2367","2367","61.99456787109375","61.99456787109375","61.99456787109375"
"310378496","2371","2371","2371","62.14643859863281","62.14643859863281","62.14643859863281"
"310902784","2375","2375","2375","60.56208801269531","60.56208801269531","60.56208801269531"
"311427072","2379","2379","2379","62.98328399658203","62.98328399658203","62.98328399658203"
"311951360","2383","2383","2383","61.179134368896484","61.179134368896484","61.179134368896484"
"312475648","2387","2387","2387","61.654266357421875","61.654266357421875","61.654266357421875"
"312999936","2391","2391","2391","61.28993606567383","61.28993606567383","61.28993606567383"
"313524224","2395","2395","2395","62.34329605102539","62.34329605102539","62.34329605102539"
"314048512","2399","2399","2399","60.743812561035156","60.743812561035156","60.743812561035156"
"314572800","2403","2403","2403","61.77951431274414","61.77951431274414","61.77951431274414"
"315097088","2407","2407","2407","61.66852569580078","61.66852569580078","61.66852569580078"
"315621376","2411","2411","2411","61.76982116699219","61.76982116699219","61.76982116699219"
"316145664","2415","2415","2415","62.895687103271484","62.895687103271484","62.895687103271484"
"316669952","2419","2419","2419","61.15913009643555","61.15913009643555","61.15913009643555"
"317194240","2423","2423","2423","61.8051643371582","61.8051643371582","61.8051643371582"
"317718528","2427","2427","2427","63.65115737915039","63.65115737915039","63.65115737915039"
"318242816","2431","2431","2431","59.98978805541992","59.98978805541992","59.98978805541992"
"318767104","2435","2435","2435","60.5356330871582","60.5356330871582","60.5356330871582"
"319291392","2439","2439","2439","62.0826530456543","62.0826530456543","62.0826530456543"
"319815680","2443","2443","2443","61.07522201538086","61.07522201538086","61.07522201538086"
"320339968","2447","2447","2447","60.88374710083008","60.88374710083008","60.88374710083008"
"320864256","2451","2451","2451","62.1511116027832","62.1511116027832","62.1511116027832"
"321388544","2455","2455","2455","61.92063522338867","61.92063522338867","61.92063522338867"
"321912832","2459","2459","2459","63.350765228271484","63.350765228271484","63.350765228271484"
"322437120","2463","2463","2463","62.304622650146484","62.304622650146484","62.304622650146484"
"322961408","2467","2467","2467","60.33829879760742","60.33829879760742","60.33829879760742"
"323485696","2471","2471","2471","61.94978332519531","61.94978332519531","61.94978332519531"
"324009984","2475","2475","2475","59.75309371948242","59.75309371948242","59.75309371948242"
"324534272","2479","2479","2479","61.06528854370117","61.06528854370117","61.06528854370117"
"325058560","2483","2483","2483","60.15198516845703","60.15198516845703","60.15198516845703"
"325582848","2487","2487","2487","60.469539642333984","60.469539642333984","60.469539642333984"
"326107136","2491","2491","2491","60.68805694580078","60.68805694580078","60.68805694580078"
"326631424","2495","2495","2495","62.32078170776367","62.32078170776367","62.32078170776367"
"327155712","2499","2499","2499","63.434326171875","63.434326171875","63.434326171875"
"327680000","2503","2503","2503","60.70003128051758","60.70003128051758","60.70003128051758"
"328204288","2507","2507","2507","62.56221008300781","62.56221008300781","62.56221008300781"
"328728576","2511","2511","2511","61.06088638305664","61.06088638305664","61.06088638305664"
"329252864","2515","2515","2515","61.33478546142578","61.33478546142578","61.33478546142578"
"329777152","2519","2519","2519","59.74412155151367","59.74412155151367","59.74412155151367"
"330301440","2523","2523","2523","61.441932678222656","61.441932678222656","61.441932678222656"
"330825728","2527","2527","2527","61.32310485839844","61.32310485839844","61.32310485839844"
"331350016","2531","2531","2531","61.77032470703125","61.77032470703125","61.77032470703125"
"331874304","2535","2535","2535","61.8638916015625","61.8638916015625","61.8638916015625"
"332398592","2539","2539","2539","61.24184799194336","61.24184799194336","61.24184799194336"
"332922880","2543","2543","2543","61.45927429199219","61.45927429199219","61.45927429199219"
"333447168","2547","2547","2547","61.45449447631836","61.45449447631836","61.45449447631836"
"333971456","2551","2551","2551","60.98225402832031","60.98225402832031","60.98225402832031"
"334495744","2555","2555","2555","60.67939376831055","60.67939376831055","60.67939376831055"
"335020032","2559","2559","2559","64.5963363647461","64.5963363647461","64.5963363647461"
"335544320","2563","2563","2563","62.5375862121582","62.5375862121582","62.5375862121582"
"336068608","2567","2567","2567","61.38118362426758","61.38118362426758","61.38118362426758"
"336592896","2571","2571","2571","61.32973861694336","61.32973861694336","61.32973861694336"
"337117184","2575","2575","2575","62.73893356323242","62.73893356323242","62.73893356323242"
"337641472","2579","2579","2579","61.43117904663086","61.43117904663086","61.43117904663086"
"338165760","2583","2583","2583","61.44200134277344","61.44200134277344","61.44200134277344"
"338690048","2587","2587","2587","63.3760871887207","63.3760871887207","63.3760871887207"
"339214336","2591","2591","2591","59.73139190673828","59.73139190673828","59.73139190673828"
"339738624","2595","2595","2595","61.184661865234375","61.184661865234375","61.184661865234375"
"340262912","2599","2599","2599","62.361053466796875","62.361053466796875","62.361053466796875"
"340787200","2603","2603","2603","60.633113861083984","60.633113861083984","60.633113861083984"
"341311488","2607","2607","2607","62.157440185546875","62.157440185546875","62.157440185546875"
"341835776","2611","2611","2611","60.12508010864258","60.12508010864258","60.12508010864258"
"342360064","2615","2615","2615","61.7855110168457","61.7855110168457","61.7855110168457"
"342884352","2619","2619","2619","63.577659606933594","63.577659606933594","63.577659606933594"
"343408640","2623","2623","2623","64.01907348632812","64.01907348632812","64.01907348632812"
"343932928","2627","2627","2627","63.534847259521484","63.534847259521484","63.534847259521484"
"344457216","2631","2631","2631","63.350433349609375","63.350433349609375","63.350433349609375"
"344981504","2635","2635","2635","61.10936737060547","61.10936737060547","61.10936737060547"
"345505792","2639","2639","2639","60.637001037597656","60.637001037597656","60.637001037597656"
"346030080","2643","2643","2643","63.23590850830078","63.23590850830078","63.23590850830078"
"346554368","2647","2647","2647","62.84688186645508","62.84688186645508","62.84688186645508"
"347078656","2651","2651","2651","60.9062385559082","60.9062385559082","60.9062385559082"
"347602944","2655","2655","2655","63.36465835571289","63.36465835571289","63.36465835571289"
"348127232","2659","2659","2659","62.40274429321289","62.40274429321289","62.40274429321289"
"348651520","2663","2663","2663","60.31591796875","60.31591796875","60.31591796875"
"349175808","2667","2667","2667","63.16893005371094","63.16893005371094","63.16893005371094"
"349700096","2671","2671","2671","62.81526565551758","62.81526565551758","62.81526565551758"
"350224384","2675","2675","2675","64.49227142333984","64.49227142333984","64.49227142333984"
"350748672","2679","2679","2679","61.47041702270508","61.47041702270508","61.47041702270508"
"351272960","2683","2683","2683","62.99509048461914","62.99509048461914","62.99509048461914"
"351797248","2687","2687","2687","61.326942443847656","61.326942443847656","61.326942443847656"
"352321536","2691","2691","2691","62.87727355957031","62.87727355957031","62.87727355957031"
"352845824","2695","2695","2695","63.6063232421875","63.6063232421875","63.6063232421875"
"353370112","2699","2699","2699","63.209564208984375","63.209564208984375","63.209564208984375"
"353894400","2703","2703","2703","62.27708053588867","62.27708053588867","62.27708053588867"
"354418688","2707","2707","2707","63.74250793457031","63.74250793457031","63.74250793457031"
"354942976","2711","2711","2711","63.22309494018555","63.22309494018555","63.22309494018555"
"355467264","2715","2715","2715","62.51585388183594","62.51585388183594","62.51585388183594"
"355991552","2719","2719","2719","62.79290008544922","62.79290008544922","62.79290008544922"
"356515840","2723","2723","2723","63.20482635498047","63.20482635498047","63.20482635498047"
"357040128","2727","2727","2727","63.2633171081543","63.2633171081543","63.2633171081543"
"357564416","2731","2731","2731","62.83933639526367","62.83933639526367","62.83933639526367"
"358088704","2735","2735","2735","61.94850540161133","61.94850540161133","61.94850540161133"
"358612992","2739","2739","2739","62.16694259643555","62.16694259643555","62.16694259643555"
"359137280","2743","2743","2743","60.473793029785156","60.473793029785156","60.473793029785156"
"359661568","2747","2747","2747","62.142425537109375","62.142425537109375","62.142425537109375"
"360185856","2751","2751","2751","62.31974411010742","62.31974411010742","62.31974411010742"
"360710144","2755","2755","2755","60.56294250488281","60.56294250488281","60.56294250488281"
"361234432","2759","2759","2759","62.2495002746582","62.2495002746582","62.2495002746582"
"361758720","2763","2763","2763","60.9962043762207","60.9962043762207","60.9962043762207"
"362283008","2767","2767","2767","62.01378631591797","62.01378631591797","62.01378631591797"
"362807296","2771","2771","2771","61.7618293762207","61.7618293762207","61.7618293762207"
"363331584","2775","2775","2775","62.37274932861328","62.37274932861328","62.37274932861328"
"363855872","2779","2779","2779","61.30591583251953","61.30591583251953","61.30591583251953"
"364380160","2783","2783","2783","60.92583465576172","60.92583465576172","60.92583465576172"
"364904448","2787","2787","2787","61.972537994384766","61.972537994384766","61.972537994384766"
"365428736","2791","2791","2791","61.96847915649414","61.96847915649414","61.96847915649414"
"365953024","2795","2795","2795","64.05081176757812","64.05081176757812","64.05081176757812"
"366477312","2799","2799","2799","61.00436019897461","61.00436019897461","61.00436019897461"
"367001600","2803","2803","2803","63.28178024291992","63.28178024291992","63.28178024291992"
"367525888","2807","2807","2807","60.67517852783203","60.67517852783203","60.67517852783203"
"368050176","2811","2811","2811","61.845375061035156","61.845375061035156","61.845375061035156"
"368574464","2815","2815","2815","61.08356857299805","61.08356857299805","61.08356857299805"
"369098752","2819","2819","2819","63.40243911743164","63.40243911743164","63.40243911743164"
"369623040","2823","2823","2823","61.71462631225586","61.71462631225586","61.71462631225586"
"370147328","2827","2827","2827","63.59551239013672","63.59551239013672","63.59551239013672"
"370671616","2831","2831","2831","63.16429901123047","63.16429901123047","63.16429901123047"
"371195904","2835","2835","2835","62.00571823120117","62.00571823120117","62.00571823120117"
"371720192","2839","2839","2839","62.399871826171875","62.399871826171875","62.399871826171875"
"372244480","2843","2843","2843","64.04756927490234","64.04756927490234","64.04756927490234"
"372768768","2847","2847","2847","62.62449264526367","62.62449264526367","62.62449264526367"
"373293056","2851","2851","2851","61.39771270751953","61.39771270751953","61.39771270751953"
"373817344","2855","2855","2855","61.543846130371094","61.543846130371094","61.543846130371094"
"374341632","2859","2859","2859","61.46337890625","61.46337890625","61.46337890625"
"374865920","2863","2863","2863","63.21284866333008","63.21284866333008","63.21284866333008"
"375390208","2867","2867","2867","61.50856399536133","61.50856399536133","61.50856399536133"
"375914496","2871","2871","2871","62.30818557739258","62.30818557739258","62.30818557739258"
"376438784","2875","2875","2875","62.37699508666992","62.37699508666992","62.37699508666992"
"376963072","2879","2879","2879","60.40598678588867","60.40598678588867","60.40598678588867"
"377487360","2883","2883","2883","63.01976013183594","63.01976013183594","63.01976013183594"
"378011648","2887","2887","2887","62.51777648925781","62.51777648925781","62.51777648925781"
"378535936","2891","2891","2891","59.98557662963867","59.98557662963867","59.98557662963867"
"379060224","2895","2895","2895","62.018104553222656","62.018104553222656","62.018104553222656"
"379584512","2899","2899","2899","60.286781311035156","60.286781311035156","60.286781311035156"
"380108800","2903","2903","2903","61.82871627807617","61.82871627807617","61.82871627807617"
"380633088","2907","2907","2907","60.74306106567383","60.74306106567383","60.74306106567383"
"381157376","2911","2911","2911","61.039920806884766","61.039920806884766","61.039920806884766"
"381681664","2915","2915","2915","61.41294860839844","61.41294860839844","61.41294860839844"
"382205952","2919","2919","2919","61.36243438720703","61.36243438720703","61.36243438720703"
"382730240","2923","2923","2923","61.36260223388672","61.36260223388672","61.36260223388672"
"383254528","2927","2927","2927","63.12525177001953","63.12525177001953","63.12525177001953"
"383778816","2931","2931","2931","61.82804489135742","61.82804489135742","61.82804489135742"
"384303104","2935","2935","2935","62.99101257324219","62.99101257324219","62.99101257324219"
"384827392","2939","2939","2939","61.83382034301758","61.83382034301758","61.83382034301758"
"385351680","2943","2943","2943","61.108524322509766","61.108524322509766","61.108524322509766"
"385875968","2947","2947","2947","61.534149169921875","61.534149169921875","61.534149169921875"
"386400256","2951","2951","2951","61.468196868896484","61.468196868896484","61.468196868896484"
"386924544","2955","2955","2955","61.81074905395508","61.81074905395508","61.81074905395508"
"387448832","2959","2959","2959","60.894432067871094","60.894432067871094","60.894432067871094"
"387973120","2963","2963","2963","62.81321716308594","62.81321716308594","62.81321716308594"
"388497408","2967","2967","2967","61.64955520629883","61.64955520629883","61.64955520629883"
"389021696","2971","2971","2971","61.5854377746582","61.5854377746582","61.5854377746582"
"389545984","2975","2975","2975","62.29813003540039","62.29813003540039","62.29813003540039"
"390070272","2979","2979","2979","60.30878829956055","60.30878829956055","60.30878829956055"
"390594560","2983","2983","2983","60.91538619995117","60.91538619995117","60.91538619995117"
"391118848","2987","2987","2987","63.70137405395508","63.70137405395508","63.70137405395508"
"391643136","2991","2991","2991","62.2218017578125","62.2218017578125","62.2218017578125"
"392167424","2995","2995","2995","59.76592254638672","59.76592254638672","59.76592254638672"
"392691712","2999","2999","2999","60.488895416259766","60.488895416259766","60.488895416259766"
"393216000","3003","3003","3003","61.57825469970703","61.57825469970703","61.57825469970703"
"393740288","3007","3007","3007","63.73362350463867","63.73362350463867","63.73362350463867"
"394264576","3011","3011","3011","59.66373825073242","59.66373825073242","59.66373825073242"
"394788864","3015","3015","3015","60.28769302368164","60.28769302368164","60.28769302368164"
"395313152","3019","3019","3019","61.3414192199707","61.3414192199707","61.3414192199707"
"395837440","3023","3023","3023","62.039608001708984","62.039608001708984","62.039608001708984"
"396361728","3027","3027","3027","61.301795959472656","61.301795959472656","61.301795959472656"
"396886016","3031","3031","3031","61.47064971923828","61.47064971923828","61.47064971923828"
"397410304","3035","3035","3035","63.36606979370117","63.36606979370117","63.36606979370117"
"397934592","3039","3039","3039","62.016536712646484","62.016536712646484","62.016536712646484"
"398458880","3043","3043","3043","62.772884368896484","62.772884368896484","62.772884368896484"
"398983168","3047","3047","3047","60.82975387573242","60.82975387573242","60.82975387573242"
"399507456","3051","3051","3051","61.93006134033203","61.93006134033203","61.93006134033203"
"400031744","3055","3055","3055","59.779300689697266","59.779300689697266","59.779300689697266"
"400556032","3059","3059","3059","64.61743927001953","64.61743927001953","64.61743927001953"
"401080320","3063","3063","3063","60.921180725097656","60.921180725097656","60.921180725097656"
"401604608","3067","3067","3067","60.310546875","60.310546875","60.310546875"
"402128896","3071","3071","3071","60.234012603759766","60.234012603759766","60.234012603759766"
"402653184","3075","3075","3075","60.573246002197266","60.573246002197266","60.573246002197266"
"403177472","3079","3079","3079","62.48672103881836","62.48672103881836","62.48672103881836"
"403701760","3083","3083","3083","62.237239837646484","62.237239837646484","62.237239837646484"
"404226048","3087","3087","3087","60.308837890625","60.308837890625","60.308837890625"
"404750336","3091","3091","3091","63.8034553527832","63.8034553527832","63.8034553527832"
"405274624","3095","3095","3095","62.265541076660156","62.265541076660156","62.265541076660156"
"405798912","3099","3099","3099","59.721248626708984","59.721248626708984","59.721248626708984"
"406323200","3103","3103","3103","62.41391372680664","62.41391372680664","62.41391372680664"
"406847488","3107","3107","3107","61.9290657043457","61.9290657043457","61.9290657043457"
"407371776","3111","3111","3111","62.94412612915039","62.94412612915039","62.94412612915039"
"407896064","3115","3115","3115","63.48972702026367","63.48972702026367","63.48972702026367"
"408420352","3119","3119","3119","60.65314865112305","60.65314865112305","60.65314865112305"
"408944640","3123","3123","3123","62.70185470581055","62.70185470581055","62.70185470581055"
"409468928","3127","3127","3127","60.54952621459961","60.54952621459961","60.54952621459961"
"409993216","3131","3131","3131","61.33066940307617","61.33066940307617","61.33066940307617"
"410517504","3135","3135","3135","61.15034866333008","61.15034866333008","61.15034866333008"
"411041792","3139","3139","3139","60.1933708190918","60.1933708190918","60.1933708190918"
"411566080","3143","3143","3143","61.581565856933594","61.581565856933594","61.581565856933594"
"412090368","3147","3147","3147","62.493919372558594","62.493919372558594","62.493919372558594"
"412614656","3151","3151","3151","60.678436279296875","60.678436279296875","60.678436279296875"
"413138944","3155","3155","3155","58.78569793701172","58.78569793701172","58.78569793701172"
"413663232","3159","3159","3159","61.64788055419922","61.64788055419922","61.64788055419922"
"414187520","3163","3163","3163","62.661102294921875","62.661102294921875","62.661102294921875"
"414711808","3167","3167","3167","59.50447463989258","59.50447463989258","59.50447463989258"
"415236096","3171","3171","3171","62.58085250854492","62.58085250854492","62.58085250854492"
"415760384","3175","3175","3175","60.5330810546875","60.5330810546875","60.5330810546875"
"416284672","3179","3179","3179","60.29218673706055","60.29218673706055","60.29218673706055"
"416808960","3183","3183","3183","59.096092224121094","59.096092224121094","59.096092224121094"
"417333248","3187","3187","3187","62.6514778137207","62.6514778137207","62.6514778137207"
"417857536","3191","3191","3191","61.10954284667969","61.10954284667969","61.10954284667969"
"418381824","3195","3195","3195","61.19260025024414","61.19260025024414","61.19260025024414"
"418906112","3199","3199","3199","61.71366882324219","61.71366882324219","61.71366882324219"
"419430400","3203","3203","3203","59.29921340942383","59.29921340942383","59.29921340942383"
"419954688","3207","3207","3207","61.321693420410156","61.321693420410156","61.321693420410156"
"420478976","3211","3211","3211","60.04356384277344","60.04356384277344","60.04356384277344"
"421003264","3215","3215","3215","59.96870040893555","59.96870040893555","59.96870040893555"
"421527552","3219","3219","3219","59.5892333984375","59.5892333984375","59.5892333984375"
"422051840","3223","3223","3223","62.33134078979492","62.33134078979492","62.33134078979492"
"422576128","3227","3227","3227","60.67345428466797","60.67345428466797","60.67345428466797"
"423100416","3231","3231","3231","62.43039321899414","62.43039321899414","62.43039321899414"
"423624704","3235","3235","3235","61.85441589355469","61.85441589355469","61.85441589355469"
"424148992","3239","3239","3239","62.05644989013672","62.05644989013672","62.05644989013672"
"424673280","3243","3243","3243","61.34465789794922","61.34465789794922","61.34465789794922"
"425197568","3247","3247","3247","63.77851486206055","63.77851486206055","63.77851486206055"
"425721856","3251","3251","3251","61.95744323730469","61.95744323730469","61.95744323730469"
"426246144","3255","3255","3255","59.52126693725586","59.52126693725586","59.52126693725586"
"426770432","3259","3259","3259","60.20452880859375","60.20452880859375","60.20452880859375"
"427294720","3263","3263","3263","62.66075134277344","62.66075134277344","62.66075134277344"
"427819008","3267","3267","3267","60.42724609375","60.42724609375","60.42724609375"
"428343296","3271","3271","3271","63.48213195800781","63.48213195800781","63.48213195800781"
"428867584","3275","3275","3275","60.69400405883789","60.69400405883789","60.69400405883789"
"429391872","3279","3279","3279","60.75303268432617","60.75303268432617","60.75303268432617"
"429916160","3283","3283","3283","61.54719161987305","61.54719161987305","61.54719161987305"
"430440448","3287","3287","3287","62.7725830078125","62.7725830078125","62.7725830078125"
"430964736","3291","3291","3291","61.08135223388672","61.08135223388672","61.08135223388672"
"431489024","3295","3295","3295","61.14830017089844","61.14830017089844","61.14830017089844"
"432013312","3299","3299","3299","63.18914031982422","63.18914031982422","63.18914031982422"
"432537600","3303","3303","3303","60.255706787109375","60.255706787109375","60.255706787109375"
"433061888","3307","3307","3307","59.72360610961914","59.72360610961914","59.72360610961914"
"433586176","3311","3311","3311","62.32326126098633","62.32326126098633","62.32326126098633"
"434110464","3315","3315","3315","60.07070541381836","60.07070541381836","60.07070541381836"
"434634752","3319","3319","3319","64.33171844482422","64.33171844482422","64.33171844482422"
"435159040","3323","3323","3323","61.828147888183594","61.828147888183594","61.828147888183594"
"435683328","3327","3327","3327","59.770790100097656","59.770790100097656","59.770790100097656"
"436207616","3331","3331","3331","61.02109146118164","61.02109146118164","61.02109146118164"
"436731904","3335","3335","3335","61.42064666748047","61.42064666748047","61.42064666748047"
"437256192","3339","3339","3339","59.94964599609375","59.94964599609375","59.94964599609375"
"437780480","3343","3343","3343","60.12651062011719","60.12651062011719","60.12651062011719"
"438304768","3347","3347","3347","60.77405548095703","60.77405548095703","60.77405548095703"
"438829056","3351","3351","3351","60.36280059814453","60.36280059814453","60.36280059814453"
"439353344","3355","3355","3355","60.28885269165039","60.28885269165039","60.28885269165039"
"439877632","3359","3359","3359","61.1416130065918","61.1416130065918","61.1416130065918"
"440401920","3363","3363","3363","59.51070022583008","59.51070022583008","59.51070022583008"
"440926208","3367","3367","3367","60.70942687988281","60.70942687988281","60.70942687988281"
"441450496","3371","3371","3371","59.36654281616211","59.36654281616211","59.36654281616211"
"441974784","3375","3375","3375","60.92522430419922","60.92522430419922","60.92522430419922"
"442499072","3379","3379","3379","59.608680725097656","59.608680725097656","59.608680725097656"
"443023360","3383","3383","3383","58.62530517578125","58.62530517578125","58.62530517578125"
"443547648","3387","3387","3387","59.15380096435547","59.15380096435547","59.15380096435547"
"444071936","3391","3391","3391","59.168670654296875","59.168670654296875","59.168670654296875"
"444596224","3395","3395","3395","61.12752914428711","61.12752914428711","61.12752914428711"
"445120512","3399","3399","3399","61.51913070678711","61.51913070678711","61.51913070678711"
"445644800","3403","3403","3403","61.59685516357422","61.59685516357422","61.59685516357422"
"446169088","3407","3407","3407","60.10417938232422","60.10417938232422","60.10417938232422"
"446693376","3411","3411","3411","60.00666427612305","60.00666427612305","60.00666427612305"
"447217664","3415","3415","3415","62.92542266845703","62.92542266845703","62.92542266845703"
"447741952","3419","3419","3419","60.20878219604492","60.20878219604492","60.20878219604492"
"448266240","3423","3423","3423","58.15325927734375","58.15325927734375","58.15325927734375"
"448790528","3427","3427","3427","60.200199127197266","60.200199127197266","60.200199127197266"
"449314816","3431","3431","3431","60.3042106628418","60.3042106628418","60.3042106628418"
"449839104","3435","3435","3435","59.23680877685547","59.23680877685547","59.23680877685547"
"450363392","3439","3439","3439","59.28142547607422","59.28142547607422","59.28142547607422"
"450887680","3443","3443","3443","59.57393264770508","59.57393264770508","59.57393264770508"
"451411968","3447","3447","3447","60.4154167175293","60.4154167175293","60.4154167175293"
"451936256","3451","3451","3451","59.90383529663086","59.90383529663086","59.90383529663086"
"452460544","3455","3455","3455","58.19211196899414","58.19211196899414","58.19211196899414"
"452984832","3459","3459","3459","62.1361083984375","62.1361083984375","62.1361083984375"
"453509120","3463","3463","3463","59.543479919433594","59.543479919433594","59.543479919433594"
"454033408","3467","3467","3467","60.445068359375","60.445068359375","60.445068359375"
"454557696","3471","3471","3471","60.03316116333008","60.03316116333008","60.03316116333008"
"455081984","3475","3475","3475","60.59521484375","60.59521484375","60.59521484375"
"455606272","3479","3479","3479","61.474822998046875","61.474822998046875","61.474822998046875"
"456130560","3483","3483","3483","57.93115234375","57.93115234375","57.93115234375"
"456654848","3487","3487","3487","61.41173553466797","61.41173553466797","61.41173553466797"
"457179136","3491","3491","3491","58.88302993774414","58.88302993774414","58.88302993774414"
"457703424","3495","3495","3495","60.2317008972168","60.2317008972168","60.2317008972168"
"458227712","3499","3499","3499","60.4130859375","60.4130859375","60.4130859375"
"458752000","3503","3503","3503","59.7039794921875","59.7039794921875","59.7039794921875"
"459276288","3507","3507","3507","60.59096908569336","60.59096908569336","60.59096908569336"
"459800576","3511","3511","3511","59.5068244934082","59.5068244934082","59.5068244934082"
"460324864","3515","3515","3515","60.22103500366211","60.22103500366211","60.22103500366211"
"460849152","3519","3519","3519","60.45689392089844","60.45689392089844","60.45689392089844"
"461373440","3523","3523","3523","59.340721130371094","59.340721130371094","59.340721130371094"
"461897728","3527","3527","3527","59.3755989074707","59.3755989074707","59.3755989074707"
"462422016","3531","3531","3531","58.94630813598633","58.94630813598633","58.94630813598633"
"462946304","3535","3535","3535","59.76064682006836","59.76064682006836","59.76064682006836"
"463470592","3539","3539","3539","58.95783233642578","58.95783233642578","58.95783233642578"
"463994880","3543","3543","3543","58.32074737548828","58.32074737548828","58.32074737548828"
"464519168","3547","3547","3547","60.1705436706543","60.1705436706543","60.1705436706543"
"465043456","3551","3551","3551","60.33665084838867","60.33665084838867","60.33665084838867"
"465567744","3555","3555","3555","59.05884552001953","59.05884552001953","59.05884552001953"
"466092032","3559","3559","3559","59.53653335571289","59.53653335571289","59.53653335571289"
"466616320","3563","3563","3563","59.77467727661133","59.77467727661133","59.77467727661133"
"467140608","3567","3567","3567","59.018035888671875","59.018035888671875","59.018035888671875"
"467664896","3571","3571","3571","59.06706237792969","59.06706237792969","59.06706237792969"
"468189184","3575","3575","3575","59.545326232910156","59.545326232910156","59.545326232910156"
"468713472","3579","3579","3579","60.42410659790039","60.42410659790039","60.42410659790039"
"469237760","3583","3583","3583","57.75897979736328","57.75897979736328","57.75897979736328"
"469762048","3587","3587","3587","60.13484191894531","60.13484191894531","60.13484191894531"
"470286336","3591","3591","3591","60.86051559448242","60.86051559448242","60.86051559448242"
"470810624","3595","3595","3595","59.26345443725586","59.26345443725586","59.26345443725586"
"471334912","3599","3599","3599","60.6803092956543","60.6803092956543","60.6803092956543"
"471859200","3603","3603","3603","60.21306610107422","60.21306610107422","60.21306610107422"
"472383488","3607","3607","3607","59.29559326171875","59.29559326171875","59.29559326171875"
"472907776","3611","3611","3611","58.8199462890625","58.8199462890625","58.8199462890625"
"473432064","3615","3615","3615","58.57258605957031","58.57258605957031","58.57258605957031"
"473956352","3619","3619","3619","60.69327163696289","60.69327163696289","60.69327163696289"
"474480640","3623","3623","3623","59.85091018676758","59.85091018676758","59.85091018676758"
"475004928","3627","3627","3627","61.96398162841797","61.96398162841797","61.96398162841797"
"475529216","3631","3631","3631","59.958396911621094","59.958396911621094","59.958396911621094"
"476053504","3635","3635","3635","59.43694305419922","59.43694305419922","59.43694305419922"
"476577792","3639","3639","3639","60.227840423583984","60.227840423583984","60.227840423583984"
"477102080","3643","3643","3643","59.76113510131836","59.76113510131836","59.76113510131836"
"477626368","3647","3647","3647","61.50362777709961","61.50362777709961","61.50362777709961"
"478150656","3651","3651","3651","61.373313903808594","61.373313903808594","61.373313903808594"
"478674944","3655","3655","3655","59.319740295410156","59.319740295410156","59.319740295410156"
"479199232","3659","3659","3659","61.94820022583008","61.94820022583008","61.94820022583008"
"479723520","3663","3663","3663","60.79231643676758","60.79231643676758","60.79231643676758"
"480247808","3667","3667","3667","58.83429718017578","58.83429718017578","58.83429718017578"
"480772096","3671","3671","3671","60.64426803588867","60.64426803588867","60.64426803588867"
"481296384","3675","3675","3675","59.279296875","59.279296875","59.279296875"
"481820672","3679","3679","3679","60.297889709472656","60.297889709472656","60.297889709472656"
"482344960","3683","3683","3683","60.42818832397461","60.42818832397461","60.42818832397461"
"482869248","3687","3687","3687","60.17034149169922","60.17034149169922","60.17034149169922"
"483393536","3691","3691","3691","60.23216247558594","60.23216247558594","60.23216247558594"
"483917824","3695","3695","3695","61.651248931884766","61.651248931884766","61.651248931884766"
"484442112","3699","3699","3699","59.11526107788086","59.11526107788086","59.11526107788086"
"484966400","3703","3703","3703","60.84279251098633","60.84279251098633","60.84279251098633"
"485490688","3707","3707","3707","60.854408264160156","60.854408264160156","60.854408264160156"
"486014976","3711","3711","3711","60.21649932861328","60.21649932861328","60.21649932861328"
"486539264","3715","3715","3715","59.33319091796875","59.33319091796875","59.33319091796875"
"487063552","3719","3719","3719","59.90266418457031","59.90266418457031","59.90266418457031"
"487587840","3723","3723","3723","59.75349807739258","59.75349807739258","59.75349807739258"
"488112128","3727","3727","3727","59.24295425415039","59.24295425415039","59.24295425415039"
"488636416","3731","3731","3731","60.97904586791992","60.97904586791992","60.97904586791992"
"489160704","3735","3735","3735","61.48204040527344","61.48204040527344","61.48204040527344"
"489684992","3739","3739","3739","59.98061752319336","59.98061752319336","59.98061752319336"
"490209280","3743","3743","3743","61.221214294433594","61.221214294433594","61.221214294433594"
"490733568","3747","3747","3747","59.11982727050781","59.11982727050781","59.11982727050781"
"491257856","3751","3751","3751","60.33238983154297","60.33238983154297","60.33238983154297"
"491782144","3755","3755","3755","58.62887954711914","58.62887954711914","58.62887954711914"
"492306432","3759","3759","3759","60.920166015625","60.920166015625","60.920166015625"
"492830720","3763","3763","3763","61.61090850830078","61.61090850830078","61.61090850830078"
"493355008","3767","3767","3767","57.933876037597656","57.933876037597656","57.933876037597656"
"493879296","3771","3771","3771","59.8871955871582","59.8871955871582","59.8871955871582"
"494403584","3775","3775","3775","59.448974609375","59.448974609375","59.448974609375"
"494927872","3779","3779","3779","59.41244888305664","59.41244888305664","59.41244888305664"
"495452160","3783","3783","3783","59.4481086730957","59.4481086730957","59.4481086730957"
"495976448","3787","3787","3787","59.94738006591797","59.94738006591797","59.94738006591797"
"496500736","3791","3791","3791","60.052860260009766","60.052860260009766","60.052860260009766"
"497025024","3795","3795","3795","62.06536102294922","62.06536102294922","62.06536102294922"
"497549312","3799","3799","3799","61.2891960144043","61.2891960144043","61.2891960144043"
"498073600","3803","3803","3803","58.46656036376953","58.46656036376953","58.46656036376953"
"498597888","3807","3807","3807","61.85420227050781","61.85420227050781","61.85420227050781"
"499122176","3811","3811","3811","61.20445251464844","61.20445251464844","61.20445251464844"
"499646464","3815","3815","3815","60.29484176635742","60.29484176635742","60.29484176635742"
"500170752","3819","3819","3819","60.75999069213867","60.75999069213867","60.75999069213867"
"500695040","3823","3823","3823","60.76865768432617","60.76865768432617","60.76865768432617"
"501219328","3827","3827","3827","60.1015510559082","60.1015510559082","60.1015510559082"
"501743616","3831","3831","3831","60.29496765136719","60.29496765136719","60.29496765136719"
"502267904","3835","3835","3835","58.09121322631836","58.09121322631836","58.09121322631836"
"502792192","3839","3839","3839","60.6954460144043","60.6954460144043","60.6954460144043"
"503316480","3843","3843","3843","62.413265228271484","62.413265228271484","62.413265228271484"
"503840768","3847","3847","3847","58.22809600830078","58.22809600830078","58.22809600830078"
"504365056","3851","3851","3851","60.98783874511719","60.98783874511719","60.98783874511719"
"504889344","3855","3855","3855","60.5434684753418","60.5434684753418","60.5434684753418"
"505413632","3859","3859","3859","58.195159912109375","58.195159912109375","58.195159912109375"
"505937920","3863","3863","3863","60.47108840942383","60.47108840942383","60.47108840942383"
"506462208","3867","3867","3867","60.26930618286133","60.26930618286133","60.26930618286133"
"506986496","3871","3871","3871","59.02424621582031","59.02424621582031","59.02424621582031"
"507510784","3875","3875","3875","61.60749816894531","61.60749816894531","61.60749816894531"
"508035072","3879","3879","3879","59.90770721435547","59.90770721435547","59.90770721435547"
"508559360","3883","3883","3883","60.4090461730957","60.4090461730957","60.4090461730957"
"509083648","3887","3887","3887","61.61797332763672","61.61797332763672","61.61797332763672"
"509607936","3891","3891","3891","61.8780403137207","61.8780403137207","61.8780403137207"
"510132224","3895","3895","3895","63.26082992553711","63.26082992553711","63.26082992553711"
"510656512","3899","3899","3899","59.82273864746094","59.82273864746094","59.82273864746094"
"511180800","3903","3903","3903","60.76416015625","60.76416015625","60.76416015625"
"511705088","3907","3907","3907","57.786468505859375","57.786468505859375","57.786468505859375"
"512229376","3911","3911","3911","60.7449836730957","60.7449836730957","60.7449836730957"
"512753664","3915","3915","3915","61.293479919433594","61.293479919433594","61.293479919433594"
"513277952","3919","3919","3919","58.31304168701172","58.31304168701172","58.31304168701172"
"513802240","3923","3923","3923","61.58084487915039","61.58084487915039","61.58084487915039"
"514326528","3927","3927","3927","60.98858642578125","60.98858642578125","60.98858642578125"
"514850816","3931","3931","3931","60.76093673706055","60.76093673706055","60.76093673706055"
"515375104","3935","3935","3935","60.00802993774414","60.00802993774414","60.00802993774414"
"515899392","3939","3939","3939","59.59425735473633","59.59425735473633","59.59425735473633"
"516423680","3943","3943","3943","59.95510482788086","59.95510482788086","59.95510482788086"
"516947968","3947","3947","3947","59.831111907958984","59.831111907958984","59.831111907958984"
"517472256","3951","3951","3951","58.35224533081055","58.35224533081055","58.35224533081055"
"517996544","3955","3955","3955","58.90814208984375","58.90814208984375","58.90814208984375"
"518520832","3959","3959","3959","58.861732482910156","58.861732482910156","58.861732482910156"
"519045120","3963","3963","3963","60.213035583496094","60.213035583496094","60.213035583496094"
"519569408","3967","3967","3967","60.44744873046875","60.44744873046875","60.44744873046875"
"520093696","3971","3971","3971","60.1468391418457","60.1468391418457","60.1468391418457"
"520617984","3975","3975","3975","61.56852722167969","61.56852722167969","61.56852722167969"
"521142272","3979","3979","3979","57.85920715332031","57.85920715332031","57.85920715332031"
"521666560","3983","3983","3983","62.53982925415039","62.53982925415039","62.53982925415039"
"522190848","3987","3987","3987","61.48202133178711","61.48202133178711","61.48202133178711"
"522715136","3991","3991","3991","59.46062469482422","59.46062469482422","59.46062469482422"
"523239424","3995","3995","3995","57.686981201171875","57.686981201171875","57.686981201171875"
"523763712","3999","3999","3999","60.42996597290039","60.42996597290039","60.42996597290039"