"global_step","DRRandom_04-01-36-40 - _step","DRRandom_04-01-36-40 - _step__MIN","DRRandom_04-01-36-40 - _step__MAX","DRRandom_04-01-36-40 - rewards/step","DRRandom_04-01-36-40 - rewards/step__MIN","DRRandom_04-01-36-40 - rewards/step__MAX"
"0","0","0","0","-23.526214599609375","-23.526214599609375","-23.526214599609375"
"524288","5","5","5","-22.994211196899414","-22.994211196899414","-22.994211196899414"
"1048576","9","9","9","-21.17962074279785","-21.17962074279785","-21.17962074279785"
"1572864","13","13","13","-19.40107536315918","-19.40107536315918","-19.40107536315918"
"2097152","17","17","17","-19.21596336364746","-19.21596336364746","-19.21596336364746"
"2621440","21","21","21","-16.6650390625","-16.6650390625","-16.6650390625"
"3145728","25","25","25","-15.960874557495117","-15.960874557495117","-15.960874557495117"
"3670016","29","29","29","-13.611604690551758","-13.611604690551758","-13.611604690551758"
"4194304","33","33","33","-13.760234832763672","-13.760234832763672","-13.760234832763672"
"4718592","37","37","37","-12.706364631652832","-12.706364631652832","-12.706364631652832"
"5242880","41","41","41","-11.743274688720703","-11.743274688720703","-11.743274688720703"
"5767168","45","45","45","-11.312955856323242","-11.312955856323242","-11.312955856323242"
"6291456","49","49","49","-11.831311225891113","-11.831311225891113","-11.831311225891113"
"6815744","53","53","53","-9.809112548828125","-9.809112548828125","-9.809112548828125"
"7340032","57","57","57","-10.217702865600586","-10.217702865600586","-10.217702865600586"
"7864320","61","61","61","-10.19293212890625","-10.19293212890625","-10.19293212890625"
"8388608","65","65","65","-9.55364990234375","-9.55364990234375","-9.55364990234375"
"8912896","69","69","69","-10.058866500854492","-10.058866500854492","-10.058866500854492"
"9437184","73","73","73","-8.56247615814209","-8.56247615814209","-8.56247615814209"
"9961472","77","77","77","-7.999983787536621","-7.999983787536621","-7.999983787536621"
"10485760","81","81","81","-8.097939491271973","-8.097939491271973","-8.097939491271973"
"11010048","85","85","85","-7.44113826751709","-7.44113826751709","-7.44113826751709"
"11534336","89","89","89","-6.968357563018799","-6.968357563018799","-6.968357563018799"
"12058624","93","93","93","-7.306329727172852","-7.306329727172852","-7.306329727172852"
"12582912","97","97","97","-5.555099964141846","-5.555099964141846","-5.555099964141846"
"13107200","101","101","101","-5.1313157081604","-5.1313157081604","-5.1313157081604"
"13631488","105","105","105","-5.48049259185791","-5.48049259185791","-5.48049259185791"
"14155776","109","109","109","-3.9789812564849854","-3.9789812564849854","-3.9789812564849854"
"14680064","113","113","113","-3.4834389686584473","-3.4834389686584473","-3.4834389686584473"
"15204352","117","117","117","-2.91048526763916","-2.91048526763916","-2.91048526763916"
"15728640","121","121","121","-4.904036045074463","-4.904036045074463","-4.904036045074463"
"16252928","125","125","125","-3.308891773223877","-3.308891773223877","-3.308891773223877"
"16777216","129","129","129","-3.5233218669891357","-3.5233218669891357","-3.5233218669891357"
"17301504","133","133","133","-2.2566425800323486","-2.2566425800323486","-2.2566425800323486"
"17825792","137","137","137","-2.021012544631958","-2.021012544631958","-2.021012544631958"
"18350080","141","141","141","-1.0952593088150024","-1.0952593088150024","-1.0952593088150024"
"18874368","145","145","145","-2.3064515590667725","-2.3064515590667725","-2.3064515590667725"
"19398656","149","149","149","-0.7895950675010681","-0.7895950675010681","-0.7895950675010681"
"19922944","153","153","153","1.0160956382751465","1.0160956382751465","1.0160956382751465"
"20447232","157","157","157","0.5348525643348694","0.5348525643348694","0.5348525643348694"
"20971520","161","161","161","1.406390905380249","1.406390905380249","1.406390905380249"
"21495808","165","165","165","1.1337844133377075","1.1337844133377075","1.1337844133377075"
"22020096","169","169","169","0.49820199608802795","0.49820199608802795","0.49820199608802795"
"22544384","173","173","173","0.2826424539089203","0.2826424539089203","0.2826424539089203"
"23068672","177","177","177","2.4055871963500977","2.4055871963500977","2.4055871963500977"
"23592960","181","181","181","1.4335482120513916","1.4335482120513916","1.4335482120513916"
"24117248","185","185","185","2.696253538131714","2.696253538131714","2.696253538131714"
"24641536","189","189","189","2.398153066635132","2.398153066635132","2.398153066635132"
"25165824","193","193","193","2.4099087715148926","2.4099087715148926","2.4099087715148926"
"25690112","197","197","197","2.7465898990631104","2.7465898990631104","2.7465898990631104"
"26214400","201","201","201","3.97249174118042","3.97249174118042","3.97249174118042"
"26738688","205","205","205","3.346561908721924","3.346561908721924","3.346561908721924"
"27262976","209","209","209","3.4159841537475586","3.4159841537475586","3.4159841537475586"
"27787264","213","213","213","3.327515125274658","3.327515125274658","3.327515125274658"
"28311552","217","217","217","5.5967912673950195","5.5967912673950195","5.5967912673950195"
"28835840","221","221","221","4.548314571380615","4.548314571380615","4.548314571380615"
"29360128","225","225","225","4.858432292938232","4.858432292938232","4.858432292938232"
"29884416","229","229","229","4.444987773895264","4.444987773895264","4.444987773895264"
"30408704","233","233","233","4.528277397155762","4.528277397155762","4.528277397155762"
"30932992","237","237","237","4.35915994644165","4.35915994644165","4.35915994644165"
"31457280","241","241","241","5.180097579956055","5.180097579956055","5.180097579956055"
"31981568","245","245","245","5.711843967437744","5.711843967437744","5.711843967437744"
"32505856","249","249","249","5.015649795532227","5.015649795532227","5.015649795532227"
"33030144","253","253","253","5.632214069366455","5.632214069366455","5.632214069366455"
"33554432","257","257","257","6.483635902404785","6.483635902404785","6.483635902404785"
"34078720","261","261","261","5.238961219787598","5.238961219787598","5.238961219787598"
"34603008","265","265","265","5.3114824295043945","5.3114824295043945","5.3114824295043945"
"35127296","269","269","269","5.898423194885254","5.898423194885254","5.898423194885254"
"35651584","273","273","273","5.857895851135254","5.857895851135254","5.857895851135254"
"36175872","277","277","277","7.495978832244873","7.495978832244873","7.495978832244873"
"36700160","281","281","281","7.69796085357666","7.69796085357666","7.69796085357666"
"37224448","285","285","285","7.598081588745117","7.598081588745117","7.598081588745117"
"37748736","289","289","289","7.032157897949219","7.032157897949219","7.032157897949219"
"38273024","293","293","293","8.196883201599121","8.196883201599121","8.196883201599121"
"38797312","297","297","297","7.076263427734375","7.076263427734375","7.076263427734375"
"39321600","301","301","301","6.355807781219482","6.355807781219482","6.355807781219482"
"39845888","305","305","305","6.956582069396973","6.956582069396973","6.956582069396973"
"40370176","309","309","309","8.02377986907959","8.02377986907959","8.02377986907959"
"40894464","313","313","313","7.461781978607178","7.461781978607178","7.461781978607178"
"41418752","317","317","317","9.390264511108398","9.390264511108398","9.390264511108398"
"41943040","321","321","321","8.135637283325195","8.135637283325195","8.135637283325195"
"42467328","325","325","325","8.685413360595703","8.685413360595703","8.685413360595703"
"42991616","329","329","329","8.45504093170166","8.45504093170166","8.45504093170166"
"43515904","333","333","333","9.237274169921875","9.237274169921875","9.237274169921875"
"44040192","337","337","337","9.003511428833008","9.003511428833008","9.003511428833008"
"44564480","341","341","341","9.735776901245117","9.735776901245117","9.735776901245117"
"45088768","345","345","345","8.842029571533203","8.842029571533203","8.842029571533203"
"45613056","349","349","349","8.356009483337402","8.356009483337402","8.356009483337402"
"46137344","353","353","353","8.78186321258545","8.78186321258545","8.78186321258545"
"46661632","357","357","357","8.473501205444336","8.473501205444336","8.473501205444336"
"47185920","361","361","361","7.875216484069824","7.875216484069824","7.875216484069824"
"47710208","365","365","365","10.863561630249023","10.863561630249023","10.863561630249023"
"48234496","369","369","369","10.92870807647705","10.92870807647705","10.92870807647705"
"48758784","373","373","373","9.891996383666992","9.891996383666992","9.891996383666992"
"49283072","377","377","377","10.581414222717285","10.581414222717285","10.581414222717285"
"49807360","381","381","381","11.111297607421875","11.111297607421875","11.111297607421875"
"50331648","385","385","385","11.202489852905273","11.202489852905273","11.202489852905273"
"50855936","389","389","389","9.717202186584473","9.717202186584473","9.717202186584473"
"51380224","393","393","393","9.249502182006836","9.249502182006836","9.249502182006836"
"51904512","397","397","397","11.455327033996582","11.455327033996582","11.455327033996582"
"52428800","401","401","401","12.160061836242676","12.160061836242676","12.160061836242676"
"52953088","405","405","405","11.170998573303223","11.170998573303223","11.170998573303223"
"53477376","409","409","409","10.826078414916992","10.826078414916992","10.826078414916992"
"54001664","413","413","413","13.39550495147705","13.39550495147705","13.39550495147705"
"54525952","417","417","417","11.6703462600708","11.6703462600708","11.6703462600708"
"55050240","421","421","421","12.425067901611328","12.425067901611328","12.425067901611328"
"55574528","425","425","425","12.645621299743652","12.645621299743652","12.645621299743652"
"56098816","429","429","429","12.416131019592285","12.416131019592285","12.416131019592285"
"56623104","433","433","433","13.557757377624512","13.557757377624512","13.557757377624512"
"57147392","437","437","437","12.933839797973633","12.933839797973633","12.933839797973633"
"57671680","441","441","441","12.24813175201416","12.24813175201416","12.24813175201416"
"58195968","445","445","445","13.285407066345215","13.285407066345215","13.285407066345215"
"58720256","449","449","449","12.08979606628418","12.08979606628418","12.08979606628418"
"59244544","453","453","453","11.925048828125","11.925048828125","11.925048828125"
"59768832","457","457","457","12.318099021911621","12.318099021911621","12.318099021911621"
"60293120","461","461","461","13.294046401977539","13.294046401977539","13.294046401977539"
"60817408","465","465","465","11.868478775024414","11.868478775024414","11.868478775024414"
"61341696","469","469","469","14.093385696411133","14.093385696411133","14.093385696411133"
"61865984","473","473","473","12.793441772460938","12.793441772460938","12.793441772460938"
"62390272","477","477","477","12.845634460449219","12.845634460449219","12.845634460449219"
"62914560","481","481","481","13.926803588867188","13.926803588867188","13.926803588867188"
"63438848","485","485","485","14.211867332458496","14.211867332458496","14.211867332458496"
"63963136","489","489","489","14.255495071411133","14.255495071411133","14.255495071411133"
"64487424","493","493","493","13.504536628723145","13.504536628723145","13.504536628723145"
"65011712","497","497","497","14.64664363861084","14.64664363861084","14.64664363861084"
"65536000","501","501","501","13.615312576293945","13.615312576293945","13.615312576293945"
"66060288","505","505","505","13.114545822143555","13.114545822143555","13.114545822143555"
"66584576","509","509","509","15.031878471374512","15.031878471374512","15.031878471374512"
"67108864","513","513","513","14.217687606811523","14.217687606811523","14.217687606811523"
"67633152","517","517","517","12.881147384643555","12.881147384643555","12.881147384643555"
"68157440","521","521","521","13.610173225402832","13.610173225402832","13.610173225402832"
"68681728","525","525","525","14.072223663330078","14.072223663330078","14.072223663330078"
"69206016","529","529","529","14.5737943649292","14.5737943649292","14.5737943649292"
"69730304","533","533","533","14.36269474029541","14.36269474029541","14.36269474029541"
"70254592","537","537","537","14.458353996276855","14.458353996276855","14.458353996276855"
"70778880","541","541","541","13.039351463317871","13.039351463317871","13.039351463317871"
"71303168","545","545","545","14.832974433898926","14.832974433898926","14.832974433898926"
"71827456","549","549","549","15.995213508605957","15.995213508605957","15.995213508605957"
"72351744","553","553","553","14.184707641601562","14.184707641601562","14.184707641601562"
"72876032","557","557","557","13.48001480102539","13.48001480102539","13.48001480102539"
"73400320","561","561","561","14.84802532196045","14.84802532196045","14.84802532196045"
"73924608","565","565","565","14.988025665283203","14.988025665283203","14.988025665283203"
"74448896","569","569","569","15.083688735961914","15.083688735961914","15.083688735961914"
"74973184","573","573","573","13.321744918823242","13.321744918823242","13.321744918823242"
"75497472","577","577","577","14.231606483459473","14.231606483459473","14.231606483459473"
"76021760","581","581","581","15.187663078308105","15.187663078308105","15.187663078308105"
"76546048","585","585","585","16.567981719970703","16.567981719970703","16.567981719970703"
"77070336","589","589","589","14.17117691040039","14.17117691040039","14.17117691040039"
"77594624","593","593","593","14.805374145507812","14.805374145507812","14.805374145507812"
"78118912","597","597","597","14.506991386413574","14.506991386413574","14.506991386413574"
"78643200","601","601","601","15.177936553955078","15.177936553955078","15.177936553955078"
"79167488","605","605","605","14.984538078308105","14.984538078308105","14.984538078308105"
"79691776","609","609","609","14.295291900634766","14.295291900634766","14.295291900634766"
"80216064","613","613","613","16.02602767944336","16.02602767944336","16.02602767944336"
"80740352","617","617","617","15.80523681640625","15.80523681640625","15.80523681640625"
"81264640","621","621","621","14.19070816040039","14.19070816040039","14.19070816040039"
"81788928","625","625","625","15.096528053283691","15.096528053283691","15.096528053283691"
"82313216","629","629","629","15.63527774810791","15.63527774810791","15.63527774810791"
"82837504","633","633","633","15.652462005615234","15.652462005615234","15.652462005615234"
"83361792","637","637","637","16.2967529296875","16.2967529296875","16.2967529296875"
"83886080","641","641","641","16.67084503173828","16.67084503173828","16.67084503173828"
"84410368","645","645","645","16.566181182861328","16.566181182861328","16.566181182861328"
"84934656","649","649","649","15.385445594787598","15.385445594787598","15.385445594787598"
"85458944","653","653","653","17.715370178222656","17.715370178222656","17.715370178222656"
"85983232","657","657","657","15.970561027526855","15.970561027526855","15.970561027526855"
"86507520","661","661","661","18.263521194458008","18.263521194458008","18.263521194458008"
"87031808","665","665","665","17.351469039916992","17.351469039916992","17.351469039916992"
"87556096","669","669","669","16.560077667236328","16.560077667236328","16.560077667236328"
"88080384","673","673","673","17.897634506225586","17.897634506225586","17.897634506225586"
"88604672","677","677","677","17.310874938964844","17.310874938964844","17.310874938964844"
"89128960","681","681","681","18.29283332824707","18.29283332824707","18.29283332824707"
"89653248","685","685","685","16.425058364868164","16.425058364868164","16.425058364868164"
"90177536","689","689","689","16.884002685546875","16.884002685546875","16.884002685546875"
"90701824","693","693","693","16.1484317779541","16.1484317779541","16.1484317779541"
"91226112","697","697","697","16.963987350463867","16.963987350463867","16.963987350463867"
"91750400","701","701","701","17.442874908447266","17.442874908447266","17.442874908447266"
"92274688","705","705","705","16.396068572998047","16.396068572998047","16.396068572998047"
"92798976","709","709","709","16.272077560424805","16.272077560424805","16.272077560424805"
"93323264","713","713","713","16.53850555419922","16.53850555419922","16.53850555419922"
"93847552","717","717","717","17.38491439819336","17.38491439819336","17.38491439819336"
"94371840","721","721","721","15.965706825256348","15.965706825256348","15.965706825256348"
"94896128","725","725","725","17.038002014160156","17.038002014160156","17.038002014160156"
"95420416","729","729","729","17.55840301513672","17.55840301513672","17.55840301513672"
"95944704","733","733","733","16.809335708618164","16.809335708618164","16.809335708618164"
"96468992","737","737","737","16.871936798095703","16.871936798095703","16.871936798095703"
"96993280","741","741","741","15.455503463745117","15.455503463745117","15.455503463745117"
"97517568","745","745","745","17.690086364746094","17.690086364746094","17.690086364746094"
"98041856","749","749","749","15.902101516723633","15.902101516723633","15.902101516723633"
"98566144","753","753","753","16.764707565307617","16.764707565307617","16.764707565307617"
"99090432","757","757","757","15.998292922973633","15.998292922973633","15.998292922973633"
"99614720","761","761","761","17.107608795166016","17.107608795166016","17.107608795166016"
"100139008","765","765","765","17.985027313232422","17.985027313232422","17.985027313232422"
"100663296","769","769","769","17.392263412475586","17.392263412475586","17.392263412475586"
"101187584","773","773","773","16.993005752563477","16.993005752563477","16.993005752563477"
"101711872","777","777","777","17.269752502441406","17.269752502441406","17.269752502441406"
"102236160","781","781","781","17.84700584411621","17.84700584411621","17.84700584411621"
"102760448","785","785","785","16.59161376953125","16.59161376953125","16.59161376953125"
"103284736","789","789","789","18.790855407714844","18.790855407714844","18.790855407714844"
"103809024","793","793","793","16.701332092285156","16.701332092285156","16.701332092285156"
"104333312","797","797","797","17.463119506835938","17.463119506835938","17.463119506835938"
"104857600","801","801","801","17.86277961730957","17.86277961730957","17.86277961730957"
"105381888","805","805","805","17.67930793762207","17.67930793762207","17.67930793762207"
"105906176","809","809","809","16.704235076904297","16.704235076904297","16.704235076904297"
"106430464","813","813","813","17.214380264282227","17.214380264282227","17.214380264282227"
"106954752","817","817","817","17.956201553344727","17.956201553344727","17.956201553344727"
"107479040","821","821","821","17.487735748291016","17.487735748291016","17.487735748291016"
"108003328","825","825","825","16.650890350341797","16.650890350341797","16.650890350341797"
"108527616","829","829","829","17.702327728271484","17.702327728271484","17.702327728271484"
"109051904","833","833","833","18.731836318969727","18.731836318969727","18.731836318969727"
"109576192","837","837","837","17.77153778076172","17.77153778076172","17.77153778076172"
"110100480","841","841","841","16.265533447265625","16.265533447265625","16.265533447265625"
"110624768","845","845","845","16.20798110961914","16.20798110961914","16.20798110961914"
"111149056","849","849","849","16.805805206298828","16.805805206298828","16.805805206298828"
"111673344","853","853","853","18.205427169799805","18.205427169799805","18.205427169799805"
"112197632","857","857","857","15.137115478515625","15.137115478515625","15.137115478515625"
"112721920","861","861","861","18.92324447631836","18.92324447631836","18.92324447631836"
"113246208","865","865","865","17.50577163696289","17.50577163696289","17.50577163696289"
"113770496","869","869","869","17.724130630493164","17.724130630493164","17.724130630493164"
"114294784","873","873","873","18.013927459716797","18.013927459716797","18.013927459716797"
"114819072","877","877","877","17.67316436767578","17.67316436767578","17.67316436767578"
"115343360","881","881","881","18.29081153869629","18.29081153869629","18.29081153869629"
"115867648","885","885","885","17.222124099731445","17.222124099731445","17.222124099731445"
"116391936","889","889","889","15.867828369140625","15.867828369140625","15.867828369140625"
"116916224","893","893","893","17.77008056640625","17.77008056640625","17.77008056640625"
"117440512","897","897","897","19.53740882873535","19.53740882873535","19.53740882873535"
"117964800","901","901","901","17.444637298583984","17.444637298583984","17.444637298583984"
"118489088","905","905","905","17.575620651245117","17.575620651245117","17.575620651245117"
"119013376","909","909","909","18.102182388305664","18.102182388305664","18.102182388305664"
"119537664","913","913","913","17.76811981201172","17.76811981201172","17.76811981201172"
"120061952","917","917","917","19.237674713134766","19.237674713134766","19.237674713134766"
"120586240","921","921","921","19.45903205871582","19.45903205871582","19.45903205871582"
"121110528","925","925","925","17.631460189819336","17.631460189819336","17.631460189819336"
"121634816","929","929","929","18.288610458374023","18.288610458374023","18.288610458374023"
"122159104","933","933","933","18.93093490600586","18.93093490600586","18.93093490600586"
"122683392","937","937","937","19.945600509643555","19.945600509643555","19.945600509643555"
"123207680","941","941","941","18.339038848876953","18.339038848876953","18.339038848876953"
"123731968","945","945","945","18.302593231201172","18.302593231201172","18.302593231201172"
"124256256","949","949","949","18.15715980529785","18.15715980529785","18.15715980529785"
"124780544","953","953","953","17.94386863708496","17.94386863708496","17.94386863708496"
"125304832","957","957","957","17.260969161987305","17.260969161987305","17.260969161987305"
"125829120","961","961","961","19.87352180480957","19.87352180480957","19.87352180480957"
"126353408","965","965","965","19.03064727783203","19.03064727783203","19.03064727783203"
"126877696","969","969","969","19.035905838012695","19.035905838012695","19.035905838012695"
"127401984","973","973","973","19.56495475769043","19.56495475769043","19.56495475769043"
"127926272","977","977","977","18.90170669555664","18.90170669555664","18.90170669555664"
"128450560","981","981","981","16.69009017944336","16.69009017944336","16.69009017944336"
"128974848","985","985","985","20.09821319580078","20.09821319580078","20.09821319580078"
"129499136","989","989","989","18.921838760375977","18.921838760375977","18.921838760375977"
"130023424","993","993","993","19.033994674682617","19.033994674682617","19.033994674682617"
"130547712","997","997","997","19.97804832458496","19.97804832458496","19.97804832458496"
"131072000","1001","1001","1001","18.95407485961914","18.95407485961914","18.95407485961914"
"131596288","1005","1005","1005","17.053464889526367","17.053464889526367","17.053464889526367"
"132120576","1009","1009","1009","18.605226516723633","18.605226516723633","18.605226516723633"
"132644864","1013","1013","1013","18.444868087768555","18.444868087768555","18.444868087768555"
"133169152","1017","1017","1017","19.311338424682617","19.311338424682617","19.311338424682617"
"133693440","1021","1021","1021","17.823732376098633","17.823732376098633","17.823732376098633"
"134217728","1025","1025","1025","18.34840202331543","18.34840202331543","18.34840202331543"
"134742016","1029","1029","1029","18.89936637878418","18.89936637878418","18.89936637878418"
"135266304","1033","1033","1033","17.103801727294922","17.103801727294922","17.103801727294922"
"135790592","1037","1037","1037","20.090726852416992","20.090726852416992","20.090726852416992"
"136314880","1041","1041","1041","20.04531478881836","20.04531478881836","20.04531478881836"
"136839168","1045","1045","1045","19.39667510986328","19.39667510986328","19.39667510986328"
"137363456","1049","1049","1049","20.140832901000977","20.140832901000977","20.140832901000977"
"137887744","1053","1053","1053","18.41566276550293","18.41566276550293","18.41566276550293"
"138412032","1057","1057","1057","20.79224967956543","20.79224967956543","20.79224967956543"
"138936320","1061","1061","1061","18.63809585571289","18.63809585571289","18.63809585571289"
"139460608","1065","1065","1065","20.733606338500977","20.733606338500977","20.733606338500977"
"139984896","1069","1069","1069","17.112146377563477","17.112146377563477","17.112146377563477"
"140509184","1073","1073","1073","19.06810760498047","19.06810760498047","19.06810760498047"
"141033472","1077","1077","1077","17.50244140625","17.50244140625","17.50244140625"
"141557760","1081","1081","1081","18.958232879638672","18.958232879638672","18.958232879638672"
"142082048","1085","1085","1085","19.678985595703125","19.678985595703125","19.678985595703125"
"142606336","1089","1089","1089","18.804880142211914","18.804880142211914","18.804880142211914"
"143130624","1093","1093","1093","19.926301956176758","19.926301956176758","19.926301956176758"
"143654912","1097","1097","1097","20.809574127197266","20.809574127197266","20.809574127197266"
"144179200","1101","1101","1101","19.68830680847168","19.68830680847168","19.68830680847168"
"144703488","1105","1105","1105","20.323955535888672","20.323955535888672","20.323955535888672"
"145227776","1109","1109","1109","19.482879638671875","19.482879638671875","19.482879638671875"
"145752064","1113","1113","1113","18.735668182373047","18.735668182373047","18.735668182373047"
"146276352","1117","1117","1117","20.530317306518555","20.530317306518555","20.530317306518555"
"146800640","1121","1121","1121","19.84680938720703","19.84680938720703","19.84680938720703"
"147324928","1125","1125","1125","20.3435001373291","20.3435001373291","20.3435001373291"
"147849216","1129","1129","1129","19.566450119018555","19.566450119018555","19.566450119018555"
"148373504","1133","1133","1133","18.7947940826416","18.7947940826416","18.7947940826416"
"148897792","1137","1137","1137","20.646312713623047","20.646312713623047","20.646312713623047"
"149422080","1141","1141","1141","21.101102828979492","21.101102828979492","21.101102828979492"
"149946368","1145","1145","1145","21.168840408325195","21.168840408325195","21.168840408325195"
"150470656","1149","1149","1149","20.98623275756836","20.98623275756836","20.98623275756836"
"150994944","1153","1153","1153","22.0360050201416","22.0360050201416","22.0360050201416"
"151519232","1157","1157","1157","20.00628662109375","20.00628662109375","20.00628662109375"
"152043520","1161","1161","1161","21.690837860107422","21.690837860107422","21.690837860107422"
"152567808","1165","1165","1165","20.03672218322754","20.03672218322754","20.03672218322754"
"153092096","1169","1169","1169","20.100364685058594","20.100364685058594","20.100364685058594"
"153616384","1173","1173","1173","19.22365951538086","19.22365951538086","19.22365951538086"
"154140672","1177","1177","1177","20.53072738647461","20.53072738647461","20.53072738647461"
"154664960","1181","1181","1181","20.65635871887207","20.65635871887207","20.65635871887207"
"155189248","1185","1185","1185","19.94749641418457","19.94749641418457","19.94749641418457"
"155713536","1189","1189","1189","19.074411392211914","19.074411392211914","19.074411392211914"
"156237824","1193","1193","1193","20.407791137695312","20.407791137695312","20.407791137695312"
"156762112","1197","1197","1197","21.590404510498047","21.590404510498047","21.590404510498047"
"157286400","1201","1201","1201","20.276805877685547","20.276805877685547","20.276805877685547"
"157810688","1205","1205","1205","20.114177703857422","20.114177703857422","20.114177703857422"
"158334976","1209","1209","1209","19.68995475769043","19.68995475769043","19.68995475769043"
"158859264","1213","1213","1213","20.724609375","20.724609375","20.724609375"
"159383552","1217","1217","1217","20.660024642944336","20.660024642944336","20.660024642944336"
"159907840","1221","1221","1221","21.72004508972168","21.72004508972168","21.72004508972168"
"160432128","1225","1225","1225","20.3411865234375","20.3411865234375","20.3411865234375"
"160956416","1229","1229","1229","21.670373916625977","21.670373916625977","21.670373916625977"
"161480704","1233","1233","1233","20.68627166748047","20.68627166748047","20.68627166748047"
"162004992","1237","1237","1237","22.88677978515625","22.88677978515625","22.88677978515625"
"162529280","1241","1241","1241","19.746999740600586","19.746999740600586","19.746999740600586"
"163053568","1245","1245","1245","21.57329559326172","21.57329559326172","21.57329559326172"
"163577856","1249","1249","1249","21.742496490478516","21.742496490478516","21.742496490478516"
"164102144","1253","1253","1253","21.07940673828125","21.07940673828125","21.07940673828125"
"164626432","1257","1257","1257","21.93360710144043","21.93360710144043","21.93360710144043"
"165150720","1261","1261","1261","20.649383544921875","20.649383544921875","20.649383544921875"
"165675008","1265","1265","1265","21.320709228515625","21.320709228515625","21.320709228515625"
"166199296","1269","1269","1269","21.199941635131836","21.199941635131836","21.199941635131836"
"166723584","1273","1273","1273","21.394664764404297","21.394664764404297","21.394664764404297"
"167247872","1277","1277","1277","21.74620819091797","21.74620819091797","21.74620819091797"
"167772160","1281","1281","1281","21.925777435302734","21.925777435302734","21.925777435302734"
"168296448","1285","1285","1285","21.326128005981445","21.326128005981445","21.326128005981445"
"168820736","1289","1289","1289","22.95232391357422","22.95232391357422","22.95232391357422"
"169345024","1293","1293","1293","19.294021606445312","19.294021606445312","19.294021606445312"
"169869312","1297","1297","1297","22.264944076538086","22.264944076538086","22.264944076538086"
"170393600","1301","1301","1301","21.08346176147461","21.08346176147461","21.08346176147461"
"170917888","1305","1305","1305","20.475942611694336","20.475942611694336","20.475942611694336"
"171442176","1309","1309","1309","21.852764129638672","21.852764129638672","21.852764129638672"
"171966464","1313","1313","1313","22.760475158691406","22.760475158691406","22.760475158691406"
"172490752","1317","1317","1317","22.602746963500977","22.602746963500977","22.602746963500977"
"173015040","1321","1321","1321","21.87034797668457","21.87034797668457","21.87034797668457"
"173539328","1325","1325","1325","21.34390640258789","21.34390640258789","21.34390640258789"
"174063616","1329","1329","1329","21.359289169311523","21.359289169311523","21.359289169311523"
"174587904","1333","1333","1333","21.15892791748047","21.15892791748047","21.15892791748047"
"175112192","1337","1337","1337","22.49742889404297","22.49742889404297","22.49742889404297"
"175636480","1341","1341","1341","22.084930419921875","22.084930419921875","22.084930419921875"
"176160768","1345","1345","1345","22.35869026184082","22.35869026184082","22.35869026184082"
"176685056","1349","1349","1349","22.68336296081543","22.68336296081543","22.68336296081543"
"177209344","1353","1353","1353","21.627092361450195","21.627092361450195","21.627092361450195"
"177733632","1357","1357","1357","21.424203872680664","21.424203872680664","21.424203872680664"
"178257920","1361","1361","1361","23.195480346679688","23.195480346679688","23.195480346679688"
"178782208","1365","1365","1365","23.203197479248047","23.203197479248047","23.203197479248047"
"179306496","1369","1369","1369","22.91529655456543","22.91529655456543","22.91529655456543"
"179830784","1373","1373","1373","22.704946517944336","22.704946517944336","22.704946517944336"
"180355072","1377","1377","1377","21.412776947021484","21.412776947021484","21.412776947021484"
"180879360","1381","1381","1381","22.230804443359375","22.230804443359375","22.230804443359375"
"181403648","1385","1385","1385","22.22483253479004","22.22483253479004","22.22483253479004"
"181927936","1389","1389","1389","22.24211883544922","22.24211883544922","22.24211883544922"
"182452224","1393","1393","1393","21.054906845092773","21.054906845092773","21.054906845092773"
"182976512","1397","1397","1397","21.66803741455078","21.66803741455078","21.66803741455078"
"183500800","1401","1401","1401","23.816190719604492","23.816190719604492","23.816190719604492"
"184025088","1405","1405","1405","22.68573760986328","22.68573760986328","22.68573760986328"
"184549376","1409","1409","1409","23.052291870117188","23.052291870117188","23.052291870117188"
"185073664","1413","1413","1413","22.981727600097656","22.981727600097656","22.981727600097656"
"185597952","1417","1417","1417","23.066869735717773","23.066869735717773","23.066869735717773"
"186122240","1421","1421","1421","22.162372589111328","22.162372589111328","22.162372589111328"
"186646528","1425","1425","1425","22.000436782836914","22.000436782836914","22.000436782836914"
"187170816","1429","1429","1429","23.527990341186523","23.527990341186523","23.527990341186523"
"187695104","1433","1433","1433","22.694116592407227","22.694116592407227","22.694116592407227"
"188219392","1437","1437","1437","23.55553436279297","23.55553436279297","23.55553436279297"
"188743680","1441","1441","1441","23.333036422729492","23.333036422729492","23.333036422729492"
"189267968","1445","1445","1445","24.270410537719727","24.270410537719727","24.270410537719727"
"189792256","1449","1449","1449","23.168195724487305","23.168195724487305","23.168195724487305"
"190316544","1453","1453","1453","22.74358558654785","22.74358558654785","22.74358558654785"
"190840832","1457","1457","1457","23.148221969604492","23.148221969604492","23.148221969604492"
"191365120","1461","1461","1461","22.77355194091797","22.77355194091797","22.77355194091797"
"191889408","1465","1465","1465","22.89710235595703","22.89710235595703","22.89710235595703"
"192413696","1469","1469","1469","22.23617935180664","22.23617935180664","22.23617935180664"
"192937984","1473","1473","1473","22.423553466796875","22.423553466796875","22.423553466796875"
"193462272","1477","1477","1477","23.25737953186035","23.25737953186035","23.25737953186035"
"193986560","1481","1481","1481","22.52599334716797","22.52599334716797","22.52599334716797"
"194510848","1485","1485","1485","23.740507125854492","23.740507125854492","23.740507125854492"
"195035136","1489","1489","1489","22.005475997924805","22.005475997924805","22.005475997924805"
"195559424","1493","1493","1493","23.080644607543945","23.080644607543945","23.080644607543945"
"196083712","1497","1497","1497","23.824359893798828","23.824359893798828","23.824359893798828"
"196608000","1501","1501","1501","21.46715545654297","21.46715545654297","21.46715545654297"
"197132288","1505","1505","1505","24.200946807861328","24.200946807861328","24.200946807861328"
"197656576","1509","1509","1509","23.44317626953125","23.44317626953125","23.44317626953125"
"198180864","1513","1513","1513","22.482362747192383","22.482362747192383","22.482362747192383"
"198705152","1517","1517","1517","23.63792610168457","23.63792610168457","23.63792610168457"
"199229440","1521","1521","1521","22.806243896484375","22.806243896484375","22.806243896484375"
"199753728","1525","1525","1525","21.941919326782227","21.941919326782227","21.941919326782227"
"200278016","1529","1529","1529","22.14963150024414","22.14963150024414","22.14963150024414"
"200802304","1533","1533","1533","23.58561897277832","23.58561897277832","23.58561897277832"
"201326592","1537","1537","1537","24.073434829711914","24.073434829711914","24.073434829711914"
"201850880","1541","1541","1541","22.329309463500977","22.329309463500977","22.329309463500977"
"202375168","1545","1545","1545","22.6103515625","22.6103515625","22.6103515625"
"202899456","1549","1549","1549","22.84874725341797","22.84874725341797","22.84874725341797"
"203423744","1553","1553","1553","22.332685470581055","22.332685470581055","22.332685470581055"
"203948032","1557","1557","1557","23.452688217163086","23.452688217163086","23.452688217163086"
"204472320","1561","1561","1561","24.547428131103516","24.547428131103516","24.547428131103516"
"204996608","1565","1565","1565","23.11661148071289","23.11661148071289","23.11661148071289"
"205520896","1569","1569","1569","23.63306427001953","23.63306427001953","23.63306427001953"
"206045184","1573","1573","1573","21.95720672607422","21.95720672607422","21.95720672607422"
"206569472","1577","1577","1577","24.62854766845703","24.62854766845703","24.62854766845703"
"207093760","1581","1581","1581","22.660934448242188","22.660934448242188","22.660934448242188"
"207618048","1585","1585","1585","23.189958572387695","23.189958572387695","23.189958572387695"
"208142336","1589","1589","1589","22.267324447631836","22.267324447631836","22.267324447631836"
"208666624","1593","1593","1593","23.830814361572266","23.830814361572266","23.830814361572266"
"209190912","1597","1597","1597","24.526378631591797","24.526378631591797","24.526378631591797"
"209715200","1601","1601","1601","23.598012924194336","23.598012924194336","23.598012924194336"
"210239488","1605","1605","1605","23.645320892333984","23.645320892333984","23.645320892333984"
"210763776","1609","1609","1609","22.873449325561523","22.873449325561523","22.873449325561523"
"211288064","1613","1613","1613","23.954872131347656","23.954872131347656","23.954872131347656"
"211812352","1617","1617","1617","22.254413604736328","22.254413604736328","22.254413604736328"
"212336640","1621","1621","1621","24.150447845458984","24.150447845458984","24.150447845458984"
"212860928","1625","1625","1625","23.54986000061035","23.54986000061035","23.54986000061035"
"213385216","1629","1629","1629","23.344562530517578","23.344562530517578","23.344562530517578"
"213909504","1633","1633","1633","21.659135818481445","21.659135818481445","21.659135818481445"
"214433792","1637","1637","1637","23.93239402770996","23.93239402770996","23.93239402770996"
"214958080","1641","1641","1641","23.193490982055664","23.193490982055664","23.193490982055664"
"215482368","1645","1645","1645","23.0076904296875","23.0076904296875","23.0076904296875"
"216006656","1649","1649","1649","23.79112434387207","23.79112434387207","23.79112434387207"
"216530944","1653","1653","1653","23.945226669311523","23.945226669311523","23.945226669311523"
"217055232","1657","1657","1657","24.325695037841797","24.325695037841797","24.325695037841797"
"217579520","1661","1661","1661","22.726764678955078","22.726764678955078","22.726764678955078"
"218103808","1665","1665","1665","24.472341537475586","24.472341537475586","24.472341537475586"
"218628096","1669","1669","1669","24.79014015197754","24.79014015197754","24.79014015197754"
"219152384","1673","1673","1673","22.717689514160156","22.717689514160156","22.717689514160156"
"219676672","1677","1677","1677","24.687816619873047","24.687816619873047","24.687816619873047"
"220200960","1681","1681","1681","22.4017276763916","22.4017276763916","22.4017276763916"
"220725248","1685","1685","1685","23.580427169799805","23.580427169799805","23.580427169799805"
"221249536","1689","1689","1689","23.165719985961914","23.165719985961914","23.165719985961914"
"221773824","1693","1693","1693","23.789119720458984","23.789119720458984","23.789119720458984"
"222298112","1697","1697","1697","24.15776252746582","24.15776252746582","24.15776252746582"
"222822400","1701","1701","1701","23.87459373474121","23.87459373474121","23.87459373474121"
"223346688","1705","1705","1705","23.6396427154541","23.6396427154541","23.6396427154541"
"223870976","1709","1709","1709","23.846471786499023","23.846471786499023","23.846471786499023"
"224395264","1713","1713","1713","24.213085174560547","24.213085174560547","24.213085174560547"
"224919552","1717","1717","1717","23.429533004760742","23.429533004760742","23.429533004760742"
"225443840","1721","1721","1721","24.626441955566406","24.626441955566406","24.626441955566406"
"225968128","1725","1725","1725","23.64611053466797","23.64611053466797","23.64611053466797"
"226492416","1729","1729","1729","23.963668823242188","23.963668823242188","23.963668823242188"
"227016704","1733","1733","1733","25.661073684692383","25.661073684692383","25.661073684692383"
"227540992","1737","1737","1737","25.388683319091797","25.388683319091797","25.388683319091797"
"228065280","1741","1741","1741","23.60181427001953","23.60181427001953","23.60181427001953"
"228589568","1745","1745","1745","25.180248260498047","25.180248260498047","25.180248260498047"
"229113856","1749","1749","1749","23.393850326538086","23.393850326538086","23.393850326538086"
"229638144","1753","1753","1753","23.944414138793945","23.944414138793945","23.944414138793945"
"230162432","1757","1757","1757","22.937625885009766","22.937625885009766","22.937625885009766"
"230686720","1761","1761","1761","25.160919189453125","25.160919189453125","25.160919189453125"
"231211008","1765","1765","1765","23.63105010986328","23.63105010986328","23.63105010986328"
"231735296","1769","1769","1769","24.694843292236328","24.694843292236328","24.694843292236328"
"232259584","1773","1773","1773","23.313310623168945","23.313310623168945","23.313310623168945"
"232783872","1777","1777","1777","24.750062942504883","24.750062942504883","24.750062942504883"
"233308160","1781","1781","1781","23.803552627563477","23.803552627563477","23.803552627563477"
"233832448","1785","1785","1785","23.552433013916016","23.552433013916016","23.552433013916016"
"234356736","1789","1789","1789","23.05740737915039","23.05740737915039","23.05740737915039"
"234881024","1793","1793","1793","24.11182403564453","24.11182403564453","24.11182403564453"
"235405312","1797","1797","1797","23.42162322998047","23.42162322998047","23.42162322998047"
"235929600","1801","1801","1801","25.64834976196289","25.64834976196289","25.64834976196289"
"236453888","1805","1805","1805","24.49558448791504","24.49558448791504","24.49558448791504"
"236978176","1809","1809","1809","24.997060775756836","24.997060775756836","24.997060775756836"
"237502464","1813","1813","1813","23.548200607299805","23.548200607299805","23.548200607299805"
"238026752","1817","1817","1817","26.51605987548828","26.51605987548828","26.51605987548828"
"238551040","1821","1821","1821","24.90121078491211","24.90121078491211","24.90121078491211"
"239075328","1825","1825","1825","24.93843650817871","24.93843650817871","24.93843650817871"
"239599616","1829","1829","1829","22.98322868347168","22.98322868347168","22.98322868347168"
"240123904","1833","1833","1833","23.82862663269043","23.82862663269043","23.82862663269043"
"240648192","1837","1837","1837","26.05046844482422","26.05046844482422","26.05046844482422"
"241172480","1841","1841","1841","24.8929386138916","24.8929386138916","24.8929386138916"
"241696768","1845","1845","1845","25.25403594970703","25.25403594970703","25.25403594970703"
"242221056","1849","1849","1849","23.793514251708984","23.793514251708984","23.793514251708984"
"242745344","1853","1853","1853","24.22068977355957","24.22068977355957","24.22068977355957"
"243269632","1857","1857","1857","25.423274993896484","25.423274993896484","25.423274993896484"
"243793920","1861","1861","1861","25.433719635009766","25.433719635009766","25.433719635009766"
"244318208","1865","1865","1865","25.959794998168945","25.959794998168945","25.959794998168945"
"244842496","1869","1869","1869","24.296083450317383","24.296083450317383","24.296083450317383"
"245366784","1873","1873","1873","25.6658878326416","25.6658878326416","25.6658878326416"
"245891072","1877","1877","1877","25.833234786987305","25.833234786987305","25.833234786987305"
"246415360","1881","1881","1881","25.490015029907227","25.490015029907227","25.490015029907227"
"246939648","1885","1885","1885","25.077777862548828","25.077777862548828","25.077777862548828"
"247463936","1889","1889","1889","25.574548721313477","25.574548721313477","25.574548721313477"
"247988224","1893","1893","1893","24.207265853881836","24.207265853881836","24.207265853881836"
"248512512","1897","1897","1897","25.66935920715332","25.66935920715332","25.66935920715332"
"249036800","1901","1901","1901","24.765958786010742","24.765958786010742","24.765958786010742"
"249561088","1905","1905","1905","24.56288719177246","24.56288719177246","24.56288719177246"
"250085376","1909","1909","1909","27.403730392456055","27.403730392456055","27.403730392456055"
"250609664","1913","1913","1913","25.45460319519043","25.45460319519043","25.45460319519043"
"251133952","1917","1917","1917","24.127538681030273","24.127538681030273","24.127538681030273"
"251658240","1921","1921","1921","24.880578994750977","24.880578994750977","24.880578994750977"
"252182528","1925","1925","1925","24.94021224975586","24.94021224975586","24.94021224975586"
"252706816","1929","1929","1929","24.914255142211914","24.914255142211914","24.914255142211914"
"253231104","1933","1933","1933","25.412757873535156","25.412757873535156","25.412757873535156"
"253755392","1937","1937","1937","24.388187408447266","24.388187408447266","24.388187408447266"
"254279680","1941","1941","1941","24.13939094543457","24.13939094543457","24.13939094543457"
"254803968","1945","1945","1945","25.322845458984375","25.322845458984375","25.322845458984375"
"255328256","1949","1949","1949","24.74098014831543","24.74098014831543","24.74098014831543"
"255852544","1953","1953","1953","23.853315353393555","23.853315353393555","23.853315353393555"
"256376832","1957","1957","1957","25.68372917175293","25.68372917175293","25.68372917175293"
"256901120","1961","1961","1961","24.438180923461914","24.438180923461914","24.438180923461914"
"257425408","1965","1965","1965","25.31140899658203","25.31140899658203","25.31140899658203"
"257949696","1969","1969","1969","26.34123420715332","26.34123420715332","26.34123420715332"
"258473984","1973","1973","1973","24.26748275756836","24.26748275756836","24.26748275756836"
"258998272","1977","1977","1977","25.117231369018555","25.117231369018555","25.117231369018555"
"259522560","1981","1981","1981","23.20004653930664","23.20004653930664","23.20004653930664"
"260046848","1985","1985","1985","27.06376838684082","27.06376838684082","27.06376838684082"
"260571136","1989","1989","1989","24.482128143310547","24.482128143310547","24.482128143310547"
"261095424","1993","1993","1993","25.426218032836914","25.426218032836914","25.426218032836914"
"261619712","1997","1997","1997","24.687068939208984","24.687068939208984","24.687068939208984"
"262144000","2001","2001","2001","24.4033203125","24.4033203125","24.4033203125"
"262668288","2005","2005","2005","25.704730987548828","25.704730987548828","25.704730987548828"
"263192576","2009","2009","2009","25.544965744018555","25.544965744018555","25.544965744018555"
"263716864","2013","2013","2013","26.56644630432129","26.56644630432129","26.56644630432129"
"264241152","2017","2017","2017","24.428197860717773","24.428197860717773","24.428197860717773"
"264765440","2021","2021","2021","25.47721290588379","25.47721290588379","25.47721290588379"
"265289728","2025","2025","2025","24.909481048583984","24.909481048583984","24.909481048583984"
"265814016","2029","2029","2029","24.44765853881836","24.44765853881836","24.44765853881836"
"266338304","2033","2033","2033","26.21437644958496","26.21437644958496","26.21437644958496"
"266862592","2037","2037","2037","24.95969581604004","24.95969581604004","24.95969581604004"
"267386880","2041","2041","2041","24.900896072387695","24.900896072387695","24.900896072387695"
"267911168","2045","2045","2045","23.798446655273438","23.798446655273438","23.798446655273438"
"268435456","2049","2049","2049","23.103031158447266","23.103031158447266","23.103031158447266"
"268959744","2053","2053","2053","25.09625244140625","25.09625244140625","25.09625244140625"
"269484032","2057","2057","2057","24.07876968383789","24.07876968383789","24.07876968383789"
"270008320","2061","2061","2061","23.638654708862305","23.638654708862305","23.638654708862305"
"270532608","2065","2065","2065","24.691434860229492","24.691434860229492","24.691434860229492"
"271056896","2069","2069","2069","25.610971450805664","25.610971450805664","25.610971450805664"
"271581184","2073","2073","2073","23.95549964904785","23.95549964904785","23.95549964904785"
"272105472","2077","2077","2077","24.67525863647461","24.67525863647461","24.67525863647461"
"272629760","2081","2081","2081","25.47637939453125","25.47637939453125","25.47637939453125"
"273154048","2085","2085","2085","24.64419937133789","24.64419937133789","24.64419937133789"
"273678336","2089","2089","2089","23.94721794128418","23.94721794128418","23.94721794128418"
"274202624","2093","2093","2093","23.356794357299805","23.356794357299805","23.356794357299805"
"274726912","2097","2097","2097","24.761831283569336","24.761831283569336","24.761831283569336"
"275251200","2101","2101","2101","25.679855346679688","25.679855346679688","25.679855346679688"
"275775488","2105","2105","2105","25.093290328979492","25.093290328979492","25.093290328979492"
"276299776","2109","2109","2109","25.975460052490234","25.975460052490234","25.975460052490234"
"276824064","2113","2113","2113","25.104312896728516","25.104312896728516","25.104312896728516"
"277348352","2117","2117","2117","24.755268096923828","24.755268096923828","24.755268096923828"
"277872640","2121","2121","2121","25.581647872924805","25.581647872924805","25.581647872924805"
"278396928","2125","2125","2125","22.77000617980957","22.77000617980957","22.77000617980957"
"278921216","2129","2129","2129","25.958717346191406","25.958717346191406","25.958717346191406"
"279445504","2133","2133","2133","24.874958038330078","24.874958038330078","24.874958038330078"
"279969792","2137","2137","2137","24.067699432373047","24.067699432373047","24.067699432373047"
"280494080","2141","2141","2141","24.571605682373047","24.571605682373047","24.571605682373047"
"281018368","2145","2145","2145","24.795724868774414","24.795724868774414","24.795724868774414"
"281542656","2149","2149","2149","25.670745849609375","25.670745849609375","25.670745849609375"
"282066944","2153","2153","2153","25.525741577148438","25.525741577148438","25.525741577148438"
"282591232","2157","2157","2157","24.578092575073242","24.578092575073242","24.578092575073242"
"283115520","2161","2161","2161","25.66545867919922","25.66545867919922","25.66545867919922"
"283639808","2165","2165","2165","26.153627395629883","26.153627395629883","26.153627395629883"
"284164096","2169","2169","2169","26.479387283325195","26.479387283325195","26.479387283325195"
"284688384","2173","2173","2173","25.33707618713379","25.33707618713379","25.33707618713379"
"285212672","2177","2177","2177","25.210168838500977","25.210168838500977","25.210168838500977"
"285736960","2181","2181","2181","24.979957580566406","24.979957580566406","24.979957580566406"
"286261248","2185","2185","2185","26.14785385131836","26.14785385131836","26.14785385131836"
"286785536","2189","2189","2189","26.26738929748535","26.26738929748535","26.26738929748535"
"287309824","2193","2193","2193","26.304323196411133","26.304323196411133","26.304323196411133"
"287834112","2197","2197","2197","23.82052230834961","23.82052230834961","23.82052230834961"
"288358400","2201","2201","2201","23.69721794128418","23.69721794128418","23.69721794128418"
"288882688","2205","2205","2205","26.148439407348633","26.148439407348633","26.148439407348633"
"289406976","2209","2209","2209","24.07625961303711","24.07625961303711","24.07625961303711"
"289931264","2213","2213","2213","24.36518669128418","24.36518669128418","24.36518669128418"
"290455552","2217","2217","2217","24.548120498657227","24.548120498657227","24.548120498657227"
"290979840","2221","2221","2221","24.30980110168457","24.30980110168457","24.30980110168457"
"291504128","2225","2225","2225","24.860822677612305","24.860822677612305","24.860822677612305"
"292028416","2229","2229","2229","24.189327239990234","24.189327239990234","24.189327239990234"
"292552704","2233","2233","2233","26.999897003173828","26.999897003173828","26.999897003173828"
"293076992","2237","2237","2237","24.953092575073242","24.953092575073242","24.953092575073242"
"293601280","2241","2241","2241","25.516029357910156","25.516029357910156","25.516029357910156"
"294125568","2245","2245","2245","25.409414291381836","25.409414291381836","25.409414291381836"
"294649856","2249","2249","2249","26.753679275512695","26.753679275512695","26.753679275512695"
"295174144","2253","2253","2253","26.432262420654297","26.432262420654297","26.432262420654297"
"295698432","2257","2257","2257","24.71135711669922","24.71135711669922","24.71135711669922"
"296222720","2261","2261","2261","25.26358413696289","25.26358413696289","25.26358413696289"
"296747008","2265","2265","2265","25.602888107299805","25.602888107299805","25.602888107299805"
"297271296","2269","2269","2269","25.273624420166016","25.273624420166016","25.273624420166016"
"297795584","2273","2273","2273","26.03654670715332","26.03654670715332","26.03654670715332"
"298319872","2277","2277","2277","25.174978256225586","25.174978256225586","25.174978256225586"
"298844160","2281","2281","2281","26.381078720092773","26.381078720092773","26.381078720092773"
"299368448","2285","2285","2285","25.98817253112793","25.98817253112793","25.98817253112793"
"299892736","2289","2289","2289","25.728212356567383","25.728212356567383","25.728212356567383"
"300417024","2293","2293","2293","25.27511215209961","25.27511215209961","25.27511215209961"
"300941312","2297","2297","2297","26.50542449951172","26.50542449951172","26.50542449951172"
"301465600","2301","2301","2301","26.205814361572266","26.205814361572266","26.205814361572266"
"301989888","2305","2305","2305","25.192489624023438","25.192489624023438","25.192489624023438"
"302514176","2309","2309","2309","26.56828498840332","26.56828498840332","26.56828498840332"
"303038464","2313","2313","2313","26.95036506652832","26.95036506652832","26.95036506652832"
"303562752","2317","2317","2317","26.243566513061523","26.243566513061523","26.243566513061523"
"304087040","2321","2321","2321","26.50383186340332","26.50383186340332","26.50383186340332"
"304611328","2325","2325","2325","25.939231872558594","25.939231872558594","25.939231872558594"
"305135616","2329","2329","2329","26.31424903869629","26.31424903869629","26.31424903869629"
"305659904","2333","2333","2333","26.50239372253418","26.50239372253418","26.50239372253418"
"306184192","2337","2337","2337","25.82040023803711","25.82040023803711","25.82040023803711"
"306708480","2341","2341","2341","26.353500366210938","26.353500366210938","26.353500366210938"
"307232768","2345","2345","2345","25.159513473510742","25.159513473510742","25.159513473510742"
"307757056","2349","2349","2349","25.763090133666992","25.763090133666992","25.763090133666992"
"308281344","2353","2353","2353","25.384302139282227","25.384302139282227","25.384302139282227"
"308805632","2357","2357","2357","26.715036392211914","26.715036392211914","26.715036392211914"
"309329920","2361","2361","2361","25.47911834716797","25.47911834716797","25.47911834716797"
"309854208","2365","2365","2365","24.741596221923828","24.741596221923828","24.741596221923828"
"310378496","2369","2369","2369","26.134925842285156","26.134925842285156","26.134925842285156"
"310902784","2373","2373","2373","25.80356216430664","25.80356216430664","25.80356216430664"
"311427072","2377","2377","2377","26.43313980102539","26.43313980102539","26.43313980102539"
"311951360","2381","2381","2381","26.713964462280273","26.713964462280273","26.713964462280273"
"312475648","2385","2385","2385","26.366455078125","26.366455078125","26.366455078125"
"312999936","2389","2389","2389","26.317584991455078","26.317584991455078","26.317584991455078"
"313524224","2393","2393","2393","25.603734970092773","25.603734970092773","25.603734970092773"
"314048512","2397","2397","2397","24.42814064025879","24.42814064025879","24.42814064025879"
"314572800","2401","2401","2401","26.261913299560547","26.261913299560547","26.261913299560547"
"315097088","2405","2405","2405","27.013273239135742","27.013273239135742","27.013273239135742"
"315621376","2409","2409","2409","26.705270767211914","26.705270767211914","26.705270767211914"
"316145664","2413","2413","2413","27.10221290588379","27.10221290588379","27.10221290588379"
"316669952","2417","2417","2417","25.726451873779297","25.726451873779297","25.726451873779297"
"317194240","2421","2421","2421","25.518346786499023","25.518346786499023","25.518346786499023"
"317718528","2425","2425","2425","26.91303253173828","26.91303253173828","26.91303253173828"
"318242816","2429","2429","2429","25.03980827331543","25.03980827331543","25.03980827331543"
"318767104","2433","2433","2433","25.674335479736328","25.674335479736328","25.674335479736328"
"319291392","2437","2437","2437","26.862714767456055","26.862714767456055","26.862714767456055"
"319815680","2441","2441","2441","25.298030853271484","25.298030853271484","25.298030853271484"
"320339968","2445","2445","2445","26.55095100402832","26.55095100402832","26.55095100402832"
"320864256","2449","2449","2449","26.81487274169922","26.81487274169922","26.81487274169922"
"321388544","2453","2453","2453","26.079296112060547","26.079296112060547","26.079296112060547"
"321912832","2457","2457","2457","27.22984504699707","27.22984504699707","27.22984504699707"
"322437120","2461","2461","2461","26.822450637817383","26.822450637817383","26.822450637817383"
"322961408","2465","2465","2465","25.33271598815918","25.33271598815918","25.33271598815918"
"323485696","2469","2469","2469","25.53559684753418","25.53559684753418","25.53559684753418"
"324009984","2473","2473","2473","24.740779876708984","24.740779876708984","24.740779876708984"
"324534272","2477","2477","2477","25.577985763549805","25.577985763549805","25.577985763549805"
"325058560","2481","2481","2481","25.356801986694336","25.356801986694336","25.356801986694336"
"325582848","2485","2485","2485","26.470792770385742","26.470792770385742","26.470792770385742"
"326107136","2489","2489","2489","26.38029670715332","26.38029670715332","26.38029670715332"
"326631424","2493","2493","2493","27.924100875854492","27.924100875854492","27.924100875854492"
"327155712","2497","2497","2497","27.250905990600586","27.250905990600586","27.250905990600586"
"327680000","2501","2501","2501","25.182235717773438","25.182235717773438","25.182235717773438"
"328204288","2505","2505","2505","26.429115295410156","26.429115295410156","26.429115295410156"
"328728576","2509","2509","2509","25.052648544311523","25.052648544311523","25.052648544311523"
"329252864","2513","2513","2513","26.917098999023438","26.917098999023438","26.917098999023438"
"329777152","2517","2517","2517","25.957763671875","25.957763671875","25.957763671875"
"330301440","2521","2521","2521","26.80215835571289","26.80215835571289","26.80215835571289"
"330825728","2525","2525","2525","25.99167823791504","25.99167823791504","25.99167823791504"
"331350016","2529","2529","2529","26.46453857421875","26.46453857421875","26.46453857421875"
"331874304","2533","2533","2533","25.530057907104492","25.530057907104492","25.530057907104492"
"332398592","2537","2537","2537","27.1796875","27.1796875","27.1796875"
"332922880","2541","2541","2541","26.54924774169922","26.54924774169922","26.54924774169922"
"333447168","2545","2545","2545","26.52279281616211","26.52279281616211","26.52279281616211"
"333971456","2549","2549","2549","26.491771697998047","26.491771697998047","26.491771697998047"
"334495744","2553","2553","2553","25.35258674621582","25.35258674621582","25.35258674621582"
"335020032","2557","2557","2557","27.15178871154785","27.15178871154785","27.15178871154785"
"335544320","2561","2561","2561","26.240047454833984","26.240047454833984","26.240047454833984"
"336068608","2565","2565","2565","25.87549591064453","25.87549591064453","25.87549591064453"
"336592896","2569","2569","2569","26.16005516052246","26.16005516052246","26.16005516052246"
"337117184","2573","2573","2573","25.92848777770996","25.92848777770996","25.92848777770996"
"337641472","2577","2577","2577","25.520009994506836","25.520009994506836","25.520009994506836"
"338165760","2581","2581","2581","26.045541763305664","26.045541763305664","26.045541763305664"
"338690048","2585","2585","2585","26.55977439880371","26.55977439880371","26.55977439880371"
"339214336","2589","2589","2589","25.918928146362305","25.918928146362305","25.918928146362305"
"339738624","2593","2593","2593","27.006916046142578","27.006916046142578","27.006916046142578"
"340262912","2597","2597","2597","25.77324676513672","25.77324676513672","25.77324676513672"
"340787200","2601","2601","2601","25.67287826538086","25.67287826538086","25.67287826538086"
"341311488","2605","2605","2605","27.456212997436523","27.456212997436523","27.456212997436523"
"341835776","2609","2609","2609","25.89277458190918","25.89277458190918","25.89277458190918"
"342360064","2613","2613","2613","26.065074920654297","26.065074920654297","26.065074920654297"
"342884352","2617","2617","2617","27.491905212402344","27.491905212402344","27.491905212402344"
"343408640","2621","2621","2621","27.495269775390625","27.495269775390625","27.495269775390625"
"343932928","2625","2625","2625","27.372509002685547","27.372509002685547","27.372509002685547"
"344457216","2629","2629","2629","27.06730079650879","27.06730079650879","27.06730079650879"
"344981504","2633","2633","2633","26.162904739379883","26.162904739379883","26.162904739379883"
"345505792","2637","2637","2637","25.912757873535156","25.912757873535156","25.912757873535156"
"346030080","2641","2641","2641","26.96820831298828","26.96820831298828","26.96820831298828"
"346554368","2645","2645","2645","26.56772804260254","26.56772804260254","26.56772804260254"
"347078656","2649","2649","2649","25.884740829467773","25.884740829467773","25.884740829467773"
"347602944","2653","2653","2653","26.7222900390625","26.7222900390625","26.7222900390625"
"348127232","2657","2657","2657","27.05524444580078","27.05524444580078","27.05524444580078"
"348651520","2661","2661","2661","25.902006149291992","25.902006149291992","25.902006149291992"
"349175808","2665","2665","2665","27.20322036743164","27.20322036743164","27.20322036743164"
"349700096","2669","2669","2669","26.76824951171875","26.76824951171875","26.76824951171875"
"350224384","2673","2673","2673","29.21621322631836","29.21621322631836","29.21621322631836"
"350748672","2677","2677","2677","26.817338943481445","26.817338943481445","26.817338943481445"
"351272960","2681","2681","2681","27.073619842529297","27.073619842529297","27.073619842529297"
"351797248","2685","2685","2685","25.513784408569336","25.513784408569336","25.513784408569336"
"352321536","2689","2689","2689","27.719974517822266","27.719974517822266","27.719974517822266"
"352845824","2693","2693","2693","25.926715850830078","25.926715850830078","25.926715850830078"
"353370112","2697","2697","2697","26.011886596679688","26.011886596679688","26.011886596679688"
"353894400","2701","2701","2701","27.13543128967285","27.13543128967285","27.13543128967285"
"354418688","2705","2705","2705","27.31780242919922","27.31780242919922","27.31780242919922"
"354942976","2709","2709","2709","27.98843765258789","27.98843765258789","27.98843765258789"
"355467264","2713","2713","2713","26.31599235534668","26.31599235534668","26.31599235534668"
"355991552","2717","2717","2717","27.654354095458984","27.654354095458984","27.654354095458984"
"356515840","2721","2721","2721","26.926986694335938","26.926986694335938","26.926986694335938"
"357040128","2725","2725","2725","26.6295166015625","26.6295166015625","26.6295166015625"
"357564416","2729","2729","2729","26.840139389038086","26.840139389038086","26.840139389038086"
"358088704","2733","2733","2733","26.44869613647461","26.44869613647461","26.44869613647461"
"358612992","2737","2737","2737","26.51325225830078","26.51325225830078","26.51325225830078"
"359137280","2741","2741","2741","26.46255111694336","26.46255111694336","26.46255111694336"
"359661568","2745","2745","2745","26.67433738708496","26.67433738708496","26.67433738708496"
"360185856","2749","2749","2749","26.665782928466797","26.665782928466797","26.665782928466797"
"360710144","2753","2753","2753","26.879638671875","26.879638671875","26.879638671875"
"361234432","2757","2757","2757","28.178489685058594","28.178489685058594","28.178489685058594"
"361758720","2761","2761","2761","26.144699096679688","26.144699096679688","26.144699096679688"
"362283008","2765","2765","2765","25.7310791015625","25.7310791015625","25.7310791015625"
"362807296","2769","2769","2769","26.974374771118164","26.974374771118164","26.974374771118164"
"363331584","2773","2773","2773","26.619848251342773","26.619848251342773","26.619848251342773"
"363855872","2777","2777","2777","26.47810935974121","26.47810935974121","26.47810935974121"
"364380160","2781","2781","2781","26.4289493560791","26.4289493560791","26.4289493560791"
"364904448","2785","2785","2785","27.733505249023438","27.733505249023438","27.733505249023438"
"365428736","2789","2789","2789","25.841535568237305","25.841535568237305","25.841535568237305"
"365953024","2793","2793","2793","28.393468856811523","28.393468856811523","28.393468856811523"
"366477312","2797","2797","2797","27.169775009155273","27.169775009155273","27.169775009155273"
"367001600","2801","2801","2801","28.203020095825195","28.203020095825195","28.203020095825195"
"367525888","2805","2805","2805","27.097293853759766","27.097293853759766","27.097293853759766"
"368050176","2809","2809","2809","27.522340774536133","27.522340774536133","27.522340774536133"
"368574464","2813","2813","2813","26.57172393798828","26.57172393798828","26.57172393798828"
"369098752","2817","2817","2817","28.32975959777832","28.32975959777832","28.32975959777832"
"369623040","2821","2821","2821","27.608768463134766","27.608768463134766","27.608768463134766"
"370147328","2825","2825","2825","27.583208084106445","27.583208084106445","27.583208084106445"
"370671616","2829","2829","2829","26.946189880371094","26.946189880371094","26.946189880371094"
"371195904","2833","2833","2833","26.179079055786133","26.179079055786133","26.179079055786133"
"371720192","2837","2837","2837","26.739946365356445","26.739946365356445","26.739946365356445"
"372244480","2841","2841","2841","27.697362899780273","27.697362899780273","27.697362899780273"
"372768768","2845","2845","2845","27.69890594482422","27.69890594482422","27.69890594482422"
"373293056","2849","2849","2849","26.87679100036621","26.87679100036621","26.87679100036621"
"373817344","2853","2853","2853","26.88290786743164","26.88290786743164","26.88290786743164"
"374341632","2857","2857","2857","26.94320297241211","26.94320297241211","26.94320297241211"
"374865920","2861","2861","2861","27.572250366210938","27.572250366210938","27.572250366210938"
"375390208","2865","2865","2865","27.152896881103516","27.152896881103516","27.152896881103516"
"375914496","2869","2869","2869","26.68562889099121","26.68562889099121","26.68562889099121"
"376438784","2873","2873","2873","26.55105209350586","26.55105209350586","26.55105209350586"
"376963072","2877","2877","2877","26.7618408203125","26.7618408203125","26.7618408203125"
"377487360","2881","2881","2881","25.874156951904297","25.874156951904297","25.874156951904297"
"378011648","2885","2885","2885","28.16281509399414","28.16281509399414","28.16281509399414"
"378535936","2889","2889","2889","25.66960334777832","25.66960334777832","25.66960334777832"
"379060224","2893","2893","2893","27.939815521240234","27.939815521240234","27.939815521240234"
"379584512","2897","2897","2897","26.83873176574707","26.83873176574707","26.83873176574707"
"380108800","2901","2901","2901","27.78097152709961","27.78097152709961","27.78097152709961"
"380633088","2905","2905","2905","26.211498260498047","26.211498260498047","26.211498260498047"
"381157376","2909","2909","2909","27.515897750854492","27.515897750854492","27.515897750854492"
"381681664","2913","2913","2913","26.84584617614746","26.84584617614746","26.84584617614746"
"382205952","2917","2917","2917","26.856142044067383","26.856142044067383","26.856142044067383"
"382730240","2921","2921","2921","27.064306259155273","27.064306259155273","27.064306259155273"
"383254528","2925","2925","2925","26.73470115661621","26.73470115661621","26.73470115661621"
"383778816","2929","2929","2929","25.63197898864746","25.63197898864746","25.63197898864746"
"384303104","2933","2933","2933","27.17756462097168","27.17756462097168","27.17756462097168"
"384827392","2937","2937","2937","27.53101348876953","27.53101348876953","27.53101348876953"
"385351680","2941","2941","2941","25.59623146057129","25.59623146057129","25.59623146057129"
"385875968","2945","2945","2945","26.71928596496582","26.71928596496582","26.71928596496582"
"386400256","2949","2949","2949","26.841581344604492","26.841581344604492","26.841581344604492"
"386924544","2953","2953","2953","27.43053436279297","27.43053436279297","27.43053436279297"
"387448832","2957","2957","2957","26.774267196655273","26.774267196655273","26.774267196655273"
"387973120","2961","2961","2961","27.782670974731445","27.782670974731445","27.782670974731445"
"388497408","2965","2965","2965","27.48992919921875","27.48992919921875","27.48992919921875"
"389021696","2969","2969","2969","26.814334869384766","26.814334869384766","26.814334869384766"
"389545984","2973","2973","2973","26.43631935119629","26.43631935119629","26.43631935119629"
"390070272","2977","2977","2977","27.040191650390625","27.040191650390625","27.040191650390625"
"390594560","2981","2981","2981","26.33087921142578","26.33087921142578","26.33087921142578"
"391118848","2985","2985","2985","29.093448638916016","29.093448638916016","29.093448638916016"
"391643136","2989","2989","2989","27.865951538085938","27.865951538085938","27.865951538085938"
"392167424","2993","2993","2993","26.6235294342041","26.6235294342041","26.6235294342041"
"392691712","2997","2997","2997","27.271652221679688","27.271652221679688","27.271652221679688"
"393216000","3001","3001","3001","27.329557418823242","27.329557418823242","27.329557418823242"
"393740288","3005","3005","3005","28.24724769592285","28.24724769592285","28.24724769592285"
"394264576","3009","3009","3009","26.28367805480957","26.28367805480957","26.28367805480957"
"394788864","3013","3013","3013","27.14924430847168","27.14924430847168","27.14924430847168"
"395313152","3017","3017","3017","27.087446212768555","27.087446212768555","27.087446212768555"
"395837440","3021","3021","3021","27.442489624023438","27.442489624023438","27.442489624023438"
"396361728","3025","3025","3025","26.862133026123047","26.862133026123047","26.862133026123047"
"396886016","3029","3029","3029","27.8426513671875","27.8426513671875","27.8426513671875"
"397410304","3033","3033","3033","27.541696548461914","27.541696548461914","27.541696548461914"
"397934592","3037","3037","3037","28.011728286743164","28.011728286743164","28.011728286743164"
"398458880","3041","3041","3041","28.19783592224121","28.19783592224121","28.19783592224121"
"398983168","3045","3045","3045","26.99626350402832","26.99626350402832","26.99626350402832"
"399507456","3049","3049","3049","27.34903907775879","27.34903907775879","27.34903907775879"
"400031744","3053","3053","3053","25.853160858154297","25.853160858154297","25.853160858154297"
"400556032","3057","3057","3057","28.126388549804688","28.126388549804688","28.126388549804688"
"401080320","3061","3061","3061","26.42511749267578","26.42511749267578","26.42511749267578"
"401604608","3065","3065","3065","26.39518928527832","26.39518928527832","26.39518928527832"
"402128896","3069","3069","3069","26.253414154052734","26.253414154052734","26.253414154052734"
"402653184","3073","3073","3073","26.619829177856445","26.619829177856445","26.619829177856445"
"403177472","3077","3077","3077","26.542133331298828","26.542133331298828","26.542133331298828"
"403701760","3081","3081","3081","27.91919708251953","27.91919708251953","27.91919708251953"
"404226048","3085","3085","3085","27.257553100585938","27.257553100585938","27.257553100585938"
"404750336","3089","3089","3089","27.89405632019043","27.89405632019043","27.89405632019043"
"405274624","3093","3093","3093","27.509159088134766","27.509159088134766","27.509159088134766"
"405798912","3097","3097","3097","26.46883773803711","26.46883773803711","26.46883773803711"
"406323200","3101","3101","3101","29.06717872619629","29.06717872619629","29.06717872619629"
"406847488","3105","3105","3105","27.14169692993164","27.14169692993164","27.14169692993164"
"407371776","3109","3109","3109","26.9875431060791","26.9875431060791","26.9875431060791"
"407896064","3113","3113","3113","27.744638442993164","27.744638442993164","27.744638442993164"
"408420352","3117","3117","3117","26.653438568115234","26.653438568115234","26.653438568115234"
"408944640","3121","3121","3121","26.83182144165039","26.83182144165039","26.83182144165039"
"409468928","3125","3125","3125","26.92641830444336","26.92641830444336","26.92641830444336"
"409993216","3129","3129","3129","26.651166915893555","26.651166915893555","26.651166915893555"
"410517504","3133","3133","3133","27.672069549560547","27.672069549560547","27.672069549560547"
"411041792","3137","3137","3137","27.200727462768555","27.200727462768555","27.200727462768555"
"411566080","3141","3141","3141","28.146102905273438","28.146102905273438","28.146102905273438"
"412090368","3145","3145","3145","28.3391056060791","28.3391056060791","28.3391056060791"
"412614656","3149","3149","3149","27.615333557128906","27.615333557128906","27.615333557128906"
"413138944","3153","3153","3153","25.91826057434082","25.91826057434082","25.91826057434082"
"413663232","3157","3157","3157","28.220306396484375","28.220306396484375","28.220306396484375"
"414187520","3161","3161","3161","27.49390983581543","27.49390983581543","27.49390983581543"
"414711808","3165","3165","3165","26.20903968811035","26.20903968811035","26.20903968811035"
"415236096","3169","3169","3169","27.840717315673828","27.840717315673828","27.840717315673828"
"415760384","3173","3173","3173","27.738359451293945","27.738359451293945","27.738359451293945"
"416284672","3177","3177","3177","26.472816467285156","26.472816467285156","26.472816467285156"
"416808960","3181","3181","3181","26.543676376342773","26.543676376342773","26.543676376342773"
"417333248","3185","3185","3185","27.422231674194336","27.422231674194336","27.422231674194336"
"417857536","3189","3189","3189","27.854055404663086","27.854055404663086","27.854055404663086"
"418381824","3193","3193","3193","26.60036277770996","26.60036277770996","26.60036277770996"
"418906112","3197","3197","3197","26.59032440185547","26.59032440185547","26.59032440185547"
"419430400","3201","3201","3201","26.15861701965332","26.15861701965332","26.15861701965332"
"419954688","3205","3205","3205","27.51805305480957","27.51805305480957","27.51805305480957"
"420478976","3209","3209","3209","28.113359451293945","28.113359451293945","28.113359451293945"
"421003264","3213","3213","3213","27.487239837646484","27.487239837646484","27.487239837646484"
"421527552","3217","3217","3217","26.407777786254883","26.407777786254883","26.407777786254883"
"422051840","3221","3221","3221","27.173709869384766","27.173709869384766","27.173709869384766"
"422576128","3225","3225","3225","28.056488037109375","28.056488037109375","28.056488037109375"
"423100416","3229","3229","3229","27.06106948852539","27.06106948852539","27.06106948852539"
"423624704","3233","3233","3233","28.854703903198242","28.854703903198242","28.854703903198242"
"424148992","3237","3237","3237","28.657508850097656","28.657508850097656","28.657508850097656"
"424673280","3241","3241","3241","28.50126838684082","28.50126838684082","28.50126838684082"
"425197568","3245","3245","3245","28.770347595214844","28.770347595214844","28.770347595214844"
"425721856","3249","3249","3249","27.75554656982422","27.75554656982422","27.75554656982422"
"426246144","3253","3253","3253","27.15214729309082","27.15214729309082","27.15214729309082"
"426770432","3257","3257","3257","25.9041690826416","25.9041690826416","25.9041690826416"
"427294720","3261","3261","3261","28.06163787841797","28.06163787841797","28.06163787841797"
"427819008","3265","3265","3265","26.41777229309082","26.41777229309082","26.41777229309082"
"428343296","3269","3269","3269","28.694040298461914","28.694040298461914","28.694040298461914"
"428867584","3273","3273","3273","27.201595306396484","27.201595306396484","27.201595306396484"
"429391872","3277","3277","3277","27.04092788696289","27.04092788696289","27.04092788696289"
"429916160","3281","3281","3281","26.703161239624023","26.703161239624023","26.703161239624023"
"430440448","3285","3285","3285","28.465118408203125","28.465118408203125","28.465118408203125"
"430964736","3289","3289","3289","27.73710823059082","27.73710823059082","27.73710823059082"
"431489024","3293","3293","3293","27.461631774902344","27.461631774902344","27.461631774902344"
"432013312","3297","3297","3297","29.49570655822754","29.49570655822754","29.49570655822754"
"432537600","3301","3301","3301","26.816951751708984","26.816951751708984","26.816951751708984"
"433061888","3305","3305","3305","26.631872177124023","26.631872177124023","26.631872177124023"
"433586176","3309","3309","3309","28.45409393310547","28.45409393310547","28.45409393310547"
"434110464","3313","3313","3313","27.30992889404297","27.30992889404297","27.30992889404297"
"434634752","3317","3317","3317","29.60027503967285","29.60027503967285","29.60027503967285"
"435159040","3321","3321","3321","27.293949127197266","27.293949127197266","27.293949127197266"
"435683328","3325","3325","3325","27.84956932067871","27.84956932067871","27.84956932067871"
"436207616","3329","3329","3329","27.466230392456055","27.466230392456055","27.466230392456055"
"436731904","3333","3333","3333","27.59624671936035","27.59624671936035","27.59624671936035"
"437256192","3337","3337","3337","26.90784454345703","26.90784454345703","26.90784454345703"
"437780480","3341","3341","3341","27.776779174804688","27.776779174804688","27.776779174804688"
"438304768","3345","3345","3345","28.55907440185547","28.55907440185547","28.55907440185547"
"438829056","3349","3349","3349","28.24482536315918","28.24482536315918","28.24482536315918"
"439353344","3353","3353","3353","27.216827392578125","27.216827392578125","27.216827392578125"
"439877632","3357","3357","3357","28.154891967773438","28.154891967773438","28.154891967773438"
"440401920","3361","3361","3361","28.17463493347168","28.17463493347168","28.17463493347168"
"440926208","3365","3365","3365","28.23911476135254","28.23911476135254","28.23911476135254"
"441450496","3369","3369","3369","25.237071990966797","25.237071990966797","25.237071990966797"
"441974784","3373","3373","3373","28.14385986328125","28.14385986328125","28.14385986328125"
"442499072","3377","3377","3377","27.647279739379883","27.647279739379883","27.647279739379883"
"443023360","3381","3381","3381","27.513925552368164","27.513925552368164","27.513925552368164"
"443547648","3385","3385","3385","26.968536376953125","26.968536376953125","26.968536376953125"
"444071936","3389","3389","3389","26.65829086303711","26.65829086303711","26.65829086303711"
"444596224","3393","3393","3393","28.016300201416016","28.016300201416016","28.016300201416016"
"445120512","3397","3397","3397","28.14321517944336","28.14321517944336","28.14321517944336"
"445644800","3401","3401","3401","29.17499351501465","29.17499351501465","29.17499351501465"
"446169088","3405","3405","3405","27.29165267944336","27.29165267944336","27.29165267944336"
"446693376","3409","3409","3409","27.80463981628418","27.80463981628418","27.80463981628418"
"447217664","3413","3413","3413","27.800519943237305","27.800519943237305","27.800519943237305"
"447741952","3417","3417","3417","28.643085479736328","28.643085479736328","28.643085479736328"
"448266240","3421","3421","3421","26.2353515625","26.2353515625","26.2353515625"
"448790528","3425","3425","3425","27.705631256103516","27.705631256103516","27.705631256103516"
"449314816","3429","3429","3429","27.50688934326172","27.50688934326172","27.50688934326172"
"449839104","3433","3433","3433","26.905858993530273","26.905858993530273","26.905858993530273"
"450363392","3437","3437","3437","27.79836654663086","27.79836654663086","27.79836654663086"
"450887680","3441","3441","3441","28.56512451171875","28.56512451171875","28.56512451171875"
"451411968","3445","3445","3445","27.744300842285156","27.744300842285156","27.744300842285156"
"451936256","3449","3449","3449","26.675495147705078","26.675495147705078","26.675495147705078"
"452460544","3453","3453","3453","26.089271545410156","26.089271545410156","26.089271545410156"
"452984832","3457","3457","3457","28.981542587280273","28.981542587280273","28.981542587280273"
"453509120","3461","3461","3461","27.09477424621582","27.09477424621582","27.09477424621582"
"454033408","3465","3465","3465","27.31597137451172","27.31597137451172","27.31597137451172"
"454557696","3469","3469","3469","26.81882667541504","26.81882667541504","26.81882667541504"
"455081984","3473","3473","3473","26.226707458496094","26.226707458496094","26.226707458496094"
"455606272","3477","3477","3477","28.245363235473633","28.245363235473633","28.245363235473633"
"456130560","3481","3481","3481","25.91023063659668","25.91023063659668","25.91023063659668"
"456654848","3485","3485","3485","26.899904251098633","26.899904251098633","26.899904251098633"
"457179136","3489","3489","3489","27.483699798583984","27.483699798583984","27.483699798583984"
"457703424","3493","3493","3493","27.460880279541016","27.460880279541016","27.460880279541016"
"458227712","3497","3497","3497","27.2908935546875","27.2908935546875","27.2908935546875"
"458752000","3501","3501","3501","26.64052391052246","26.64052391052246","26.64052391052246"
"459276288","3505","3505","3505","27.00501823425293","27.00501823425293","27.00501823425293"
"459800576","3509","3509","3509","27.238204956054688","27.238204956054688","27.238204956054688"
"460324864","3513","3513","3513","27.38047218322754","27.38047218322754","27.38047218322754"
"460849152","3517","3517","3517","27.320533752441406","27.320533752441406","27.320533752441406"
"461373440","3521","3521","3521","27.40447998046875","27.40447998046875","27.40447998046875"
"461897728","3525","3525","3525","26.868587493896484","26.868587493896484","26.868587493896484"
"462422016","3529","3529","3529","26.57927894592285","26.57927894592285","26.57927894592285"
"462946304","3533","3533","3533","28.55919647216797","28.55919647216797","28.55919647216797"
"463470592","3537","3537","3537","27.55774688720703","27.55774688720703","27.55774688720703"
"463994880","3541","3541","3541","28.089773178100586","28.089773178100586","28.089773178100586"
"464519168","3545","3545","3545","26.823740005493164","26.823740005493164","26.823740005493164"
"465043456","3549","3549","3549","28.23204803466797","28.23204803466797","28.23204803466797"
"465567744","3553","3553","3553","26.55942726135254","26.55942726135254","26.55942726135254"
"466092032","3557","3557","3557","27.345783233642578","27.345783233642578","27.345783233642578"
"466616320","3561","3561","3561","28.272342681884766","28.272342681884766","28.272342681884766"
"467140608","3565","3565","3565","27.48290252685547","27.48290252685547","27.48290252685547"
"467664896","3569","3569","3569","27.7825870513916","27.7825870513916","27.7825870513916"
"468189184","3573","3573","3573","27.64717674255371","27.64717674255371","27.64717674255371"
"468713472","3577","3577","3577","27.920427322387695","27.920427322387695","27.920427322387695"
"469237760","3581","3581","3581","27.372541427612305","27.372541427612305","27.372541427612305"
"469762048","3585","3585","3585","28.38801383972168","28.38801383972168","28.38801383972168"
"470286336","3589","3589","3589","27.999961853027344","27.999961853027344","27.999961853027344"
"470810624","3593","3593","3593","26.99735450744629","26.99735450744629","26.99735450744629"
"471334912","3597","3597","3597","29.13752555847168","29.13752555847168","29.13752555847168"
"471859200","3601","3601","3601","27.727313995361328","27.727313995361328","27.727313995361328"
"472383488","3605","3605","3605","27.175434112548828","27.175434112548828","27.175434112548828"
"472907776","3609","3609","3609","26.955923080444336","26.955923080444336","26.955923080444336"
"473432064","3613","3613","3613","27.318599700927734","27.318599700927734","27.318599700927734"
"473956352","3617","3617","3617","27.588998794555664","27.588998794555664","27.588998794555664"
"474480640","3621","3621","3621","27.80373764038086","27.80373764038086","27.80373764038086"
"475004928","3625","3625","3625","28.887645721435547","28.887645721435547","28.887645721435547"
"475529216","3629","3629","3629","28.03980827331543","28.03980827331543","28.03980827331543"
"476053504","3633","3633","3633","27.16341781616211","27.16341781616211","27.16341781616211"
"476577792","3637","3637","3637","28.202903747558594","28.202903747558594","28.202903747558594"
"477102080","3641","3641","3641","28.088285446166992","28.088285446166992","28.088285446166992"
"477626368","3645","3645","3645","29.062246322631836","29.062246322631836","29.062246322631836"
"478150656","3649","3649","3649","28.38624382019043","28.38624382019043","28.38624382019043"
"478674944","3653","3653","3653","27.916242599487305","27.916242599487305","27.916242599487305"
"479199232","3657","3657","3657","29.27581214904785","29.27581214904785","29.27581214904785"
"479723520","3661","3661","3661","26.979726791381836","26.979726791381836","26.979726791381836"
"480247808","3665","3665","3665","28.175050735473633","28.175050735473633","28.175050735473633"
"480772096","3669","3669","3669","27.225955963134766","27.225955963134766","27.225955963134766"
"481296384","3673","3673","3673","27.109481811523438","27.109481811523438","27.109481811523438"
"481820672","3677","3677","3677","27.34609031677246","27.34609031677246","27.34609031677246"
"482344960","3681","3681","3681","27.54530143737793","27.54530143737793","27.54530143737793"
"482869248","3685","3685","3685","27.507116317749023","27.507116317749023","27.507116317749023"
"483393536","3689","3689","3689","28.117462158203125","28.117462158203125","28.117462158203125"
"483917824","3693","3693","3693","28.440643310546875","28.440643310546875","28.440643310546875"
"484442112","3697","3697","3697","27.31194496154785","27.31194496154785","27.31194496154785"
"484966400","3701","3701","3701","27.421092987060547","27.421092987060547","27.421092987060547"
"485490688","3705","3705","3705","28.181570053100586","28.181570053100586","28.181570053100586"
"486014976","3709","3709","3709","28.08283805847168","28.08283805847168","28.08283805847168"
"486539264","3713","3713","3713","27.14096450805664","27.14096450805664","27.14096450805664"
"487063552","3717","3717","3717","27.49943733215332","27.49943733215332","27.49943733215332"
"487587840","3721","3721","3721","28.484481811523438","28.484481811523438","28.484481811523438"
"488112128","3725","3725","3725","27.32122230529785","27.32122230529785","27.32122230529785"
"488636416","3729","3729","3729","27.03037452697754","27.03037452697754","27.03037452697754"
"489160704","3733","3733","3733","28.566261291503906","28.566261291503906","28.566261291503906"
"489684992","3737","3737","3737","28.613332748413086","28.613332748413086","28.613332748413086"
"490209280","3741","3741","3741","28.072208404541016","28.072208404541016","28.072208404541016"
"490733568","3745","3745","3745","27.672719955444336","27.672719955444336","27.672719955444336"
"491257856","3749","3749","3749","28.548297882080078","28.548297882080078","28.548297882080078"
"491782144","3753","3753","3753","27.81199836730957","27.81199836730957","27.81199836730957"
"492306432","3757","3757","3757","28.644437789916992","28.644437789916992","28.644437789916992"
"492830720","3761","3761","3761","28.528032302856445","28.528032302856445","28.528032302856445"
"493355008","3765","3765","3765","25.882143020629883","25.882143020629883","25.882143020629883"
"493879296","3769","3769","3769","28.418582916259766","28.418582916259766","28.418582916259766"
"494403584","3773","3773","3773","26.54509925842285","26.54509925842285","26.54509925842285"
"494927872","3777","3777","3777","28.285070419311523","28.285070419311523","28.285070419311523"
"495452160","3781","3781","3781","27.096683502197266","27.096683502197266","27.096683502197266"
"495976448","3785","3785","3785","28.149303436279297","28.149303436279297","28.149303436279297"
"496500736","3789","3789","3789","26.17766761779785","26.17766761779785","26.17766761779785"
"497025024","3793","3793","3793","28.05560302734375","28.05560302734375","28.05560302734375"
"497549312","3797","3797","3797","27.80960464477539","27.80960464477539","27.80960464477539"
"498073600","3801","3801","3801","26.880783081054688","26.880783081054688","26.880783081054688"
"498597888","3805","3805","3805","28.76179313659668","28.76179313659668","28.76179313659668"
"499122176","3809","3809","3809","28.815412521362305","28.815412521362305","28.815412521362305"
"499646464","3813","3813","3813","27.769054412841797","27.769054412841797","27.769054412841797"
"500170752","3817","3817","3817","28.63221549987793","28.63221549987793","28.63221549987793"
"500695040","3821","3821","3821","27.781620025634766","27.781620025634766","27.781620025634766"
"501219328","3825","3825","3825","27.424440383911133","27.424440383911133","27.424440383911133"
"501743616","3829","3829","3829","28.07331085205078","28.07331085205078","28.07331085205078"
"502267904","3833","3833","3833","27.262868881225586","27.262868881225586","27.262868881225586"
"502792192","3837","3837","3837","28.25947380065918","28.25947380065918","28.25947380065918"
"503316480","3841","3841","3841","28.49013900756836","28.49013900756836","28.49013900756836"
"503840768","3845","3845","3845","26.480302810668945","26.480302810668945","26.480302810668945"
"504365056","3849","3849","3849","28.299983978271484","28.299983978271484","28.299983978271484"
"504889344","3853","3853","3853","28.034189224243164","28.034189224243164","28.034189224243164"
"505413632","3857","3857","3857","26.9789981842041","26.9789981842041","26.9789981842041"
"505937920","3861","3861","3861","28.42172622680664","28.42172622680664","28.42172622680664"
"506462208","3865","3865","3865","27.73461151123047","27.73461151123047","27.73461151123047"
"506986496","3869","3869","3869","27.24178695678711","27.24178695678711","27.24178695678711"
"507510784","3873","3873","3873","28.022193908691406","28.022193908691406","28.022193908691406"
"508035072","3877","3877","3877","28.126955032348633","28.126955032348633","28.126955032348633"
"508559360","3881","3881","3881","27.35799789428711","27.35799789428711","27.35799789428711"
"509083648","3885","3885","3885","28.927955627441406","28.927955627441406","28.927955627441406"
"509607936","3889","3889","3889","28.946502685546875","28.946502685546875","28.946502685546875"
"510132224","3893","3893","3893","29.789913177490234","29.789913177490234","29.789913177490234"
"510656512","3897","3897","3897","26.47412872314453","26.47412872314453","26.47412872314453"
"511180800","3901","3901","3901","27.714534759521484","27.714534759521484","27.714534759521484"
"511705088","3905","3905","3905","26.794734954833984","26.794734954833984","26.794734954833984"
"512229376","3909","3909","3909","28.90367317199707","28.90367317199707","28.90367317199707"
"512753664","3913","3913","3913","28.786766052246094","28.786766052246094","28.786766052246094"
"513277952","3917","3917","3917","26.765844345092773","26.765844345092773","26.765844345092773"
"513802240","3921","3921","3921","28.836660385131836","28.836660385131836","28.836660385131836"
"514326528","3925","3925","3925","28.45279312133789","28.45279312133789","28.45279312133789"
"514850816","3929","3929","3929","27.50047492980957","27.50047492980957","27.50047492980957"
"515375104","3933","3933","3933","27.71158218383789","27.71158218383789","27.71158218383789"
"515899392","3937","3937","3937","27.877487182617188","27.877487182617188","27.877487182617188"
"516423680","3941","3941","3941","27.57308006286621","27.57308006286621","27.57308006286621"
"516947968","3945","3945","3945","27.52393913269043","27.52393913269043","27.52393913269043"
"517472256","3949","3949","3949","27.206512451171875","27.206512451171875","27.206512451171875"
"517996544","3953","3953","3953","27.681486129760742","27.681486129760742","27.681486129760742"
"518520832","3957","3957","3957","27.33197784423828","27.33197784423828","27.33197784423828"
"519045120","3961","3961","3961","27.701425552368164","27.701425552368164","27.701425552368164"
"519569408","3965","3965","3965","28.758846282958984","28.758846282958984","28.758846282958984"
"520093696","3969","3969","3969","27.793216705322266","27.793216705322266","27.793216705322266"
"520617984","3973","3973","3973","27.622880935668945","27.622880935668945","27.622880935668945"
"521142272","3977","3977","3977","26.831127166748047","26.831127166748047","26.831127166748047"
"521666560","3981","3981","3981","29.305673599243164","29.305673599243164","29.305673599243164"
"522190848","3985","3985","3985","28.887426376342773","28.887426376342773","28.887426376342773"
"522715136","3989","3989","3989","27.565370559692383","27.565370559692383","27.565370559692383"
"523239424","3993","3993","3993","27.18408203125","27.18408203125","27.18408203125"
"523763712","3997","3997","3997","28.540252685546875","28.540252685546875","28.540252685546875"