"global_step","DRRandom_04-01-36-40 - _step","DRRandom_04-01-36-40 - _step__MIN","DRRandom_04-01-36-40 - _step__MAX","DRRandom_04-01-36-40 - rewards/collision/step","DRRandom_04-01-36-40 - rewards/collision/step__MIN","DRRandom_04-01-36-40 - rewards/collision/step__MAX"
"192","3","3","3","-9.99999713897705","-9.99999713897705","-9.99999713897705"
"524288","7","7","7","-9.999019622802734","-9.999019622802734","-9.999019622802734"
"1048576","11","11","11","-9.99999713897705","-9.99999713897705","-9.99999713897705"
"1572864","15","15","15","-9.99999713897705","-9.99999713897705","-9.99999713897705"
"2097152","19","19","19","-9.999910354614258","-9.999910354614258","-9.999910354614258"
"2621440","23","23","23","-9.99999713897705","-9.99999713897705","-9.99999713897705"
"3145728","27","27","27","-9.992517471313477","-9.992517471313477","-9.992517471313477"
"3670016","31","31","31","-9.999995231628418","-9.999995231628418","-9.999995231628418"
"4194304","35","35","35","-9.995129585266113","-9.995129585266113","-9.995129585266113"
"4718592","39","39","39","-9.945270538330078","-9.945270538330078","-9.945270538330078"
"5242880","43","43","43","-9.861248970031738","-9.861248970031738","-9.861248970031738"
"5767168","47","47","47","-9.98608112335205","-9.98608112335205","-9.98608112335205"
"6291456","51","51","51","-9.99999713897705","-9.99999713897705","-9.99999713897705"
"6815744","55","55","55","-9.940696716308594","-9.940696716308594","-9.940696716308594"
"7340032","59","59","59","-9.876565933227539","-9.876565933227539","-9.876565933227539"
"7864320","63","63","63","-9.850189208984375","-9.850189208984375","-9.850189208984375"
"8388608","67","67","67","-9.984864234924316","-9.984864234924316","-9.984864234924316"
"8912896","71","71","71","-9.868375778198242","-9.868375778198242","-9.868375778198242"
"9437184","75","75","75","-9.888383865356445","-9.888383865356445","-9.888383865356445"
"9961472","79","79","79","-9.916692733764648","-9.916692733764648","-9.916692733764648"
"10485760","83","83","83","-9.862299919128418","-9.862299919128418","-9.862299919128418"
"11010048","87","87","87","-9.84399127960205","-9.84399127960205","-9.84399127960205"
"11534336","91","91","91","-9.772317886352539","-9.772317886352539","-9.772317886352539"
"12058624","95","95","95","-9.806173324584961","-9.806173324584961","-9.806173324584961"
"12582912","99","99","99","-9.634217262268066","-9.634217262268066","-9.634217262268066"
"13107200","103","103","103","-9.603195190429688","-9.603195190429688","-9.603195190429688"
"13631488","107","107","107","-9.5668306350708","-9.5668306350708","-9.5668306350708"
"14155776","111","111","111","-9.868393898010254","-9.868393898010254","-9.868393898010254"
"14680064","115","115","115","-9.479263305664062","-9.479263305664062","-9.479263305664062"
"15204352","119","119","119","-9.516868591308594","-9.516868591308594","-9.516868591308594"
"15728640","123","123","123","-9.673318862915039","-9.673318862915039","-9.673318862915039"
"16252928","127","127","127","-9.560396194458008","-9.560396194458008","-9.560396194458008"
"16777216","131","131","131","-9.433130264282227","-9.433130264282227","-9.433130264282227"
"17301504","135","135","135","-9.499381065368652","-9.499381065368652","-9.499381065368652"
"17825792","139","139","139","-9.558895111083984","-9.558895111083984","-9.558895111083984"
"18350080","143","143","143","-9.104968070983887","-9.104968070983887","-9.104968070983887"
"18874368","147","147","147","-9.263216018676758","-9.263216018676758","-9.263216018676758"
"19398656","151","151","151","-9.690051078796387","-9.690051078796387","-9.690051078796387"
"19922944","155","155","155","-9.339509010314941","-9.339509010314941","-9.339509010314941"
"20447232","159","159","159","-9.358259201049805","-9.358259201049805","-9.358259201049805"
"20971520","163","163","163","-9.415786743164062","-9.415786743164062","-9.415786743164062"
"21495808","167","167","167","-9.406904220581055","-9.406904220581055","-9.406904220581055"
"22020096","171","171","171","-9.4617919921875","-9.4617919921875","-9.4617919921875"
"22544384","175","175","175","-9.424764633178711","-9.424764633178711","-9.424764633178711"
"23068672","179","179","179","-8.831751823425293","-8.831751823425293","-8.831751823425293"
"23592960","183","183","183","-8.94803237915039","-8.94803237915039","-8.94803237915039"
"24117248","187","187","187","-9.292790412902832","-9.292790412902832","-9.292790412902832"
"24641536","191","191","191","-9.225264549255371","-9.225264549255371","-9.225264549255371"
"25165824","195","195","195","-9.179900169372559","-9.179900169372559","-9.179900169372559"
"25690112","199","199","199","-9.356606483459473","-9.356606483459473","-9.356606483459473"
"26214400","203","203","203","-8.666827201843262","-8.666827201843262","-8.666827201843262"
"26738688","207","207","207","-9.124837875366211","-9.124837875366211","-9.124837875366211"
"27262976","211","211","211","-9.170819282531738","-9.170819282531738","-9.170819282531738"
"27787264","215","215","215","-9.066462516784668","-9.066462516784668","-9.066462516784668"
"28311552","219","219","219","-8.431180953979492","-8.431180953979492","-8.431180953979492"
"28835840","223","223","223","-8.78959846496582","-8.78959846496582","-8.78959846496582"
"29360128","227","227","227","-8.41519546508789","-8.41519546508789","-8.41519546508789"
"29884416","231","231","231","-8.597110748291016","-8.597110748291016","-8.597110748291016"
"30408704","235","235","235","-8.30621337890625","-8.30621337890625","-8.30621337890625"
"30932992","239","239","239","-8.922492027282715","-8.922492027282715","-8.922492027282715"
"31457280","243","243","243","-8.91647720336914","-8.91647720336914","-8.91647720336914"
"31981568","247","247","247","-8.888541221618652","-8.888541221618652","-8.888541221618652"
"32505856","251","251","251","-9.02493953704834","-9.02493953704834","-9.02493953704834"
"33030144","255","255","255","-8.703207015991211","-8.703207015991211","-8.703207015991211"
"33554432","259","259","259","-8.286286354064941","-8.286286354064941","-8.286286354064941"
"34078720","263","263","263","-8.835113525390625","-8.835113525390625","-8.835113525390625"
"34603008","267","267","267","-8.46471881866455","-8.46471881866455","-8.46471881866455"
"35127296","271","271","271","-8.196759223937988","-8.196759223937988","-8.196759223937988"
"35651584","275","275","275","-8.489686012268066","-8.489686012268066","-8.489686012268066"
"36175872","279","279","279","-8.311279296875","-8.311279296875","-8.311279296875"
"36700160","283","283","283","-8.027563095092773","-8.027563095092773","-8.027563095092773"
"37224448","287","287","287","-7.836814880371094","-7.836814880371094","-7.836814880371094"
"37748736","291","291","291","-7.809538841247559","-7.809538841247559","-7.809538841247559"
"38273024","295","295","295","-7.795563697814941","-7.795563697814941","-7.795563697814941"
"38797312","299","299","299","-8.258774757385254","-8.258774757385254","-8.258774757385254"
"39321600","303","303","303","-8.438544273376465","-8.438544273376465","-8.438544273376465"
"39845888","307","307","307","-7.85377311706543","-7.85377311706543","-7.85377311706543"
"40370176","311","311","311","-8.168079376220703","-8.168079376220703","-8.168079376220703"
"40894464","315","315","315","-8.096928596496582","-8.096928596496582","-8.096928596496582"
"41418752","319","319","319","-7.37039041519165","-7.37039041519165","-7.37039041519165"
"41943040","323","323","323","-8.036718368530273","-8.036718368530273","-8.036718368530273"
"42467328","327","327","327","-7.58516788482666","-7.58516788482666","-7.58516788482666"
"42991616","331","331","331","-7.963348388671875","-7.963348388671875","-7.963348388671875"
"43515904","335","335","335","-7.634610652923584","-7.634610652923584","-7.634610652923584"
"44040192","339","339","339","-7.5532355308532715","-7.5532355308532715","-7.5532355308532715"
"44564480","343","343","343","-7.674378395080566","-7.674378395080566","-7.674378395080566"
"45088768","347","347","347","-7.092195987701416","-7.092195987701416","-7.092195987701416"
"45613056","351","351","351","-7.828216552734375","-7.828216552734375","-7.828216552734375"
"46137344","355","355","355","-7.717631816864014","-7.717631816864014","-7.717631816864014"
"46661632","359","359","359","-8.148951530456543","-8.148951530456543","-8.148951530456543"
"47185920","363","363","363","-8.472125053405762","-8.472125053405762","-8.472125053405762"
"47710208","367","367","367","-7.277010440826416","-7.277010440826416","-7.277010440826416"
"48234496","371","371","371","-6.792895317077637","-6.792895317077637","-6.792895317077637"
"48758784","375","375","375","-7.153288841247559","-7.153288841247559","-7.153288841247559"
"49283072","379","379","379","-7.542932033538818","-7.542932033538818","-7.542932033538818"
"49807360","383","383","383","-7.060571193695068","-7.060571193695068","-7.060571193695068"
"50331648","387","387","387","-7.189024925231934","-7.189024925231934","-7.189024925231934"
"50855936","391","391","391","-7.270157814025879","-7.270157814025879","-7.270157814025879"
"51380224","395","395","395","-7.827589511871338","-7.827589511871338","-7.827589511871338"
"51904512","399","399","399","-7.210005283355713","-7.210005283355713","-7.210005283355713"
"52428800","403","403","403","-6.797995567321777","-6.797995567321777","-6.797995567321777"
"52953088","407","407","407","-7.406902313232422","-7.406902313232422","-7.406902313232422"
"53477376","411","411","411","-7.4502105712890625","-7.4502105712890625","-7.4502105712890625"
"54001664","415","415","415","-6.259567737579346","-6.259567737579346","-6.259567737579346"
"54525952","419","419","419","-6.861742973327637","-6.861742973327637","-6.861742973327637"
"55050240","423","423","423","-7.007745265960693","-7.007745265960693","-7.007745265960693"
"55574528","427","427","427","-6.969524383544922","-6.969524383544922","-6.969524383544922"
"56098816","431","431","431","-6.635502815246582","-6.635502815246582","-6.635502815246582"
"56623104","435","435","435","-6.214888572692871","-6.214888572692871","-6.214888572692871"
"57147392","439","439","439","-7.1418914794921875","-7.1418914794921875","-7.1418914794921875"
"57671680","443","443","443","-6.790219783782959","-6.790219783782959","-6.790219783782959"
"58195968","447","447","447","-6.868386745452881","-6.868386745452881","-6.868386745452881"
"58720256","451","451","451","-6.991228103637695","-6.991228103637695","-6.991228103637695"
"59244544","455","455","455","-7.08590030670166","-7.08590030670166","-7.08590030670166"
"59768832","459","459","459","-6.84920597076416","-6.84920597076416","-6.84920597076416"
"60293120","463","463","463","-6.679563999176025","-6.679563999176025","-6.679563999176025"
"60817408","467","467","467","-7.264965534210205","-7.264965534210205","-7.264965534210205"
"61341696","471","471","471","-6.5172858238220215","-6.5172858238220215","-6.5172858238220215"
"61865984","475","475","475","-7.013154029846191","-7.013154029846191","-7.013154029846191"
"62390272","479","479","479","-6.890408039093018","-6.890408039093018","-6.890408039093018"
"62914560","483","483","483","-6.213476657867432","-6.213476657867432","-6.213476657867432"
"63438848","487","487","487","-6.2182817459106445","-6.2182817459106445","-6.2182817459106445"
"63963136","491","491","491","-6.492876052856445","-6.492876052856445","-6.492876052856445"
"64487424","495","495","495","-6.572102069854736","-6.572102069854736","-6.572102069854736"
"65011712","499","499","499","-6.322445392608643","-6.322445392608643","-6.322445392608643"
"65536000","503","503","503","-6.149107933044434","-6.149107933044434","-6.149107933044434"
"66060288","507","507","507","-6.760223865509033","-6.760223865509033","-6.760223865509033"
"66584576","511","511","511","-5.836979866027832","-5.836979866027832","-5.836979866027832"
"67108864","515","515","515","-6.05949592590332","-6.05949592590332","-6.05949592590332"
"67633152","519","519","519","-7.003397464752197","-7.003397464752197","-7.003397464752197"
"68157440","523","523","523","-6.715593338012695","-6.715593338012695","-6.715593338012695"
"68681728","527","527","527","-6.754271507263184","-6.754271507263184","-6.754271507263184"
"69206016","531","531","531","-6.156022071838379","-6.156022071838379","-6.156022071838379"
"69730304","535","535","535","-6.319283485412598","-6.319283485412598","-6.319283485412598"
"70254592","539","539","539","-6.21744441986084","-6.21744441986084","-6.21744441986084"
"70778880","543","543","543","-6.66522741317749","-6.66522741317749","-6.66522741317749"
"71303168","547","547","547","-5.818639278411865","-5.818639278411865","-5.818639278411865"
"71827456","551","551","551","-5.540837287902832","-5.540837287902832","-5.540837287902832"
"72351744","555","555","555","-6.092514991760254","-6.092514991760254","-6.092514991760254"
"72876032","559","559","559","-6.138923168182373","-6.138923168182373","-6.138923168182373"
"73400320","563","563","563","-6.182028293609619","-6.182028293609619","-6.182028293609619"
"73924608","567","567","567","-6.087350368499756","-6.087350368499756","-6.087350368499756"
"74448896","571","571","571","-6.0269317626953125","-6.0269317626953125","-6.0269317626953125"
"74973184","575","575","575","-6.801143646240234","-6.801143646240234","-6.801143646240234"
"75497472","579","579","579","-6.239560604095459","-6.239560604095459","-6.239560604095459"
"76021760","583","583","583","-6.053619384765625","-6.053619384765625","-6.053619384765625"
"76546048","587","587","587","-5.630836009979248","-5.630836009979248","-5.630836009979248"
"77070336","591","591","591","-6.1125688552856445","-6.1125688552856445","-6.1125688552856445"
"77594624","595","595","595","-6.17673921585083","-6.17673921585083","-6.17673921585083"
"78118912","599","599","599","-5.9643778800964355","-5.9643778800964355","-5.9643778800964355"
"78643200","603","603","603","-5.752536296844482","-5.752536296844482","-5.752536296844482"
"79167488","607","607","607","-6.367559909820557","-6.367559909820557","-6.367559909820557"
"79691776","611","611","611","-6.0216288566589355","-6.0216288566589355","-6.0216288566589355"
"80216064","615","615","615","-5.782961368560791","-5.782961368560791","-5.782961368560791"
"80740352","619","619","619","-5.931070804595947","-5.931070804595947","-5.931070804595947"
"81264640","623","623","623","-6.30011510848999","-6.30011510848999","-6.30011510848999"
"81788928","627","627","627","-5.682901859283447","-5.682901859283447","-5.682901859283447"
"82313216","631","631","631","-5.648722171783447","-5.648722171783447","-5.648722171783447"
"82837504","635","635","635","-5.625759124755859","-5.625759124755859","-5.625759124755859"
"83361792","639","639","639","-5.4177350997924805","-5.4177350997924805","-5.4177350997924805"
"83886080","643","643","643","-5.47056770324707","-5.47056770324707","-5.47056770324707"
"84410368","647","647","647","-5.17848014831543","-5.17848014831543","-5.17848014831543"
"84934656","651","651","651","-5.861546993255615","-5.861546993255615","-5.861546993255615"
"85458944","655","655","655","-5.137368679046631","-5.137368679046631","-5.137368679046631"
"85983232","659","659","659","-5.809142112731934","-5.809142112731934","-5.809142112731934"
"86507520","663","663","663","-4.949546813964844","-4.949546813964844","-4.949546813964844"
"87031808","667","667","667","-4.972194194793701","-4.972194194793701","-4.972194194793701"
"87556096","671","671","671","-5.395167350769043","-5.395167350769043","-5.395167350769043"
"88080384","675","675","675","-4.6283979415893555","-4.6283979415893555","-4.6283979415893555"
"88604672","679","679","679","-5.1927361488342285","-5.1927361488342285","-5.1927361488342285"
"89128960","683","683","683","-5.104676246643066","-5.104676246643066","-5.104676246643066"
"89653248","687","687","687","-5.814145565032959","-5.814145565032959","-5.814145565032959"
"90177536","691","691","691","-5.177026271820068","-5.177026271820068","-5.177026271820068"
"90701824","695","695","695","-5.468333721160889","-5.468333721160889","-5.468333721160889"
"91226112","699","699","699","-5.445929527282715","-5.445929527282715","-5.445929527282715"
"91750400","703","703","703","-4.940840721130371","-4.940840721130371","-4.940840721130371"
"92274688","707","707","707","-5.441745281219482","-5.441745281219482","-5.441745281219482"
"92798976","711","711","711","-5.453848838806152","-5.453848838806152","-5.453848838806152"
"93323264","715","715","715","-5.156940937042236","-5.156940937042236","-5.156940937042236"
"93847552","719","719","719","-5.459362506866455","-5.459362506866455","-5.459362506866455"
"94371840","723","723","723","-5.7520623207092285","-5.7520623207092285","-5.7520623207092285"
"94896128","727","727","727","-5.469799041748047","-5.469799041748047","-5.469799041748047"
"95420416","731","731","731","-5.285676002502441","-5.285676002502441","-5.285676002502441"
"95944704","735","735","735","-5.140302658081055","-5.140302658081055","-5.140302658081055"
"96468992","739","739","739","-4.992669105529785","-4.992669105529785","-4.992669105529785"
"96993280","743","743","743","-5.687685012817383","-5.687685012817383","-5.687685012817383"
"97517568","747","747","747","-4.94851541519165","-4.94851541519165","-4.94851541519165"
"98041856","751","751","751","-5.473487377166748","-5.473487377166748","-5.473487377166748"
"98566144","755","755","755","-5.280390739440918","-5.280390739440918","-5.280390739440918"
"99090432","759","759","759","-5.785419940948486","-5.785419940948486","-5.785419940948486"
"99614720","763","763","763","-4.959272384643555","-4.959272384643555","-4.959272384643555"
"100139008","767","767","767","-4.655531406402588","-4.655531406402588","-4.655531406402588"
"100663296","771","771","771","-5.06303596496582","-5.06303596496582","-5.06303596496582"
"101187584","775","775","775","-5.183110237121582","-5.183110237121582","-5.183110237121582"
"101711872","779","779","779","-5.332927703857422","-5.332927703857422","-5.332927703857422"
"102236160","783","783","783","-5.052170276641846","-5.052170276641846","-5.052170276641846"
"102760448","787","787","787","-5.59745979309082","-5.59745979309082","-5.59745979309082"
"103284736","791","791","791","-4.705946922302246","-4.705946922302246","-4.705946922302246"
"103809024","795","795","795","-5.384334564208984","-5.384334564208984","-5.384334564208984"
"104333312","799","799","799","-5.294549465179443","-5.294549465179443","-5.294549465179443"
"104857600","803","803","803","-4.966794490814209","-4.966794490814209","-4.966794490814209"
"105381888","807","807","807","-5.131435394287109","-5.131435394287109","-5.131435394287109"
"105906176","811","811","811","-5.188973426818848","-5.188973426818848","-5.188973426818848"
"106430464","815","815","815","-4.930053234100342","-4.930053234100342","-4.930053234100342"
"106954752","819","819","819","-4.734565258026123","-4.734565258026123","-4.734565258026123"
"107479040","823","823","823","-4.869314670562744","-4.869314670562744","-4.869314670562744"
"108003328","827","827","827","-4.961503028869629","-4.961503028869629","-4.961503028869629"
"108527616","831","831","831","-4.989423751831055","-4.989423751831055","-4.989423751831055"
"109051904","835","835","835","-3.8522026538848877","-3.8522026538848877","-3.8522026538848877"
"109576192","839","839","839","-5.099425792694092","-5.099425792694092","-5.099425792694092"
"110100480","843","843","843","-5.269590854644775","-5.269590854644775","-5.269590854644775"
"110624768","847","847","847","-4.967761516571045","-4.967761516571045","-4.967761516571045"
"111149056","851","851","851","-5.08101749420166","-5.08101749420166","-5.08101749420166"
"111673344","855","855","855","-4.829315185546875","-4.829315185546875","-4.829315185546875"
"112197632","859","859","859","-5.200876235961914","-5.200876235961914","-5.200876235961914"
"112721920","863","863","863","-4.25569486618042","-4.25569486618042","-4.25569486618042"
"113246208","867","867","867","-4.796185493469238","-4.796185493469238","-4.796185493469238"
"113770496","871","871","871","-4.774853706359863","-4.774853706359863","-4.774853706359863"
"114294784","875","875","875","-4.641881465911865","-4.641881465911865","-4.641881465911865"
"114819072","879","879","879","-4.623525142669678","-4.623525142669678","-4.623525142669678"
"115343360","883","883","883","-4.902030944824219","-4.902030944824219","-4.902030944824219"
"115867648","887","887","887","-4.730027198791504","-4.730027198791504","-4.730027198791504"
"116391936","891","891","891","-5.16632080078125","-5.16632080078125","-5.16632080078125"
"116916224","895","895","895","-4.812100887298584","-4.812100887298584","-4.812100887298584"
"117440512","899","899","899","-4.428447723388672","-4.428447723388672","-4.428447723388672"
"117964800","903","903","903","-5.141603946685791","-5.141603946685791","-5.141603946685791"
"118489088","907","907","907","-5.474337577819824","-5.474337577819824","-5.474337577819824"
"119013376","911","911","911","-4.889243125915527","-4.889243125915527","-4.889243125915527"
"119537664","915","915","915","-4.8634562492370605","-4.8634562492370605","-4.8634562492370605"
"120061952","919","919","919","-3.8433949947357178","-3.8433949947357178","-3.8433949947357178"
"120586240","923","923","923","-4.201903820037842","-4.201903820037842","-4.201903820037842"
"121110528","927","927","927","-4.6757636070251465","-4.6757636070251465","-4.6757636070251465"
"121634816","931","931","931","-4.5287909507751465","-4.5287909507751465","-4.5287909507751465"
"122159104","935","935","935","-4.666049003601074","-4.666049003601074","-4.666049003601074"
"122683392","939","939","939","-4.337522983551025","-4.337522983551025","-4.337522983551025"
"123207680","943","943","943","-4.388852596282959","-4.388852596282959","-4.388852596282959"
"123731968","947","947","947","-4.725096225738525","-4.725096225738525","-4.725096225738525"
"124256256","951","951","951","-4.587471961975098","-4.587471961975098","-4.587471961975098"
"124780544","955","955","955","-4.741805553436279","-4.741805553436279","-4.741805553436279"
"125304832","959","959","959","-5.0047149658203125","-5.0047149658203125","-5.0047149658203125"
"125829120","963","963","963","-3.8311266899108887","-3.8311266899108887","-3.8311266899108887"
"126353408","967","967","967","-4.371734142303467","-4.371734142303467","-4.371734142303467"
"126877696","971","971","971","-4.212096214294434","-4.212096214294434","-4.212096214294434"
"127401984","975","975","975","-4.3661346435546875","-4.3661346435546875","-4.3661346435546875"
"127926272","979","979","979","-4.692439079284668","-4.692439079284668","-4.692439079284668"
"128450560","983","983","983","-4.865912914276123","-4.865912914276123","-4.865912914276123"
"128974848","987","987","987","-3.8741424083709717","-3.8741424083709717","-3.8741424083709717"
"129499136","991","991","991","-4.518064975738525","-4.518064975738525","-4.518064975738525"
"130023424","995","995","995","-4.307686805725098","-4.307686805725098","-4.307686805725098"
"130547712","999","999","999","-4.368228435516357","-4.368228435516357","-4.368228435516357"
"131072000","1003","1003","1003","-4.6626877784729","-4.6626877784729","-4.6626877784729"
"131596288","1007","1007","1007","-4.859768390655518","-4.859768390655518","-4.859768390655518"
"132120576","1011","1011","1011","-4.760822296142578","-4.760822296142578","-4.760822296142578"
"132644864","1015","1015","1015","-4.416811943054199","-4.416811943054199","-4.416811943054199"
"133169152","1019","1019","1019","-4.4574737548828125","-4.4574737548828125","-4.4574737548828125"
"133693440","1023","1023","1023","-4.949069499969482","-4.949069499969482","-4.949069499969482"
"134217728","1027","1027","1027","-4.662948131561279","-4.662948131561279","-4.662948131561279"
"134742016","1031","1031","1031","-4.573500156402588","-4.573500156402588","-4.573500156402588"
"135266304","1035","1035","1035","-5.369050025939941","-5.369050025939941","-5.369050025939941"
"135790592","1039","1039","1039","-4.1193461418151855","-4.1193461418151855","-4.1193461418151855"
"136314880","1043","1043","1043","-3.9631853103637695","-3.9631853103637695","-3.9631853103637695"
"136839168","1047","1047","1047","-3.997302532196045","-3.997302532196045","-3.997302532196045"
"137363456","1051","1051","1051","-3.912998914718628","-3.912998914718628","-3.912998914718628"
"137887744","1055","1055","1055","-4.737585544586182","-4.737585544586182","-4.737585544586182"
"138412032","1059","1059","1059","-3.679762840270996","-3.679762840270996","-3.679762840270996"
"138936320","1063","1063","1063","-4.3091840744018555","-4.3091840744018555","-4.3091840744018555"
"139460608","1067","1067","1067","-3.6116316318511963","-3.6116316318511963","-3.6116316318511963"
"139984896","1071","1071","1071","-4.849607467651367","-4.849607467651367","-4.849607467651367"
"140509184","1075","1075","1075","-4.503736972808838","-4.503736972808838","-4.503736972808838"
"141033472","1079","1079","1079","-5.197135925292969","-5.197135925292969","-5.197135925292969"
"141557760","1083","1083","1083","-4.308148384094238","-4.308148384094238","-4.308148384094238"
"142082048","1087","1087","1087","-4.151874542236328","-4.151874542236328","-4.151874542236328"
"142606336","1091","1091","1091","-4.839818477630615","-4.839818477630615","-4.839818477630615"
"143130624","1095","1095","1095","-4.645565509796143","-4.645565509796143","-4.645565509796143"
"143654912","1099","1099","1099","-3.810669183731079","-3.810669183731079","-3.810669183731079"
"144179200","1103","1103","1103","-4.071512222290039","-4.071512222290039","-4.071512222290039"
"144703488","1107","1107","1107","-4.071194171905518","-4.071194171905518","-4.071194171905518"
"145227776","1111","1111","1111","-4.233304500579834","-4.233304500579834","-4.233304500579834"
"145752064","1115","1115","1115","-4.5623626708984375","-4.5623626708984375","-4.5623626708984375"
"146276352","1119","1119","1119","-4.085054874420166","-4.085054874420166","-4.085054874420166"
"146800640","1123","1123","1123","-4.191879749298096","-4.191879749298096","-4.191879749298096"
"147324928","1127","1127","1127","-3.693333625793457","-3.693333625793457","-3.693333625793457"
"147849216","1131","1131","1131","-4.1124114990234375","-4.1124114990234375","-4.1124114990234375"
"148373504","1135","1135","1135","-4.413700580596924","-4.413700580596924","-4.413700580596924"
"148897792","1139","1139","1139","-3.699716806411743","-3.699716806411743","-3.699716806411743"
"149422080","1143","1143","1143","-3.739741802215576","-3.739741802215576","-3.739741802215576"
"149946368","1147","1147","1147","-3.3868932723999023","-3.3868932723999023","-3.3868932723999023"
"150470656","1151","1151","1151","-3.6126012802124023","-3.6126012802124023","-3.6126012802124023"
"150994944","1155","1155","1155","-3.460085868835449","-3.460085868835449","-3.460085868835449"
"151519232","1159","1159","1159","-4.275721073150635","-4.275721073150635","-4.275721073150635"
"152043520","1163","1163","1163","-3.4735476970672607","-3.4735476970672607","-3.4735476970672607"
"152567808","1167","1167","1167","-4.07192850112915","-4.07192850112915","-4.07192850112915"
"153092096","1171","1171","1171","-4.2152018547058105","-4.2152018547058105","-4.2152018547058105"
"153616384","1175","1175","1175","-4.414291858673096","-4.414291858673096","-4.414291858673096"
"154140672","1179","1179","1179","-3.94621205329895","-3.94621205329895","-3.94621205329895"
"154664960","1183","1183","1183","-3.7558226585388184","-3.7558226585388184","-3.7558226585388184"
"155189248","1187","1187","1187","-3.9257278442382812","-3.9257278442382812","-3.9257278442382812"
"155713536","1191","1191","1191","-4.250458240509033","-4.250458240509033","-4.250458240509033"
"156237824","1195","1195","1195","-3.6897246837615967","-3.6897246837615967","-3.6897246837615967"
"156762112","1199","1199","1199","-3.3784236907958984","-3.3784236907958984","-3.3784236907958984"
"157286400","1203","1203","1203","-3.827176332473755","-3.827176332473755","-3.827176332473755"
"157810688","1207","1207","1207","-3.9589550495147705","-3.9589550495147705","-3.9589550495147705"
"158334976","1211","1211","1211","-4.077770709991455","-4.077770709991455","-4.077770709991455"
"158859264","1215","1215","1215","-3.637303352355957","-3.637303352355957","-3.637303352355957"
"159383552","1219","1219","1219","-3.7946150302886963","-3.7946150302886963","-3.7946150302886963"
"159907840","1223","1223","1223","-3.1853103637695312","-3.1853103637695312","-3.1853103637695312"
"160432128","1227","1227","1227","-3.830914258956909","-3.830914258956909","-3.830914258956909"
"160956416","1231","1231","1231","-3.2758991718292236","-3.2758991718292236","-3.2758991718292236"
"161480704","1235","1235","1235","-3.834038257598877","-3.834038257598877","-3.834038257598877"
"162004992","1239","1239","1239","-2.742605209350586","-2.742605209350586","-2.742605209350586"
"162529280","1243","1243","1243","-3.7334768772125244","-3.7334768772125244","-3.7334768772125244"
"163053568","1247","1247","1247","-3.662966251373291","-3.662966251373291","-3.662966251373291"
"163577856","1251","1251","1251","-3.318852424621582","-3.318852424621582","-3.318852424621582"
"164102144","1255","1255","1255","-3.4500834941864014","-3.4500834941864014","-3.4500834941864014"
"164626432","1259","1259","1259","-3.497697353363037","-3.497697353363037","-3.497697353363037"
"165150720","1263","1263","1263","-3.43571138381958","-3.43571138381958","-3.43571138381958"
"165675008","1267","1267","1267","-3.4102675914764404","-3.4102675914764404","-3.4102675914764404"
"166199296","1271","1271","1271","-3.313722848892212","-3.313722848892212","-3.313722848892212"
"166723584","1275","1275","1275","-3.4593935012817383","-3.4593935012817383","-3.4593935012817383"
"167247872","1279","1279","1279","-3.274519920349121","-3.274519920349121","-3.274519920349121"
"167772160","1283","1283","1283","-3.128680944442749","-3.128680944442749","-3.128680944442749"
"168296448","1287","1287","1287","-3.5066893100738525","-3.5066893100738525","-3.5066893100738525"
"168820736","1291","1291","1291","-3.219996213912964","-3.219996213912964","-3.219996213912964"
"169345024","1295","1295","1295","-4.629025936126709","-4.629025936126709","-4.629025936126709"
"169869312","1299","1299","1299","-3.2230052947998047","-3.2230052947998047","-3.2230052947998047"
"170393600","1303","1303","1303","-3.2781126499176025","-3.2781126499176025","-3.2781126499176025"
"170917888","1307","1307","1307","-3.660203218460083","-3.660203218460083","-3.660203218460083"
"171442176","1311","1311","1311","-3.096933126449585","-3.096933126449585","-3.096933126449585"
"171966464","1315","1315","1315","-3.0776641368865967","-3.0776641368865967","-3.0776641368865967"
"172490752","1319","1319","1319","-2.957444906234741","-2.957444906234741","-2.957444906234741"
"173015040","1323","1323","1323","-3.030050277709961","-3.030050277709961","-3.030050277709961"
"173539328","1327","1327","1327","-3.251584768295288","-3.251584768295288","-3.251584768295288"
"174063616","1331","1331","1331","-3.6122243404388428","-3.6122243404388428","-3.6122243404388428"
"174587904","1335","1335","1335","-3.3043923377990723","-3.3043923377990723","-3.3043923377990723"
"175112192","1339","1339","1339","-2.9093518257141113","-2.9093518257141113","-2.9093518257141113"
"175636480","1343","1343","1343","-3.2345874309539795","-3.2345874309539795","-3.2345874309539795"
"176160768","1347","1347","1347","-3.1456313133239746","-3.1456313133239746","-3.1456313133239746"
"176685056","1351","1351","1351","-3.03552508354187","-3.03552508354187","-3.03552508354187"
"177209344","1355","1355","1355","-3.5365734100341797","-3.5365734100341797","-3.5365734100341797"
"177733632","1359","1359","1359","-3.475559711456299","-3.475559711456299","-3.475559711456299"
"178257920","1363","1363","1363","-3.0250768661499023","-3.0250768661499023","-3.0250768661499023"
"178782208","1367","1367","1367","-2.73549485206604","-2.73549485206604","-2.73549485206604"
"179306496","1371","1371","1371","-3.0916926860809326","-3.0916926860809326","-3.0916926860809326"
"179830784","1375","1375","1375","-3.10208797454834","-3.10208797454834","-3.10208797454834"
"180355072","1379","1379","1379","-3.5820388793945312","-3.5820388793945312","-3.5820388793945312"
"180879360","1383","1383","1383","-2.864271879196167","-2.864271879196167","-2.864271879196167"
"181403648","1387","1387","1387","-2.9180994033813477","-2.9180994033813477","-2.9180994033813477"
"181927936","1391","1391","1391","-2.93255615234375","-2.93255615234375","-2.93255615234375"
"182452224","1395","1395","1395","-3.5976998805999756","-3.5976998805999756","-3.5976998805999756"
"182976512","1399","1399","1399","-3.6290600299835205","-3.6290600299835205","-3.6290600299835205"
"183500800","1403","1403","1403","-2.6249444484710693","-2.6249444484710693","-2.6249444484710693"
"184025088","1407","1407","1407","-2.6709322929382324","-2.6709322929382324","-2.6709322929382324"
"184549376","1411","1411","1411","-2.7676260471343994","-2.7676260471343994","-2.7676260471343994"
"185073664","1415","1415","1415","-2.9194090366363525","-2.9194090366363525","-2.9194090366363525"
"185597952","1419","1419","1419","-2.863804578781128","-2.863804578781128","-2.863804578781128"
"186122240","1423","1423","1423","-3.2217466831207275","-3.2217466831207275","-3.2217466831207275"
"186646528","1427","1427","1427","-3.1422080993652344","-3.1422080993652344","-3.1422080993652344"
"187170816","1431","1431","1431","-2.36582350730896","-2.36582350730896","-2.36582350730896"
"187695104","1435","1435","1435","-3.035529136657715","-3.035529136657715","-3.035529136657715"
"188219392","1439","1439","1439","-2.511152505874634","-2.511152505874634","-2.511152505874634"
"188743680","1443","1443","1443","-2.690591335296631","-2.690591335296631","-2.690591335296631"
"189267968","1447","1447","1447","-2.246840715408325","-2.246840715408325","-2.246840715408325"
"189792256","1451","1451","1451","-2.522975444793701","-2.522975444793701","-2.522975444793701"
"190316544","1455","1455","1455","-2.9578917026519775","-2.9578917026519775","-2.9578917026519775"
"190840832","1459","1459","1459","-3.0048668384552","-3.0048668384552","-3.0048668384552"
"191365120","1463","1463","1463","-3.027970552444458","-3.027970552444458","-3.027970552444458"
"191889408","1467","1467","1467","-2.6962411403656006","-2.6962411403656006","-2.6962411403656006"
"192413696","1471","1471","1471","-2.9335713386535645","-2.9335713386535645","-2.9335713386535645"
"192937984","1475","1475","1475","-2.747267007827759","-2.747267007827759","-2.747267007827759"
"193462272","1479","1479","1479","-2.837118148803711","-2.837118148803711","-2.837118148803711"
"193986560","1483","1483","1483","-2.8812170028686523","-2.8812170028686523","-2.8812170028686523"
"194510848","1487","1487","1487","-2.608224630355835","-2.608224630355835","-2.608224630355835"
"195035136","1491","1491","1491","-2.9960453510284424","-2.9960453510284424","-2.9960453510284424"
"195559424","1495","1495","1495","-2.7481448650360107","-2.7481448650360107","-2.7481448650360107"
"196083712","1499","1499","1499","-2.608081102371216","-2.608081102371216","-2.608081102371216"
"196608000","1503","1503","1503","-3.2662229537963867","-3.2662229537963867","-3.2662229537963867"
"197132288","1507","1507","1507","-2.1700029373168945","-2.1700029373168945","-2.1700029373168945"
"197656576","1511","1511","1511","-2.524550676345825","-2.524550676345825","-2.524550676345825"
"198180864","1515","1515","1515","-2.8329570293426514","-2.8329570293426514","-2.8329570293426514"
"198705152","1519","1519","1519","-2.625319480895996","-2.625319480895996","-2.625319480895996"
"199229440","1523","1523","1523","-2.8155736923217773","-2.8155736923217773","-2.8155736923217773"
"199753728","1527","1527","1527","-2.9392223358154297","-2.9392223358154297","-2.9392223358154297"
"200278016","1531","1531","1531","-3.389347553253174","-3.389347553253174","-3.389347553253174"
"200802304","1535","1535","1535","-2.8235232830047607","-2.8235232830047607","-2.8235232830047607"
"201326592","1539","1539","1539","-2.505545139312744","-2.505545139312744","-2.505545139312744"
"201850880","1543","1543","1543","-3.122750997543335","-3.122750997543335","-3.122750997543335"
"202375168","1547","1547","1547","-2.833400249481201","-2.833400249481201","-2.833400249481201"
"202899456","1551","1551","1551","-2.896549940109253","-2.896549940109253","-2.896549940109253"
"203423744","1555","1555","1555","-2.6987242698669434","-2.6987242698669434","-2.6987242698669434"
"203948032","1559","1559","1559","-2.536729574203491","-2.536729574203491","-2.536729574203491"
"204472320","1563","1563","1563","-2.5467653274536133","-2.5467653274536133","-2.5467653274536133"
"204996608","1567","1567","1567","-2.738234758377075","-2.738234758377075","-2.738234758377075"
"205520896","1571","1571","1571","-2.736041784286499","-2.736041784286499","-2.736041784286499"
"206045184","1575","1575","1575","-3.5070900917053223","-3.5070900917053223","-3.5070900917053223"
"206569472","1579","1579","1579","-2.565253734588623","-2.565253734588623","-2.565253734588623"
"207093760","1583","1583","1583","-2.790025472640991","-2.790025472640991","-2.790025472640991"
"207618048","1587","1587","1587","-2.9046483039855957","-2.9046483039855957","-2.9046483039855957"
"208142336","1591","1591","1591","-2.9266693592071533","-2.9266693592071533","-2.9266693592071533"
"208666624","1595","1595","1595","-2.3068675994873047","-2.3068675994873047","-2.3068675994873047"
"209190912","1599","1599","1599","-2.4411113262176514","-2.4411113262176514","-2.4411113262176514"
"209715200","1603","1603","1603","-2.8383495807647705","-2.8383495807647705","-2.8383495807647705"
"210239488","1607","1607","1607","-2.3070993423461914","-2.3070993423461914","-2.3070993423461914"
"210763776","1611","1611","1611","-2.8990893363952637","-2.8990893363952637","-2.8990893363952637"
"211288064","1615","1615","1615","-2.6015124320983887","-2.6015124320983887","-2.6015124320983887"
"211812352","1619","1619","1619","-2.902919292449951","-2.902919292449951","-2.902919292449951"
"212336640","1623","1623","1623","-2.513861894607544","-2.513861894607544","-2.513861894607544"
"212860928","1627","1627","1627","-2.6078827381134033","-2.6078827381134033","-2.6078827381134033"
"213385216","1631","1631","1631","-2.8052303791046143","-2.8052303791046143","-2.8052303791046143"
"213909504","1635","1635","1635","-3.3120720386505127","-3.3120720386505127","-3.3120720386505127"
"214433792","1639","1639","1639","-2.4862658977508545","-2.4862658977508545","-2.4862658977508545"
"214958080","1643","1643","1643","-3.1477694511413574","-3.1477694511413574","-3.1477694511413574"
"215482368","1647","1647","1647","-2.8232970237731934","-2.8232970237731934","-2.8232970237731934"
"216006656","1651","1651","1651","-2.2529447078704834","-2.2529447078704834","-2.2529447078704834"
"216530944","1655","1655","1655","-2.333036422729492","-2.333036422729492","-2.333036422729492"
"217055232","1659","1659","1659","-2.3384835720062256","-2.3384835720062256","-2.3384835720062256"
"217579520","1663","1663","1663","-2.872983694076538","-2.872983694076538","-2.872983694076538"
"218103808","1667","1667","1667","-2.197305679321289","-2.197305679321289","-2.197305679321289"
"218628096","1671","1671","1671","-2.2381744384765625","-2.2381744384765625","-2.2381744384765625"
"219152384","1675","1675","1675","-2.8054535388946533","-2.8054535388946533","-2.8054535388946533"
"219676672","1679","1679","1679","-1.8960516452789307","-1.8960516452789307","-1.8960516452789307"
"220200960","1683","1683","1683","-3.0544116497039795","-3.0544116497039795","-3.0544116497039795"
"220725248","1687","1687","1687","-2.399108648300171","-2.399108648300171","-2.399108648300171"
"221249536","1691","1691","1691","-2.962157726287842","-2.962157726287842","-2.962157726287842"
"221773824","1695","1695","1695","-2.4714291095733643","-2.4714291095733643","-2.4714291095733643"
"222298112","1699","1699","1699","-2.3885676860809326","-2.3885676860809326","-2.3885676860809326"
"222822400","1703","1703","1703","-2.4897890090942383","-2.4897890090942383","-2.4897890090942383"
"223346688","1707","1707","1707","-2.682389974594116","-2.682389974594116","-2.682389974594116"
"223870976","1711","1711","1711","-2.8346352577209473","-2.8346352577209473","-2.8346352577209473"
"224395264","1715","1715","1715","-2.2260982990264893","-2.2260982990264893","-2.2260982990264893"
"224919552","1719","1719","1719","-2.540605306625366","-2.540605306625366","-2.540605306625366"
"225443840","1723","1723","1723","-2.011984348297119","-2.011984348297119","-2.011984348297119"
"225968128","1727","1727","1727","-2.579435348510742","-2.579435348510742","-2.579435348510742"
"226492416","1731","1731","1731","-2.5755908489227295","-2.5755908489227295","-2.5755908489227295"
"227016704","1735","1735","1735","-1.7879178524017334","-1.7879178524017334","-1.7879178524017334"
"227540992","1739","1739","1739","-1.9506233930587769","-1.9506233930587769","-1.9506233930587769"
"228065280","1743","1743","1743","-2.5389201641082764","-2.5389201641082764","-2.5389201641082764"
"228589568","1747","1747","1747","-1.961617350578308","-1.961617350578308","-1.961617350578308"
"229113856","1751","1751","1751","-2.4634454250335693","-2.4634454250335693","-2.4634454250335693"
"229638144","1755","1755","1755","-2.4047958850860596","-2.4047958850860596","-2.4047958850860596"
"230162432","1759","1759","1759","-2.6637914180755615","-2.6637914180755615","-2.6637914180755615"
"230686720","1763","1763","1763","-1.8777766227722168","-1.8777766227722168","-1.8777766227722168"
"231211008","1767","1767","1767","-2.5853545665740967","-2.5853545665740967","-2.5853545665740967"
"231735296","1771","1771","1771","-2.181727409362793","-2.181727409362793","-2.181727409362793"
"232259584","1775","1775","1775","-2.696587562561035","-2.696587562561035","-2.696587562561035"
"232783872","1779","1779","1779","-2.007917642593384","-2.007917642593384","-2.007917642593384"
"233308160","1783","1783","1783","-2.277733325958252","-2.277733325958252","-2.277733325958252"
"233832448","1787","1787","1787","-2.29819655418396","-2.29819655418396","-2.29819655418396"
"234356736","1791","1791","1791","-2.969128370285034","-2.969128370285034","-2.969128370285034"
"234881024","1795","1795","1795","-2.569277286529541","-2.569277286529541","-2.569277286529541"
"235405312","1799","1799","1799","-2.3831446170806885","-2.3831446170806885","-2.3831446170806885"
"235929600","1803","1803","1803","-1.739413857460022","-1.739413857460022","-1.739413857460022"
"236453888","1807","1807","1807","-2.312481164932251","-2.312481164932251","-2.312481164932251"
"236978176","1811","1811","1811","-1.8972141742706299","-1.8972141742706299","-1.8972141742706299"
"237502464","1815","1815","1815","-2.880523681640625","-2.880523681640625","-2.880523681640625"
"238026752","1819","1819","1819","-1.922176480293274","-1.922176480293274","-1.922176480293274"
"238551040","1823","1823","1823","-2.1395108699798584","-2.1395108699798584","-2.1395108699798584"
"239075328","1827","1827","1827","-2.31270170211792","-2.31270170211792","-2.31270170211792"
"239599616","1831","1831","1831","-2.3543684482574463","-2.3543684482574463","-2.3543684482574463"
"240123904","1835","1835","1835","-2.1783363819122314","-2.1783363819122314","-2.1783363819122314"
"240648192","1839","1839","1839","-1.7098784446716309","-1.7098784446716309","-1.7098784446716309"
"241172480","1843","1843","1843","-1.9282327890396118","-1.9282327890396118","-1.9282327890396118"
"241696768","1847","1847","1847","-1.9707638025283813","-1.9707638025283813","-1.9707638025283813"
"242221056","1851","1851","1851","-2.256343126296997","-2.256343126296997","-2.256343126296997"
"242745344","1855","1855","1855","-2.229785203933716","-2.229785203933716","-2.229785203933716"
"243269632","1859","1859","1859","-1.811026930809021","-1.811026930809021","-1.811026930809021"
"243793920","1863","1863","1863","-1.8102340698242188","-1.8102340698242188","-1.8102340698242188"
"244318208","1867","1867","1867","-1.806150197982788","-1.806150197982788","-1.806150197982788"
"244842496","1871","1871","1871","-1.9887566566467285","-1.9887566566467285","-1.9887566566467285"
"245366784","1875","1875","1875","-1.7933599948883057","-1.7933599948883057","-1.7933599948883057"
"245891072","1879","1879","1879","-1.830987811088562","-1.830987811088562","-1.830987811088562"
"246415360","1883","1883","1883","-1.8169021606445312","-1.8169021606445312","-1.8169021606445312"
"246939648","1887","1887","1887","-1.9817698001861572","-1.9817698001861572","-1.9817698001861572"
"247463936","1891","1891","1891","-1.8897666931152344","-1.8897666931152344","-1.8897666931152344"
"247988224","1895","1895","1895","-2.211599588394165","-2.211599588394165","-2.211599588394165"
"248512512","1899","1899","1899","-1.9018052816390991","-1.9018052816390991","-1.9018052816390991"
"249036800","1903","1903","1903","-2.0883777141571045","-2.0883777141571045","-2.0883777141571045"
"249561088","1907","1907","1907","-2.1936542987823486","-2.1936542987823486","-2.1936542987823486"
"250085376","1911","1911","1911","-1.3059237003326416","-1.3059237003326416","-1.3059237003326416"
"250609664","1915","1915","1915","-1.900916576385498","-1.900916576385498","-1.900916576385498"
"251133952","1919","1919","1919","-2.049431324005127","-2.049431324005127","-2.049431324005127"
"251658240","1923","1923","1923","-1.8988022804260254","-1.8988022804260254","-1.8988022804260254"
"252182528","1927","1927","1927","-2.267333984375","-2.267333984375","-2.267333984375"
"252706816","1931","1931","1931","-2.129584550857544","-2.129584550857544","-2.129584550857544"
"253231104","1935","1935","1935","-2.064103126525879","-2.064103126525879","-2.064103126525879"
"253755392","1939","1939","1939","-2.2898824214935303","-2.2898824214935303","-2.2898824214935303"
"254279680","1943","1943","1943","-2.62958025932312","-2.62958025932312","-2.62958025932312"
"254803968","1947","1947","1947","-1.84613835811615","-1.84613835811615","-1.84613835811615"
"255328256","1951","1951","1951","-2.2546820640563965","-2.2546820640563965","-2.2546820640563965"
"255852544","1955","1955","1955","-2.2018301486968994","-2.2018301486968994","-2.2018301486968994"
"256376832","1959","1959","1959","-1.7200255393981934","-1.7200255393981934","-1.7200255393981934"
"256901120","1963","1963","1963","-1.933887004852295","-1.933887004852295","-1.933887004852295"
"257425408","1967","1967","1967","-1.4853700399398804","-1.4853700399398804","-1.4853700399398804"
"257949696","1971","1971","1971","-1.4241224527359009","-1.4241224527359009","-1.4241224527359009"
"258473984","1975","1975","1975","-2.0002853870391846","-2.0002853870391846","-2.0002853870391846"
"258998272","1979","1979","1979","-1.8828716278076172","-1.8828716278076172","-1.8828716278076172"
"259522560","1983","1983","1983","-2.621931314468384","-2.621931314468384","-2.621931314468384"
"260046848","1987","1987","1987","-1.2470252513885498","-1.2470252513885498","-1.2470252513885498"
"260571136","1991","1991","1991","-2.1243481636047363","-2.1243481636047363","-2.1243481636047363"
"261095424","1995","1995","1995","-1.6206262111663818","-1.6206262111663818","-1.6206262111663818"
"261619712","1999","1999","1999","-2.206028461456299","-2.206028461456299","-2.206028461456299"
"262144000","2003","2003","2003","-2.112086534500122","-2.112086534500122","-2.112086534500122"
"262668288","2007","2007","2007","-1.5937137603759766","-1.5937137603759766","-1.5937137603759766"
"263192576","2011","2011","2011","-1.653401255607605","-1.653401255607605","-1.653401255607605"
"263716864","2015","2015","2015","-1.4156571626663208","-1.4156571626663208","-1.4156571626663208"
"264241152","2019","2019","2019","-2.2511959075927734","-2.2511959075927734","-2.2511959075927734"
"264765440","2023","2023","2023","-1.7678157091140747","-1.7678157091140747","-1.7678157091140747"
"265289728","2027","2027","2027","-2.3137197494506836","-2.3137197494506836","-2.3137197494506836"
"265814016","2031","2031","2031","-1.9440674781799316","-1.9440674781799316","-1.9440674781799316"
"266338304","2035","2035","2035","-1.6984143257141113","-1.6984143257141113","-1.6984143257141113"
"266862592","2039","2039","2039","-1.908078908920288","-1.908078908920288","-1.908078908920288"
"267386880","2043","2043","2043","-1.9309390783309937","-1.9309390783309937","-1.9309390783309937"
"267911168","2047","2047","2047","-2.2280831336975098","-2.2280831336975098","-2.2280831336975098"
"268435456","2051","2051","2051","-2.4018213748931885","-2.4018213748931885","-2.4018213748931885"
"268959744","2055","2055","2055","-1.8025453090667725","-1.8025453090667725","-1.8025453090667725"
"269484032","2059","2059","2059","-2.2960736751556396","-2.2960736751556396","-2.2960736751556396"
"270008320","2063","2063","2063","-2.1044201850891113","-2.1044201850891113","-2.1044201850891113"
"270532608","2067","2067","2067","-1.875675916671753","-1.875675916671753","-1.875675916671753"
"271056896","2071","2071","2071","-1.8218345642089844","-1.8218345642089844","-1.8218345642089844"
"271581184","2075","2075","2075","-2.127577066421509","-2.127577066421509","-2.127577066421509"
"272105472","2079","2079","2079","-1.8709853887557983","-1.8709853887557983","-1.8709853887557983"
"272629760","2083","2083","2083","-1.4572187662124634","-1.4572187662124634","-1.4572187662124634"
"273154048","2087","2087","2087","-2.292581796646118","-2.292581796646118","-2.292581796646118"
"273678336","2091","2091","2091","-2.269587278366089","-2.269587278366089","-2.269587278366089"
"274202624","2095","2095","2095","-2.7251007556915283","-2.7251007556915283","-2.7251007556915283"
"274726912","2099","2099","2099","-1.8018832206726074","-1.8018832206726074","-1.8018832206726074"
"275251200","2103","2103","2103","-1.8979216814041138","-1.8979216814041138","-1.8979216814041138"
"275775488","2107","2107","2107","-1.5857499837875366","-1.5857499837875366","-1.5857499837875366"
"276299776","2111","2111","2111","-1.6718369722366333","-1.6718369722366333","-1.6718369722366333"
"276824064","2115","2115","2115","-1.9474549293518066","-1.9474549293518066","-1.9474549293518066"
"277348352","2119","2119","2119","-1.8192846775054932","-1.8192846775054932","-1.8192846775054932"
"277872640","2123","2123","2123","-1.6788859367370605","-1.6788859367370605","-1.6788859367370605"
"278396928","2127","2127","2127","-2.623866558074951","-2.623866558074951","-2.623866558074951"
"278921216","2131","2131","2131","-1.6428301334381104","-1.6428301334381104","-1.6428301334381104"
"279445504","2135","2135","2135","-1.9947755336761475","-1.9947755336761475","-1.9947755336761475"
"279969792","2139","2139","2139","-2.254659414291382","-2.254659414291382","-2.254659414291382"
"280494080","2143","2143","2143","-2.1928505897521973","-2.1928505897521973","-2.1928505897521973"
"281018368","2147","2147","2147","-1.6465532779693604","-1.6465532779693604","-1.6465532779693604"
"281542656","2151","2151","2151","-1.6166138648986816","-1.6166138648986816","-1.6166138648986816"
"282066944","2155","2155","2155","-1.7017087936401367","-1.7017087936401367","-1.7017087936401367"
"282591232","2159","2159","2159","-1.723292350769043","-1.723292350769043","-1.723292350769043"
"283115520","2163","2163","2163","-1.4567086696624756","-1.4567086696624756","-1.4567086696624756"
"283639808","2167","2167","2167","-1.6974730491638184","-1.6974730491638184","-1.6974730491638184"
"284164096","2171","2171","2171","-1.805816411972046","-1.805816411972046","-1.805816411972046"
"284688384","2175","2175","2175","-1.9102282524108887","-1.9102282524108887","-1.9102282524108887"
"285212672","2179","2179","2179","-1.8314902782440186","-1.8314902782440186","-1.8314902782440186"
"285736960","2183","2183","2183","-1.8615663051605225","-1.8615663051605225","-1.8615663051605225"
"286261248","2187","2187","2187","-1.655299186706543","-1.655299186706543","-1.655299186706543"
"286785536","2191","2191","2191","-1.3931719064712524","-1.3931719064712524","-1.3931719064712524"
"287309824","2195","2195","2195","-1.7730190753936768","-1.7730190753936768","-1.7730190753936768"
"287834112","2199","2199","2199","-2.4461276531219482","-2.4461276531219482","-2.4461276531219482"
"288358400","2203","2203","2203","-2.4825289249420166","-2.4825289249420166","-2.4825289249420166"
"288882688","2207","2207","2207","-1.5328373908996582","-1.5328373908996582","-1.5328373908996582"
"289406976","2211","2211","2211","-2.0097596645355225","-2.0097596645355225","-2.0097596645355225"
"289931264","2215","2215","2215","-2.1351964473724365","-2.1351964473724365","-2.1351964473724365"
"290455552","2219","2219","2219","-1.9029595851898193","-1.9029595851898193","-1.9029595851898193"
"290979840","2223","2223","2223","-2.0925116539001465","-2.0925116539001465","-2.0925116539001465"
"291504128","2227","2227","2227","-1.8778700828552246","-1.8778700828552246","-1.8778700828552246"
"292028416","2231","2231","2231","-2.2516236305236816","-2.2516236305236816","-2.2516236305236816"
"292552704","2235","2235","2235","-1.3232342004776","-1.3232342004776","-1.3232342004776"
"293076992","2239","2239","2239","-1.9698821306228638","-1.9698821306228638","-1.9698821306228638"
"293601280","2243","2243","2243","-1.7353850603103638","-1.7353850603103638","-1.7353850603103638"
"294125568","2247","2247","2247","-1.6838120222091675","-1.6838120222091675","-1.6838120222091675"
"294649856","2251","2251","2251","-1.4314472675323486","-1.4314472675323486","-1.4314472675323486"
"295174144","2255","2255","2255","-1.3665493726730347","-1.3665493726730347","-1.3665493726730347"
"295698432","2259","2259","2259","-2.0312411785125732","-2.0312411785125732","-2.0312411785125732"
"296222720","2263","2263","2263","-1.6631543636322021","-1.6631543636322021","-1.6631543636322021"
"296747008","2267","2267","2267","-1.5683043003082275","-1.5683043003082275","-1.5683043003082275"
"297271296","2271","2271","2271","-1.8537347316741943","-1.8537347316741943","-1.8537347316741943"
"297795584","2275","2275","2275","-1.6683205366134644","-1.6683205366134644","-1.6683205366134644"
"298319872","2279","2279","2279","-1.870514154434204","-1.870514154434204","-1.870514154434204"
"298844160","2283","2283","2283","-1.6494011878967285","-1.6494011878967285","-1.6494011878967285"
"299368448","2287","2287","2287","-1.9597285985946655","-1.9597285985946655","-1.9597285985946655"
"299892736","2291","2291","2291","-1.9763096570968628","-1.9763096570968628","-1.9763096570968628"
"300417024","2295","2295","2295","-1.6533976793289185","-1.6533976793289185","-1.6533976793289185"
"300941312","2299","2299","2299","-1.3458967208862305","-1.3458967208862305","-1.3458967208862305"
"301465600","2303","2303","2303","-1.8462469577789307","-1.8462469577789307","-1.8462469577789307"
"301989888","2307","2307","2307","-1.918578028678894","-1.918578028678894","-1.918578028678894"
"302514176","2311","2311","2311","-1.5269927978515625","-1.5269927978515625","-1.5269927978515625"
"303038464","2315","2315","2315","-1.4597034454345703","-1.4597034454345703","-1.4597034454345703"
"303562752","2319","2319","2319","-1.919063925743103","-1.919063925743103","-1.919063925743103"
"304087040","2323","2323","2323","-1.6155897378921509","-1.6155897378921509","-1.6155897378921509"
"304611328","2327","2327","2327","-1.8614275455474854","-1.8614275455474854","-1.8614275455474854"
"305135616","2331","2331","2331","-1.586240530014038","-1.586240530014038","-1.586240530014038"
"305659904","2335","2335","2335","-1.2528311014175415","-1.2528311014175415","-1.2528311014175415"
"306184192","2339","2339","2339","-1.8528761863708496","-1.8528761863708496","-1.8528761863708496"
"306708480","2343","2343","2343","-1.7576329708099365","-1.7576329708099365","-1.7576329708099365"
"307232768","2347","2347","2347","-1.9346914291381836","-1.9346914291381836","-1.9346914291381836"
"307757056","2351","2351","2351","-2.06091570854187","-2.06091570854187","-2.06091570854187"
"308281344","2355","2355","2355","-1.8656001091003418","-1.8656001091003418","-1.8656001091003418"
"308805632","2359","2359","2359","-1.2922592163085938","-1.2922592163085938","-1.2922592163085938"
"309329920","2363","2363","2363","-1.8237887620925903","-1.8237887620925903","-1.8237887620925903"
"309854208","2367","2367","2367","-2.0107715129852295","-2.0107715129852295","-2.0107715129852295"
"310378496","2371","2371","2371","-1.8054298162460327","-1.8054298162460327","-1.8054298162460327"
"310902784","2375","2375","2375","-1.6298246383666992","-1.6298246383666992","-1.6298246383666992"
"311427072","2379","2379","2379","-1.4738497734069824","-1.4738497734069824","-1.4738497734069824"
"311951360","2383","2383","2383","-1.46359384059906","-1.46359384059906","-1.46359384059906"
"312475648","2387","2387","2387","-1.3203896284103394","-1.3203896284103394","-1.3203896284103394"
"312999936","2391","2391","2391","-1.4139572381973267","-1.4139572381973267","-1.4139572381973267"
"313524224","2395","2395","2395","-1.5697284936904907","-1.5697284936904907","-1.5697284936904907"
"314048512","2399","2399","2399","-1.949922800064087","-1.949922800064087","-1.949922800064087"
"314572800","2403","2403","2403","-1.509547233581543","-1.509547233581543","-1.509547233581543"
"315097088","2407","2407","2407","-1.3361403942108154","-1.3361403942108154","-1.3361403942108154"
"315621376","2411","2411","2411","-1.3232018947601318","-1.3232018947601318","-1.3232018947601318"
"316145664","2415","2415","2415","-1.2777822017669678","-1.2777822017669678","-1.2777822017669678"
"316669952","2419","2419","2419","-1.3824098110198975","-1.3824098110198975","-1.3824098110198975"
"317194240","2423","2423","2423","-1.8129386901855469","-1.8129386901855469","-1.8129386901855469"
"317718528","2427","2427","2427","-1.5646247863769531","-1.5646247863769531","-1.5646247863769531"
"318242816","2431","2431","2431","-2.3304555416107178","-2.3304555416107178","-2.3304555416107178"
"318767104","2435","2435","2435","-1.9148095846176147","-1.9148095846176147","-1.9148095846176147"
"319291392","2439","2439","2439","-1.386902093887329","-1.386902093887329","-1.386902093887329"
"319815680","2443","2443","2443","-1.6933382749557495","-1.6933382749557495","-1.6933382749557495"
"320339968","2447","2447","2447","-1.4924602508544922","-1.4924602508544922","-1.4924602508544922"
"320864256","2451","2451","2451","-1.484609603881836","-1.484609603881836","-1.484609603881836"
"321388544","2455","2455","2455","-1.6670070886611938","-1.6670070886611938","-1.6670070886611938"
"321912832","2459","2459","2459","-1.3888044357299805","-1.3888044357299805","-1.3888044357299805"
"322437120","2463","2463","2463","-1.2109928131103516","-1.2109928131103516","-1.2109928131103516"
"322961408","2467","2467","2467","-1.6259123086929321","-1.6259123086929321","-1.6259123086929321"
"323485696","2471","2471","2471","-1.7330378293991089","-1.7330378293991089","-1.7330378293991089"
"324009984","2475","2475","2475","-1.8666008710861206","-1.8666008710861206","-1.8666008710861206"
"324534272","2479","2479","2479","-2.0096139907836914","-2.0096139907836914","-2.0096139907836914"
"325058560","2483","2483","2483","-1.882660150527954","-1.882660150527954","-1.882660150527954"
"325582848","2487","2487","2487","-1.6095091104507446","-1.6095091104507446","-1.6095091104507446"
"326107136","2491","2491","2491","-1.4776328802108765","-1.4776328802108765","-1.4776328802108765"
"326631424","2495","2495","2495","-1.3420276641845703","-1.3420276641845703","-1.3420276641845703"
"327155712","2499","2499","2499","-1.2702358961105347","-1.2702358961105347","-1.2702358961105347"
"327680000","2503","2503","2503","-1.736933708190918","-1.736933708190918","-1.736933708190918"
"328204288","2507","2507","2507","-1.7417223453521729","-1.7417223453521729","-1.7417223453521729"
"328728576","2511","2511","2511","-1.9155364036560059","-1.9155364036560059","-1.9155364036560059"
"329252864","2515","2515","2515","-1.3555984497070312","-1.3555984497070312","-1.3555984497070312"
"329777152","2519","2519","2519","-1.8930797576904297","-1.8930797576904297","-1.8930797576904297"
"330301440","2523","2523","2523","-1.5114840269088745","-1.5114840269088745","-1.5114840269088745"
"330825728","2527","2527","2527","-1.8296852111816406","-1.8296852111816406","-1.8296852111816406"
"331350016","2531","2531","2531","-1.5204912424087524","-1.5204912424087524","-1.5204912424087524"
"331874304","2535","2535","2535","-1.5356152057647705","-1.5356152057647705","-1.5356152057647705"
"332398592","2539","2539","2539","-1.351586937904358","-1.351586937904358","-1.351586937904358"
"332922880","2543","2543","2543","-1.4720369577407837","-1.4720369577407837","-1.4720369577407837"
"333447168","2547","2547","2547","-1.5191247463226318","-1.5191247463226318","-1.5191247463226318"
"333971456","2551","2551","2551","-1.47837233543396","-1.47837233543396","-1.47837233543396"
"334495744","2555","2555","2555","-1.707527995109558","-1.707527995109558","-1.707527995109558"
"335020032","2559","2559","2559","-1.388843297958374","-1.388843297958374","-1.388843297958374"
"335544320","2563","2563","2563","-1.5142364501953125","-1.5142364501953125","-1.5142364501953125"
"336068608","2567","2567","2567","-1.6617618799209595","-1.6617618799209595","-1.6617618799209595"
"336592896","2571","2571","2571","-1.394510269165039","-1.394510269165039","-1.394510269165039"
"337117184","2575","2575","2575","-1.6553105115890503","-1.6553105115890503","-1.6553105115890503"
"337641472","2579","2579","2579","-1.8646721839904785","-1.8646721839904785","-1.8646721839904785"
"338165760","2583","2583","2583","-1.5137449502944946","-1.5137449502944946","-1.5137449502944946"
"338690048","2587","2587","2587","-1.544411540031433","-1.544411540031433","-1.544411540031433"
"339214336","2591","2591","2591","-1.898559331893921","-1.898559331893921","-1.898559331893921"
"339738624","2595","2595","2595","-1.3586146831512451","-1.3586146831512451","-1.3586146831512451"
"340262912","2599","2599","2599","-1.6832313537597656","-1.6832313537597656","-1.6832313537597656"
"340787200","2603","2603","2603","-1.631095051765442","-1.631095051765442","-1.631095051765442"
"341311488","2607","2607","2607","-1.2153706550598145","-1.2153706550598145","-1.2153706550598145"
"341835776","2611","2611","2611","-1.5522810220718384","-1.5522810220718384","-1.5522810220718384"
"342360064","2615","2615","2615","-1.8018081188201904","-1.8018081188201904","-1.8018081188201904"
"342884352","2619","2619","2619","-1.2820905447006226","-1.2820905447006226","-1.2820905447006226"
"343408640","2623","2623","2623","-0.9632264971733093","-0.9632264971733093","-0.9632264971733093"
"343932928","2627","2627","2627","-1.1878585815429688","-1.1878585815429688","-1.1878585815429688"
"344457216","2631","2631","2631","-1.4693195819854736","-1.4693195819854736","-1.4693195819854736"
"344981504","2635","2635","2635","-1.528245210647583","-1.528245210647583","-1.528245210647583"
"345505792","2639","2639","2639","-1.654512882232666","-1.654512882232666","-1.654512882232666"
"346030080","2643","2643","2643","-1.6322087049484253","-1.6322087049484253","-1.6322087049484253"
"346554368","2647","2647","2647","-1.5704536437988281","-1.5704536437988281","-1.5704536437988281"
"347078656","2651","2651","2651","-1.7390950918197632","-1.7390950918197632","-1.7390950918197632"
"347602944","2655","2655","2655","-1.4509801864624023","-1.4509801864624023","-1.4509801864624023"
"348127232","2659","2659","2659","-1.3843841552734375","-1.3843841552734375","-1.3843841552734375"
"348651520","2663","2663","2663","-1.8233698606491089","-1.8233698606491089","-1.8233698606491089"
"349175808","2667","2667","2667","-1.3422892093658447","-1.3422892093658447","-1.3422892093658447"
"349700096","2671","2671","2671","-1.3048162460327148","-1.3048162460327148","-1.3048162460327148"
"350224384","2675","2675","2675","-0.7924509048461914","-0.7924509048461914","-0.7924509048461914"
"350748672","2679","2679","2679","-1.2940069437026978","-1.2940069437026978","-1.2940069437026978"
"351272960","2683","2683","2683","-1.5503796339035034","-1.5503796339035034","-1.5503796339035034"
"351797248","2687","2687","2687","-1.6732535362243652","-1.6732535362243652","-1.6732535362243652"
"352321536","2691","2691","2691","-1.1120195388793945","-1.1120195388793945","-1.1120195388793945"
"352845824","2695","2695","2695","-1.9403845071792603","-1.9403845071792603","-1.9403845071792603"
"353370112","2699","2699","2699","-1.6042327880859375","-1.6042327880859375","-1.6042327880859375"
"353894400","2703","2703","2703","-1.3650933504104614","-1.3650933504104614","-1.3650933504104614"
"354418688","2707","2707","2707","-1.1119965314865112","-1.1119965314865112","-1.1119965314865112"
"354942976","2711","2711","2711","-1.0513362884521484","-1.0513362884521484","-1.0513362884521484"
"355467264","2715","2715","2715","-1.851422667503357","-1.851422667503357","-1.851422667503357"
"355991552","2719","2719","2719","-1.115903615951538","-1.115903615951538","-1.115903615951538"
"356515840","2723","2723","2723","-1.3876162767410278","-1.3876162767410278","-1.3876162767410278"
"357040128","2727","2727","2727","-1.5539579391479492","-1.5539579391479492","-1.5539579391479492"
"357564416","2731","2731","2731","-1.6146188974380493","-1.6146188974380493","-1.6146188974380493"
"358088704","2735","2735","2735","-1.5273704528808594","-1.5273704528808594","-1.5273704528808594"
"358612992","2739","2739","2739","-1.4326521158218384","-1.4326521158218384","-1.4326521158218384"
"359137280","2743","2743","2743","-1.5713905096054077","-1.5713905096054077","-1.5713905096054077"
"359661568","2747","2747","2747","-1.279274344444275","-1.279274344444275","-1.279274344444275"
"360185856","2751","2751","2751","-1.5054481029510498","-1.5054481029510498","-1.5054481029510498"
"360710144","2755","2755","2755","-1.5170376300811768","-1.5170376300811768","-1.5170376300811768"
"361234432","2759","2759","2759","-0.8636203408241272","-0.8636203408241272","-0.8636203408241272"
"361758720","2763","2763","2763","-1.5255666971206665","-1.5255666971206665","-1.5255666971206665"
"362283008","2767","2767","2767","-1.7501578330993652","-1.7501578330993652","-1.7501578330993652"
"362807296","2771","2771","2771","-1.4239046573638916","-1.4239046573638916","-1.4239046573638916"
"363331584","2775","2775","2775","-1.6009281873703003","-1.6009281873703003","-1.6009281873703003"
"363855872","2779","2779","2779","-1.4144513607025146","-1.4144513607025146","-1.4144513607025146"
"364380160","2783","2783","2783","-1.4018096923828125","-1.4018096923828125","-1.4018096923828125"
"364904448","2787","2787","2787","-1.25944983959198","-1.25944983959198","-1.25944983959198"
"365428736","2791","2791","2791","-1.6235870122909546","-1.6235870122909546","-1.6235870122909546"
"365953024","2795","2795","2795","-0.8927361369132996","-0.8927361369132996","-0.8927361369132996"
"366477312","2799","2799","2799","-1.2539395093917847","-1.2539395093917847","-1.2539395093917847"
"367001600","2803","2803","2803","-0.6999514102935791","-0.6999514102935791","-0.6999514102935791"
"367525888","2807","2807","2807","-1.3668522834777832","-1.3668522834777832","-1.3668522834777832"
"368050176","2811","2811","2811","-1.3256951570510864","-1.3256951570510864","-1.3256951570510864"
"368574464","2815","2815","2815","-1.6594622135162354","-1.6594622135162354","-1.6594622135162354"
"369098752","2819","2819","2819","-1.173427700996399","-1.173427700996399","-1.173427700996399"
"369623040","2823","2823","2823","-1.0731598138809204","-1.0731598138809204","-1.0731598138809204"
"370147328","2827","2827","2827","-1.1336982250213623","-1.1336982250213623","-1.1336982250213623"
"370671616","2831","2831","2831","-1.2637794017791748","-1.2637794017791748","-1.2637794017791748"
"371195904","2835","2835","2835","-1.794015645980835","-1.794015645980835","-1.794015645980835"
"371720192","2839","2839","2839","-1.243083119392395","-1.243083119392395","-1.243083119392395"
"372244480","2843","2843","2843","-1.1560924053192139","-1.1560924053192139","-1.1560924053192139"
"372768768","2847","2847","2847","-1.0057778358459473","-1.0057778358459473","-1.0057778358459473"
"373293056","2851","2851","2851","-1.244717001914978","-1.244717001914978","-1.244717001914978"
"373817344","2855","2855","2855","-1.3856620788574219","-1.3856620788574219","-1.3856620788574219"
"374341632","2859","2859","2859","-1.124117136001587","-1.124117136001587","-1.124117136001587"
"374865920","2863","2863","2863","-1.2034364938735962","-1.2034364938735962","-1.2034364938735962"
"375390208","2867","2867","2867","-1.378248929977417","-1.378248929977417","-1.378248929977417"
"375914496","2871","2871","2871","-1.327565312385559","-1.327565312385559","-1.327565312385559"
"376438784","2875","2875","2875","-1.7827012538909912","-1.7827012538909912","-1.7827012538909912"
"376963072","2879","2879","2879","-1.497092366218567","-1.497092366218567","-1.497092366218567"
"377487360","2883","2883","2883","-2.1548478603363037","-2.1548478603363037","-2.1548478603363037"
"378011648","2887","2887","2887","-0.9948355555534363","-0.9948355555534363","-0.9948355555534363"
"378535936","2891","2891","2891","-1.5105557441711426","-1.5105557441711426","-1.5105557441711426"
"379060224","2895","2895","2895","-1.107365369796753","-1.107365369796753","-1.107365369796753"
"379584512","2899","2899","2899","-1.2561185359954834","-1.2561185359954834","-1.2561185359954834"
"380108800","2903","2903","2903","-1.094970703125","-1.094970703125","-1.094970703125"
"380633088","2907","2907","2907","-0.9328945875167847","-0.9328945875167847","-0.9328945875167847"
"381157376","2911","2911","2911","-0.9560290575027466","-0.9560290575027466","-0.9560290575027466"
"381681664","2915","2915","2915","-1.537628412246704","-1.537628412246704","-1.537628412246704"
"382205952","2919","2919","2919","-1.389289379119873","-1.389289379119873","-1.389289379119873"
"382730240","2923","2923","2923","-1.1598458290100098","-1.1598458290100098","-1.1598458290100098"
"383254528","2927","2927","2927","-1.4269205331802368","-1.4269205331802368","-1.4269205331802368"
"383778816","2931","2931","2931","-1.6719523668289185","-1.6719523668289185","-1.6719523668289185"
"384303104","2935","2935","2935","-1.6277849674224854","-1.6277849674224854","-1.6277849674224854"
"384827392","2939","2939","2939","-1.1430473327636719","-1.1430473327636719","-1.1430473327636719"
"385351680","2943","2943","2943","-1.699759602546692","-1.699759602546692","-1.699759602546692"
"385875968","2947","2947","2947","-1.3614180088043213","-1.3614180088043213","-1.3614180088043213"
"386400256","2951","2951","2951","-1.096224069595337","-1.096224069595337","-1.096224069595337"
"386924544","2955","2955","2955","-1.1610605716705322","-1.1610605716705322","-1.1610605716705322"
"387448832","2959","2959","2959","-1.3245452642440796","-1.3245452642440796","-1.3245452642440796"
"387973120","2963","2963","2963","-0.9273266196250916","-0.9273266196250916","-0.9273266196250916"
"388497408","2967","2967","2967","-1.1628336906433105","-1.1628336906433105","-1.1628336906433105"
"389021696","2971","2971","2971","-1.1459736824035645","-1.1459736824035645","-1.1459736824035645"
"389545984","2975","2975","2975","-1.5116147994995117","-1.5116147994995117","-1.5116147994995117"
"390070272","2979","2979","2979","-1.3444079160690308","-1.3444079160690308","-1.3444079160690308"
"390594560","2983","2983","2983","-1.3863282203674316","-1.3863282203674316","-1.3863282203674316"
"391118848","2987","2987","2987","-0.8115575909614563","-0.8115575909614563","-0.8115575909614563"
"391643136","2991","2991","2991","-1.1188585758209229","-1.1188585758209229","-1.1188585758209229"
"392167424","2995","2995","2995","-1.2693756818771362","-1.2693756818771362","-1.2693756818771362"
"392691712","2999","2999","2999","-1.2104142904281616","-1.2104142904281616","-1.2104142904281616"
"393216000","3003","3003","3003","-1.3964980840682983","-1.3964980840682983","-1.3964980840682983"
"393740288","3007","3007","3007","-0.9331510066986084","-0.9331510066986084","-0.9331510066986084"
"394264576","3011","3011","3011","-1.4603396654129028","-1.4603396654129028","-1.4603396654129028"
"394788864","3015","3015","3015","-1.1809929609298706","-1.1809929609298706","-1.1809929609298706"
"395313152","3019","3019","3019","-1.2620302438735962","-1.2620302438735962","-1.2620302438735962"
"395837440","3023","3023","3023","-1.337949514389038","-1.337949514389038","-1.337949514389038"
"396361728","3027","3027","3027","-1.0299983024597168","-1.0299983024597168","-1.0299983024597168"
"396886016","3031","3031","3031","-1.1843327283859253","-1.1843327283859253","-1.1843327283859253"
"397410304","3035","3035","3035","-0.9631139039993286","-0.9631139039993286","-0.9631139039993286"
"397934592","3039","3039","3039","-0.8271124958992004","-0.8271124958992004","-0.8271124958992004"
"398458880","3043","3043","3043","-1.2782799005508423","-1.2782799005508423","-1.2782799005508423"
"398983168","3047","3047","3047","-1.352593183517456","-1.352593183517456","-1.352593183517456"
"399507456","3051","3051","3051","-1.261566400527954","-1.261566400527954","-1.261566400527954"
"400031744","3055","3055","3055","-1.732971429824829","-1.732971429824829","-1.732971429824829"
"400556032","3059","3059","3059","-1.1333918571472168","-1.1333918571472168","-1.1333918571472168"
"401080320","3063","3063","3063","-1.4394570589065552","-1.4394570589065552","-1.4394570589065552"
"401604608","3067","3067","3067","-1.3614752292633057","-1.3614752292633057","-1.3614752292633057"
"402128896","3071","3071","3071","-1.540605902671814","-1.540605902671814","-1.540605902671814"
"402653184","3075","3075","3075","-1.5741108655929565","-1.5741108655929565","-1.5741108655929565"
"403177472","3079","3079","3079","-1.1640477180480957","-1.1640477180480957","-1.1640477180480957"
"403701760","3083","3083","3083","-0.9432505369186401","-0.9432505369186401","-0.9432505369186401"
"404226048","3087","3087","3087","-1.1698806285858154","-1.1698806285858154","-1.1698806285858154"
"404750336","3091","3091","3091","-0.8042238354682922","-0.8042238354682922","-0.8042238354682922"
"405274624","3095","3095","3095","-1.2405685186386108","-1.2405685186386108","-1.2405685186386108"
"405798912","3099","3099","3099","-1.4136358499526978","-1.4136358499526978","-1.4136358499526978"
"406323200","3103","3103","3103","-0.7595045566558838","-0.7595045566558838","-0.7595045566558838"
"406847488","3107","3107","3107","-1.4317147731781006","-1.4317147731781006","-1.4317147731781006"
"407371776","3111","3111","3111","-1.2141764163970947","-1.2141764163970947","-1.2141764163970947"
"407896064","3115","3115","3115","-1.2491005659103394","-1.2491005659103394","-1.2491005659103394"
"408420352","3119","3119","3119","-1.271041989326477","-1.271041989326477","-1.271041989326477"
"408944640","3123","3123","3123","-1.1580402851104736","-1.1580402851104736","-1.1580402851104736"
"409468928","3127","3127","3127","-1.3003530502319336","-1.3003530502319336","-1.3003530502319336"
"409993216","3131","3131","3131","-1.7364797592163086","-1.7364797592163086","-1.7364797592163086"
"410517504","3135","3135","3135","-1.2766720056533813","-1.2766720056533813","-1.2766720056533813"
"411041792","3139","3139","3139","-1.1059026718139648","-1.1059026718139648","-1.1059026718139648"
"411566080","3143","3143","3143","-0.9961519241333008","-0.9961519241333008","-0.9961519241333008"
"412090368","3147","3147","3147","-0.8457922339439392","-0.8457922339439392","-0.8457922339439392"
"412614656","3151","3151","3151","-0.972497820854187","-0.972497820854187","-0.972497820854187"
"413138944","3155","3155","3155","-1.6386001110076904","-1.6386001110076904","-1.6386001110076904"
"413663232","3159","3159","3159","-0.9897832870483398","-0.9897832870483398","-0.9897832870483398"
"414187520","3163","3163","3163","-1.5183546543121338","-1.5183546543121338","-1.5183546543121338"
"414711808","3167","3167","3167","-1.528063178062439","-1.528063178062439","-1.528063178062439"
"415236096","3171","3171","3171","-1.180206298828125","-1.180206298828125","-1.180206298828125"
"415760384","3175","3175","3175","-0.9491130113601685","-0.9491130113601685","-0.9491130113601685"
"416284672","3179","3179","3179","-1.3935085535049438","-1.3935085535049438","-1.3935085535049438"
"416808960","3183","3183","3183","-1.3898414373397827","-1.3898414373397827","-1.3898414373397827"
"417333248","3187","3187","3187","-1.5145751237869263","-1.5145751237869263","-1.5145751237869263"
"417857536","3191","3191","3191","-1.064734935760498","-1.064734935760498","-1.064734935760498"
"418381824","3195","3195","3195","-1.3370225429534912","-1.3370225429534912","-1.3370225429534912"
"418906112","3199","3199","3199","-1.312134861946106","-1.312134861946106","-1.312134861946106"
"419430400","3203","3203","3203","-1.6103342771530151","-1.6103342771530151","-1.6103342771530151"
"419954688","3207","3207","3207","-1.2328407764434814","-1.2328407764434814","-1.2328407764434814"
"420478976","3211","3211","3211","-0.8237849473953247","-0.8237849473953247","-0.8237849473953247"
"421003264","3215","3215","3215","-1.2571948766708374","-1.2571948766708374","-1.2571948766708374"
"421527552","3219","3219","3219","-1.4329029321670532","-1.4329029321670532","-1.4329029321670532"
"422051840","3223","3223","3223","-1.2697925567626953","-1.2697925567626953","-1.2697925567626953"
"422576128","3227","3227","3227","-1.0877962112426758","-1.0877962112426758","-1.0877962112426758"
"423100416","3231","3231","3231","-1.4916951656341553","-1.4916951656341553","-1.4916951656341553"
"423624704","3235","3235","3235","-0.7312080264091492","-0.7312080264091492","-0.7312080264091492"
"424148992","3239","3239","3239","-0.8475208282470703","-0.8475208282470703","-0.8475208282470703"
"424673280","3243","3243","3243","-0.8149858713150024","-0.8149858713150024","-0.8149858713150024"
"425197568","3247","3247","3247","-1.061884880065918","-1.061884880065918","-1.061884880065918"
"425721856","3251","3251","3251","-1.1236273050308228","-1.1236273050308228","-1.1236273050308228"
"426246144","3255","3255","3255","-1.2386642694473267","-1.2386642694473267","-1.2386642694473267"
"426770432","3259","3259","3259","-1.7378476858139038","-1.7378476858139038","-1.7378476858139038"
"427294720","3263","3263","3263","-1.0424801111221313","-1.0424801111221313","-1.0424801111221313"
"427819008","3267","3267","3267","-1.934002161026001","-1.934002161026001","-1.934002161026001"
"428343296","3271","3271","3271","-0.8699919581413269","-0.8699919581413269","-0.8699919581413269"
"428867584","3275","3275","3275","-1.3496636152267456","-1.3496636152267456","-1.3496636152267456"
"429391872","3279","3279","3279","-1.35832941532135","-1.35832941532135","-1.35832941532135"
"429916160","3283","3283","3283","-1.2923823595046997","-1.2923823595046997","-1.2923823595046997"
"430440448","3287","3287","3287","-1.2243326902389526","-1.2243326902389526","-1.2243326902389526"
"430964736","3291","3291","3291","-1.003477931022644","-1.003477931022644","-1.003477931022644"
"431489024","3295","3295","3295","-1.2424414157867432","-1.2424414157867432","-1.2424414157867432"
"432013312","3299","3299","3299","-0.6339056491851807","-0.6339056491851807","-0.6339056491851807"
"432537600","3303","3303","3303","-1.252543330192566","-1.252543330192566","-1.252543330192566"
"433061888","3307","3307","3307","-1.59499192237854","-1.59499192237854","-1.59499192237854"
"433586176","3311","3311","3311","-0.7590722441673279","-0.7590722441673279","-0.7590722441673279"
"434110464","3315","3315","3315","-1.0372780561447144","-1.0372780561447144","-1.0372780561447144"
"434634752","3319","3319","3319","-0.8080282211303711","-0.8080282211303711","-0.8080282211303711"
"435159040","3323","3323","3323","-1.076810359954834","-1.076810359954834","-1.076810359954834"
"435683328","3327","3327","3327","-1.001804232597351","-1.001804232597351","-1.001804232597351"
"436207616","3331","3331","3331","-1.1294870376586914","-1.1294870376586914","-1.1294870376586914"
"436731904","3335","3335","3335","-1.038659930229187","-1.038659930229187","-1.038659930229187"
"437256192","3339","3339","3339","-1.5062305927276611","-1.5062305927276611","-1.5062305927276611"
"437780480","3343","3343","3343","-1.1589205265045166","-1.1589205265045166","-1.1589205265045166"
"438304768","3347","3347","3347","-0.8169158101081848","-0.8169158101081848","-0.8169158101081848"
"438829056","3351","3351","3351","-0.9855811595916748","-0.9855811595916748","-0.9855811595916748"
"439353344","3355","3355","3355","-1.1730682849884033","-1.1730682849884033","-1.1730682849884033"
"439877632","3359","3359","3359","-1.1843719482421875","-1.1843719482421875","-1.1843719482421875"
"440401920","3363","3363","3363","-0.7751294374465942","-0.7751294374465942","-0.7751294374465942"
"440926208","3367","3367","3367","-1.0789707899093628","-1.0789707899093628","-1.0789707899093628"
"441450496","3371","3371","3371","-1.7195905447006226","-1.7195905447006226","-1.7195905447006226"
"441974784","3375","3375","3375","-0.7481943368911743","-0.7481943368911743","-0.7481943368911743"
"442499072","3379","3379","3379","-1.1581553220748901","-1.1581553220748901","-1.1581553220748901"
"443023360","3383","3383","3383","-1.126179814338684","-1.126179814338684","-1.126179814338684"
"443547648","3387","3387","3387","-1.1627861261367798","-1.1627861261367798","-1.1627861261367798"
"444071936","3391","3391","3391","-1.3298317193984985","-1.3298317193984985","-1.3298317193984985"
"444596224","3395","3395","3395","-0.9457413554191589","-0.9457413554191589","-0.9457413554191589"
"445120512","3399","3399","3399","-0.8885596990585327","-0.8885596990585327","-0.8885596990585327"
"445644800","3403","3403","3403","-0.9867993593215942","-0.9867993593215942","-0.9867993593215942"
"446169088","3407","3407","3407","-1.222602367401123","-1.222602367401123","-1.222602367401123"
"446693376","3411","3411","3411","-1.1663795709609985","-1.1663795709609985","-1.1663795709609985"
"447217664","3415","3415","3415","-1.3319300413131714","-1.3319300413131714","-1.3319300413131714"
"447741952","3419","3419","3419","-0.8959222435951233","-0.8959222435951233","-0.8959222435951233"
"448266240","3423","3423","3423","-1.3998708724975586","-1.3998708724975586","-1.3998708724975586"
"448790528","3427","3427","3427","-1.0768914222717285","-1.0768914222717285","-1.0768914222717285"
"449314816","3431","3431","3431","-1.0269423723220825","-1.0269423723220825","-1.0269423723220825"
"449839104","3435","3435","3435","-1.1848738193511963","-1.1848738193511963","-1.1848738193511963"
"450363392","3439","3439","3439","-1.0208745002746582","-1.0208745002746582","-1.0208745002746582"
"450887680","3443","3443","3443","-0.8468765616416931","-0.8468765616416931","-0.8468765616416931"
"451411968","3447","3447","3447","-0.9744521379470825","-0.9744521379470825","-0.9744521379470825"
"451936256","3451","3451","3451","-1.5572000741958618","-1.5572000741958618","-1.5572000741958618"
"452460544","3455","3455","3455","-1.2915581464767456","-1.2915581464767456","-1.2915581464767456"
"452984832","3459","3459","3459","-0.7928277254104614","-0.7928277254104614","-0.7928277254104614"
"453509120","3463","3463","3463","-1.293336272239685","-1.293336272239685","-1.293336272239685"
"454033408","3467","3467","3467","-1.1860941648483276","-1.1860941648483276","-1.1860941648483276"
"454557696","3471","3471","3471","-1.5252946615219116","-1.5252946615219116","-1.5252946615219116"
"455081984","3475","3475","3475","-1.561705231666565","-1.561705231666565","-1.561705231666565"
"455606272","3479","3479","3479","-0.9259875416755676","-0.9259875416755676","-0.9259875416755676"
"456130560","3483","3483","3483","-1.6195549964904785","-1.6195549964904785","-1.6195549964904785"
"456654848","3487","3487","3487","-1.3426324129104614","-1.3426324129104614","-1.3426324129104614"
"457179136","3491","3491","3491","-1.2635765075683594","-1.2635765075683594","-1.2635765075683594"
"457703424","3495","3495","3495","-1.2655667066574097","-1.2655667066574097","-1.2655667066574097"
"458227712","3499","3499","3499","-0.9562367796897888","-0.9562367796897888","-0.9562367796897888"
"458752000","3503","3503","3503","-1.4261046648025513","-1.4261046648025513","-1.4261046648025513"
"459276288","3507","3507","3507","-1.3461575508117676","-1.3461575508117676","-1.3461575508117676"
"459800576","3511","3511","3511","-1.2917753458023071","-1.2917753458023071","-1.2917753458023071"
"460324864","3515","3515","3515","-1.3429737091064453","-1.3429737091064453","-1.3429737091064453"
"460849152","3519","3519","3519","-1.3040683269500732","-1.3040683269500732","-1.3040683269500732"
"461373440","3523","3523","3523","-0.9689855575561523","-0.9689855575561523","-0.9689855575561523"
"461897728","3527","3527","3527","-1.362562894821167","-1.362562894821167","-1.362562894821167"
"462422016","3531","3531","3531","-1.6459200382232666","-1.6459200382232666","-1.6459200382232666"
"462946304","3535","3535","3535","-0.7507395148277283","-0.7507395148277283","-0.7507395148277283"
"463470592","3539","3539","3539","-1.1854124069213867","-1.1854124069213867","-1.1854124069213867"
"463994880","3543","3543","3543","-1.0097943544387817","-1.0097943544387817","-1.0097943544387817"
"464519168","3547","3547","3547","-1.198149561882019","-1.198149561882019","-1.198149561882019"
"465043456","3551","3551","3551","-0.9305382966995239","-0.9305382966995239","-0.9305382966995239"
"465567744","3555","3555","3555","-1.461892008781433","-1.461892008781433","-1.461892008781433"
"466092032","3559","3559","3559","-1.3175451755523682","-1.3175451755523682","-1.3175451755523682"
"466616320","3563","3563","3563","-1.1407268047332764","-1.1407268047332764","-1.1407268047332764"
"467140608","3567","3567","3567","-1.0939983129501343","-1.0939983129501343","-1.0939983129501343"
"467664896","3571","3571","3571","-1.2648093700408936","-1.2648093700408936","-1.2648093700408936"
"468189184","3575","3575","3575","-1.010498046875","-1.010498046875","-1.010498046875"
"468713472","3579","3579","3579","-0.9749177098274231","-0.9749177098274231","-0.9749177098274231"
"469237760","3583","3583","3583","-1.079253077507019","-1.079253077507019","-1.079253077507019"
"469762048","3587","3587","3587","-1.059714674949646","-1.059714674949646","-1.059714674949646"
"470286336","3591","3591","3591","-1.1340875625610352","-1.1340875625610352","-1.1340875625610352"
"470810624","3595","3595","3595","-1.3569839000701904","-1.3569839000701904","-1.3569839000701904"
"471334912","3599","3599","3599","-0.9280603528022766","-0.9280603528022766","-0.9280603528022766"
"471859200","3603","3603","3603","-1.0091264247894287","-1.0091264247894287","-1.0091264247894287"
"472383488","3607","3607","3607","-1.474683403968811","-1.474683403968811","-1.474683403968811"
"472907776","3611","3611","3611","-1.4664373397827148","-1.4664373397827148","-1.4664373397827148"
"473432064","3615","3615","3615","-1.19827401638031","-1.19827401638031","-1.19827401638031"
"473956352","3619","3619","3619","-1.226203441619873","-1.226203441619873","-1.226203441619873"
"474480640","3623","3623","3623","-0.925421416759491","-0.925421416759491","-0.925421416759491"
"475004928","3627","3627","3627","-0.758013904094696","-0.758013904094696","-0.758013904094696"
"475529216","3631","3631","3631","-1.059551477432251","-1.059551477432251","-1.059551477432251"
"476053504","3635","3635","3635","-1.3147656917572021","-1.3147656917572021","-1.3147656917572021"
"476577792","3639","3639","3639","-1.2032212018966675","-1.2032212018966675","-1.2032212018966675"
"477102080","3643","3643","3643","-0.8866534233093262","-0.8866534233093262","-0.8866534233093262"
"477626368","3647","3647","3647","-0.886469841003418","-0.886469841003418","-0.886469841003418"
"478150656","3651","3651","3651","-0.9898519515991211","-0.9898519515991211","-0.9898519515991211"
"478674944","3655","3655","3655","-1.1014634370803833","-1.1014634370803833","-1.1014634370803833"
"479199232","3659","3659","3659","-0.6228141784667969","-0.6228141784667969","-0.6228141784667969"
"479723520","3663","3663","3663","-1.3252114057540894","-1.3252114057540894","-1.3252114057540894"
"480247808","3667","3667","3667","-1.1229885816574097","-1.1229885816574097","-1.1229885816574097"
"480772096","3671","3671","3671","-1.2199848890304565","-1.2199848890304565","-1.2199848890304565"
"481296384","3675","3675","3675","-1.3758108615875244","-1.3758108615875244","-1.3758108615875244"
"481820672","3679","3679","3679","-1.24843430519104","-1.24843430519104","-1.24843430519104"
"482344960","3683","3683","3683","-1.143788456916809","-1.143788456916809","-1.143788456916809"
"482869248","3687","3687","3687","-1.2075055837631226","-1.2075055837631226","-1.2075055837631226"
"483393536","3691","3691","3691","-0.9804378151893616","-0.9804378151893616","-0.9804378151893616"
"483917824","3695","3695","3695","-1.184971809387207","-1.184971809387207","-1.184971809387207"
"484442112","3699","3699","3699","-1.4067394733428955","-1.4067394733428955","-1.4067394733428955"
"484966400","3703","3703","3703","-1.158395528793335","-1.158395528793335","-1.158395528793335"
"485490688","3707","3707","3707","-1.086648941040039","-1.086648941040039","-1.086648941040039"
"486014976","3711","3711","3711","-1.0515974760055542","-1.0515974760055542","-1.0515974760055542"
"486539264","3715","3715","3715","-1.3611565828323364","-1.3611565828323364","-1.3611565828323364"
"487063552","3719","3719","3719","-1.2778372764587402","-1.2778372764587402","-1.2778372764587402"
"487587840","3723","3723","3723","-0.6531665921211243","-0.6531665921211243","-0.6531665921211243"
"488112128","3727","3727","3727","-1.219880223274231","-1.219880223274231","-1.219880223274231"
"488636416","3731","3731","3731","-1.4005868434906006","-1.4005868434906006","-1.4005868434906006"
"489160704","3735","3735","3735","-0.9422643780708313","-0.9422643780708313","-0.9422643780708313"
"489684992","3739","3739","3739","-1.0135754346847534","-1.0135754346847534","-1.0135754346847534"
"490209280","3743","3743","3743","-1.038555383682251","-1.038555383682251","-1.038555383682251"
"490733568","3747","3747","3747","-1.1385960578918457","-1.1385960578918457","-1.1385960578918457"
"491257856","3751","3751","3751","-0.8686810731887817","-0.8686810731887817","-0.8686810731887817"
"491782144","3755","3755","3755","-1.0578340291976929","-1.0578340291976929","-1.0578340291976929"
"492306432","3759","3759","3759","-0.9259260892868042","-0.9259260892868042","-0.9259260892868042"
"492830720","3763","3763","3763","-1.0377137660980225","-1.0377137660980225","-1.0377137660980225"
"493355008","3767","3767","3767","-1.5398173332214355","-1.5398173332214355","-1.5398173332214355"
"493879296","3771","3771","3771","-0.7739966511726379","-0.7739966511726379","-0.7739966511726379"
"494403584","3775","3775","3775","-1.2997634410858154","-1.2997634410858154","-1.2997634410858154"
"494927872","3779","3779","3779","-0.9167462587356567","-0.9167462587356567","-0.9167462587356567"
"495452160","3783","3783","3783","-1.2713565826416016","-1.2713565826416016","-1.2713565826416016"
"495976448","3787","3787","3787","-1.2195603847503662","-1.2195603847503662","-1.2195603847503662"
"496500736","3791","3791","3791","-1.5167582035064697","-1.5167582035064697","-1.5167582035064697"
"497025024","3795","3795","3795","-1.0365149974822998","-1.0365149974822998","-1.0365149974822998"
"497549312","3799","3799","3799","-0.9294512867927551","-0.9294512867927551","-0.9294512867927551"
"498073600","3803","3803","3803","-1.3526480197906494","-1.3526480197906494","-1.3526480197906494"
"498597888","3807","3807","3807","-0.8890379667282104","-0.8890379667282104","-0.8890379667282104"
"499122176","3811","3811","3811","-0.7001555562019348","-0.7001555562019348","-0.7001555562019348"
"499646464","3815","3815","3815","-1.232736587524414","-1.232736587524414","-1.232736587524414"
"500170752","3819","3819","3819","-0.7880033850669861","-0.7880033850669861","-0.7880033850669861"
"500695040","3823","3823","3823","-1.108459711074829","-1.108459711074829","-1.108459711074829"
"501219328","3827","3827","3827","-1.0066314935684204","-1.0066314935684204","-1.0066314935684204"
"501743616","3831","3831","3831","-1.1669117212295532","-1.1669117212295532","-1.1669117212295532"
"502267904","3835","3835","3835","-1.1448233127593994","-1.1448233127593994","-1.1448233127593994"
"502792192","3839","3839","3839","-1.1655086278915405","-1.1655086278915405","-1.1655086278915405"
"503316480","3843","3843","3843","-1.0271422863006592","-1.0271422863006592","-1.0271422863006592"
"503840768","3847","3847","3847","-1.4288781881332397","-1.4288781881332397","-1.4288781881332397"
"504365056","3851","3851","3851","-1.0183701515197754","-1.0183701515197754","-1.0183701515197754"
"504889344","3855","3855","3855","-1.0698286294937134","-1.0698286294937134","-1.0698286294937134"
"505413632","3859","3859","3859","-1.1115275621414185","-1.1115275621414185","-1.1115275621414185"
"505937920","3863","3863","3863","-0.9633153080940247","-0.9633153080940247","-0.9633153080940247"
"506462208","3867","3867","3867","-0.9376170635223389","-0.9376170635223389","-0.9376170635223389"
"506986496","3871","3871","3871","-1.071171522140503","-1.071171522140503","-1.071171522140503"
"507510784","3875","3875","3875","-1.0295028686523438","-1.0295028686523438","-1.0295028686523438"
"508035072","3879","3879","3879","-0.9332554936408997","-0.9332554936408997","-0.9332554936408997"
"508559360","3883","3883","3883","-1.0213271379470825","-1.0213271379470825","-1.0213271379470825"
"509083648","3887","3887","3887","-0.8417913913726807","-0.8417913913726807","-0.8417913913726807"
"509607936","3891","3891","3891","-0.9475524425506592","-0.9475524425506592","-0.9475524425506592"
"510132224","3895","3895","3895","-0.5851805210113525","-0.5851805210113525","-0.5851805210113525"
"510656512","3899","3899","3899","-1.4852943420410156","-1.4852943420410156","-1.4852943420410156"
"511180800","3903","3903","3903","-1.1720657348632812","-1.1720657348632812","-1.1720657348632812"
"511705088","3907","3907","3907","-1.3475533723831177","-1.3475533723831177","-1.3475533723831177"
"512229376","3911","3911","3911","-0.5958589911460876","-0.5958589911460876","-0.5958589911460876"
"512753664","3915","3915","3915","-0.8227289915084839","-0.8227289915084839","-0.8227289915084839"
"513277952","3919","3919","3919","-1.0532991886138916","-1.0532991886138916","-1.0532991886138916"
"513802240","3923","3923","3923","-0.9174957275390625","-0.9174957275390625","-0.9174957275390625"
"514326528","3927","3927","3927","-0.9527783989906311","-0.9527783989906311","-0.9527783989906311"
"514850816","3931","3931","3931","-1.3141647577285767","-1.3141647577285767","-1.3141647577285767"
"515375104","3935","3935","3935","-1.093645453453064","-1.093645453453064","-1.093645453453064"
"515899392","3939","3939","3939","-1.1726500988006592","-1.1726500988006592","-1.1726500988006592"
"516423680","3943","3943","3943","-1.151789665222168","-1.151789665222168","-1.151789665222168"
"516947968","3947","3947","3947","-0.9680102467536926","-0.9680102467536926","-0.9680102467536926"
"517472256","3951","3951","3951","-1.1443580389022827","-1.1443580389022827","-1.1443580389022827"
"517996544","3955","3955","3955","-1.0573538541793823","-1.0573538541793823","-1.0573538541793823"
"518520832","3959","3959","3959","-1.3245998620986938","-1.3245998620986938","-1.3245998620986938"
"519045120","3963","3963","3963","-1.1373748779296875","-1.1373748779296875","-1.1373748779296875"
"519569408","3967","3967","3967","-0.6539762616157532","-0.6539762616157532","-0.6539762616157532"
"520093696","3971","3971","3971","-1.144949197769165","-1.144949197769165","-1.144949197769165"
"520617984","3975","3975","3975","-1.019122838973999","-1.019122838973999","-1.019122838973999"
"521142272","3979","3979","3979","-1.4720382690429688","-1.4720382690429688","-1.4720382690429688"
"521666560","3983","3983","3983","-0.4997776746749878","-0.4997776746749878","-0.4997776746749878"
"522190848","3987","3987","3987","-0.7170843482017517","-0.7170843482017517","-0.7170843482017517"
"522715136","3991","3991","3991","-1.138208270072937","-1.138208270072937","-1.138208270072937"
"523239424","3995","3995","3995","-0.9373717904090881","-0.9373717904090881","-0.9373717904090881"
"523763712","3999","3999","3999","-0.6533735394477844","-0.6533735394477844","-0.6533735394477844"