0.04000,-0.00208,0.00318,0.28983,0.00011,-0.01862,0.00649,0.99981,-0.11834,0.74549,-1.51470,0.01140,0.74679,-1.88274,-0.11801,1.00690,-2.00322,0.03046,0.75816,-1.67380,-0.13178,0.14718,0.05087,-1.31627,-1.36041,0.41703,0.70248,-0.55232,3.19399,-0.57987,-2.82750,-1.96840,-1.27636,2.79099,-0.64476,0.92464,1.37062,-1.82833
0.08000,-0.00936,0.01019,0.29064,-0.02024,-0.04193,0.01039,0.99886,-0.10060,0.71452,-1.40584,0.03278,0.76169,-2.11441,-0.22012,1.07212,-2.32362,0.05214,0.80870,-1.74312,-0.23924,0.20005,0.05806,-0.70406,-0.61076,0.01797,0.13413,-1.31117,2.25993,1.52782,0.42186,-0.88192,-1.70570,-1.67618,-2.47936,0.02684,0.10780,-0.74834
0.12000,-0.01919,0.01805,0.29084,-0.01874,-0.04216,0.00830,0.99890,-0.11414,0.64688,-1.38127,0.08280,0.70398,-2.07875,-0.24467,0.93731,-2.15937,0.01756,0.77992,-1.75004,-0.21747,0.17560,-0.08873,0.82696,0.09850,-0.08103,-0.90986,-0.81375,-0.72898,0.01768,-0.61201,-0.03210,0.99360,-0.11031,0.90921,-1.56589,-0.62438,-0.39730
0.16000,-0.02763,0.02317,0.28744,0.01109,-0.02369,0.00939,0.99961,-0.16991,0.65039,-1.48418,0.09514,0.62502,-1.86619,-0.18228,0.83970,-1.75386,-0.06110,0.69316,-1.70928,-0.16647,0.06624,-0.15942,1.47401,1.09701,0.28570,-2.07192,-0.19958,-2.54316,0.05171,0.63022,0.93768,2.72270,1.18447,2.08057,-1.63112,-2.19676,0.89777
0.20000,-0.03265,0.02433,0.28315,-0.00137,-0.01088,0.01308,0.99985,-0.15902,0.63411,-1.52618,0.09862,0.80188,-1.60273,-0.10125,0.79710,-1.63132,-0.03762,0.64383,-1.70641,-0.09828,0.02122,-0.07046,-1.66089,0.68741,0.32261,1.22494,-0.56147,-0.51115,0.03124,5.30519,-4.36528,1.82279,-1.28161,0.83007,1.71034,-1.31577,0.14541
0.24000,-0.03401,0.02367,0.28098,-0.01685,-0.00598,0.01512,0.99973,-0.11035,0.72090,-1.65231,0.12794,0.83047,-1.64406,-0.06549,0.78259,-1.62727,-0.00286,0.62922,-1.71312,0.01654,-0.04320,-0.01828,0.17195,-0.12760,-0.18456,0.18655,1.30119,0.07845,0.09282,0.12613,0.28786,-0.14445,0.27122,-0.37262,-0.09581,0.37539,-0.24957
0.28000,-0.03228,0.02324,0.27929,-0.04128,0.00859,0.00653,0.99909,-0.16619,0.59357,-1.87767,0.13066,0.93138,-1.73853,-0.02418,0.72669,-1.58023,0.09037,0.71644,-1.71755,0.08416,0.02314,-0.04141,-1.10328,1.03245,-0.50130,-3.09742,-4.95367,-2.93104,1.27324,0.57604,-1.64889,0.77562,-1.82964,1.66071,1.95326,2.26417,0.35172
0.32000,-0.02755,0.02380,0.28254,-0.05277,0.03116,-0.00558,0.99811,-0.25803,0.40282,-1.90043,0.16876,0.93210,-1.76263,-0.01333,0.63629,-1.48053,0.11623,0.71187,-1.64807,0.18906,-0.00251,0.15330,-0.09119,0.50305,-0.62284,-0.25307,-0.83140,-0.37872,0.43678,0.06081,0.76529,-0.15069,-1.22636,2.03840,0.08493,0.52871,1.44982
0.36000,-0.02012,0.02407,0.28966,-0.05568,0.05771,-0.01225,0.99670,-0.29113,0.25069,-1.75855,0.17835,0.91843,-1.77204,-0.01032,0.53579,-1.34798,0.11398,0.64771,-1.54273,0.23939,0.00093,0.11246,0.06045,1.16885,-0.03652,-0.19046,-1.06621,0.05735,-0.02143,-0.07786,-0.44167,0.12151,-1.46746,2.37614,0.12562,-0.38047,2.36854
0.40000,-0.01147,0.02368,0.29056,-0.04414,0.07268,-0.00838,0.99634,-0.26657,0.17185,-1.55293,0.15196,0.92513,-1.79045,0.00027,0.54393,-1.33787,0.09711,0.67570,-1.51905,0.19747,-0.03852,-0.07796,1.06644,0.59130,0.24366,1.32485,0.22781,0.90836,-1.13006,0.38042,-0.79331,-0.72886,0.42050,-0.40849,-0.34297,0.41501,0.24124
0.44000,-0.00330,0.02253,0.28982,-0.03863,0.08195,0.00108,0.99589,-0.22894,0.20912,-1.42298,0.13427,0.93779,-1.81155,0.00289,0.55546,-1.33073,0.05076,0.55800,-1.53497,0.21717,-0.01895,0.03758,-0.93642,0.02403,0.63087,0.66937,1.01908,0.13709,0.78835,0.50792,-0.00369,1.30109,0.59022,0.48840,-0.71779,-3.16044,-1.17850
0.48000,0.00714,0.01969,0.29008,-0.03769,0.03873,0.00934,0.99850,-0.20204,0.33189,-1.37045,0.12895,0.98622,-1.70091,-0.06320,0.90114,-1.62486,0.01847,0.61314,-1.59690,0.24097,-0.12579,0.04240,0.17131,-2.71236,0.55179,0.96527,3.18226,2.12602,-0.01893,0.93949,3.81654,-2.26447,7.19254,0.50540,0.53872,4.65975,-2.94043
0.52000,0.01561,0.01462,0.28717,-0.03261,-0.01542,0.01142,0.99928,-0.17982,0.42550,-1.28679,0.06498,1.07780,-2.04372,-0.23416,1.14329,-2.06785,0.02628,0.82342,-1.74518,0.18547,-0.14406,-0.04857,-0.48324,-1.97562,-0.05008,1.33550,1.58756,1.57147,0.45839,-2.47170,-2.45480,-2.52218,1.09540,-2.57502,0.98900,4.04768,-2.71879
0.56000,0.02316,0.00949,0.28619,-0.02925,-0.05225,0.00748,0.99818,-0.15532,0.48446,-1.22946,0.03589,1.01244,-2.30962,-0.31035,1.06494,-2.39140,0.03438,0.97589,-1.83321,0.19957,-0.12049,0.05219,0.70167,-1.50875,-0.11739,0.03331,1.18505,1.43176,-0.11835,-1.29149,-1.37079,-0.10855,-3.06102,-2.47688,-0.35618,3.04608,-1.12871
0.60000,0.03065,0.00640,0.28955,-0.00836,-0.08494,0.00497,0.99634,-0.17481,0.52358,-1.14748,0.05514,0.83751,-2.32164,-0.32576,0.85728,-2.17061,-0.00044,1.10006,-1.87299,0.20530,-0.07268,0.08090,1.67496,-1.76323,0.33848,-1.33575,1.17786,2.20995,-0.10517,-2.28206,-0.77048,1.06195,-0.81334,0.94000,-1.36634,3.16889,-0.86836
0.64000,0.03811,0.00249,0.29008,0.03577,-0.10199,0.01117,0.99408,-0.19359,0.56918,-1.32325,0.12361,0.52528,-2.10680,-0.26383,0.87462,-1.71884,-0.06964,1.16279,-1.87383,0.20716,-0.13684,-0.11736,2.77963,-0.43358,0.78035,0.02877,-1.40430,-1.16746,0.36479,-4.71064,-0.32076,-2.54312,2.75007,-2.86437,-2.08793,1.10374,-0.05146
0.68000,0.04738,-0.00338,0.28837,0.04298,-0.09025,0.02214,0.99474,-0.09606,0.59153,-1.54528,0.18509,0.25928,-1.83265,-0.24464,0.91393,-1.74834,-0.04221,1.13552,-1.83295,0.30176,-0.10413,-0.00465,-0.36992,1.22159,0.66608,0.59225,-0.06633,-0.81529,-1.11429,-2.19581,0.45461,1.22753,0.08644,0.43761,1.27637,-1.70427,1.85603
0.72000,0.06258,-0.00651,0.29090,0.00541,-0.05954,0.03519,0.99759,-0.02421,0.70894,-1.71517,0.13640,0.31981,-1.47270,-0.12768,0.88850,-1.67760,0.06900,1.05586,-1.74217,0.46456,0.00000,0.04911,-2.23375,1.83258,0.60436,-0.56408,1.59102,-0.10537,-2.60624,5.40659,3.49813,2.92532,-1.19510,2.53522,2.29884,-1.66718,2.31385
0.76000,0.08317,-0.00557,0.29025,-0.02715,-0.03658,0.04514,0.99794,-0.08947,0.72391,-1.73716,0.12843,0.49253,-1.41430,-0.04378,0.89276,-1.62114,0.15187,1.03504,-1.70286,0.54812,0.03412,-0.00315,-0.16451,0.03414,0.14251,-1.52030,-0.42302,-0.38875,0.09742,2.18966,-1.32576,0.30160,1.89607,-0.00469,0.23038,0.58581,0.30614
0.80000,0.10520,-0.00356,0.28986,-0.04024,-0.00764,0.04203,0.99828,-0.24230,0.54488,-2.21376,0.12636,0.68890,-1.60610,-0.02167,0.85619,-1.53415,0.16573,0.99874,-1.60631,0.57255,0.06281,0.01246,-1.56996,1.21447,-0.32544,-2.92423,-5.51035,-4.29487,1.70954,1.93167,-2.48284,1.31516,-1.11547,2.71618,1.01550,-0.05584,1.75318
0.84000,0.12788,0.00073,0.29664,-0.07053,0.04657,0.03728,0.99572,-0.34499,0.24344,-1.89979,0.18247,0.73166,-1.73025,0.02662,0.67570,-1.28616,0.18867,0.87379,-1.41930,0.62966,0.13059,0.15771,-0.25844,2.42141,-0.35829,0.08918,-3.12269,1.03746,0.08591,0.92953,-2.08200,-0.11904,-3.73619,5.76799,-1.48092,-0.87021,4.55414
0.88000,0.15206,0.00605,0.29757,-0.06077,0.09096,0.03685,0.99331,-0.36928,-0.01423,-1.68163,0.15165,0.77873,-1.82610,0.05140,0.59886,-1.16077,0.14111,0.84674,-1.42653,0.62161,0.11347,-0.10412,1.26496,1.73665,0.02539,-0.06236,-2.66583,-0.19945,-1.84323,1.63179,-2.25005,0.82461,0.53990,0.44058,-0.11133,-1.00491,-0.58427
0.92000,0.17581,0.00917,0.29411,-0.03754,0.10915,0.04616,0.99224,-0.25544,0.06898,-1.39959,0.08225,0.84680,-1.87428,0.02657,0.62155,-1.12081,0.12329,0.68910,-1.70780,0.57790,-0.00143,-0.12306,2.14070,0.89396,-0.11877,-2.80318,4.28450,-6.62048,-2.31139,1.65932,-0.55378,-1.81257,0.98240,0.21554,-1.72027,-6.32391,-3.12693
0.96000,0.19811,0.00702,0.29045,-0.01873,0.09253,0.04735,0.99441,-0.26930,0.21275,-1.48148,0.05629,0.93633,-1.82018,0.02958,0.80657,-1.42926,0.05553,0.44794,-1.84319,0.52318,-0.08355,-0.03562,-0.01060,-2.12189,-0.10959,1.67236,3.55044,0.13619,0.74066,2.43823,3.06805,0.04985,1.00607,-0.94007,-1.40106,-3.06237,-1.25854
1.00000,0.21986,0.00469,0.28377,-0.02794,0.01853,0.04298,0.99851,-0.18296,0.39275,-1.41907,0.03436,0.98052,-1.84797,-0.06595,1.07340,-1.75477,-0.00998,0.53775,-1.61081,0.52807,-0.03569,-0.28380,-2.45310,-4.62439,0.00475,4.06560,4.47244,2.95598,1.01451,-1.47245,-1.07683,-2.22357,3.40607,-0.40498,2.86689,10.69700,-10.71000
1.04000,0.23940,0.00285,0.27661,-0.04640,-0.06496,0.03781,0.99609,-0.10181,0.54122,-1.28521,-0.03427,1.05427,-2.12432,-0.26014,1.12604,-2.32704,0.03820,0.90585,-1.89648,0.43729,-0.06234,0.02613,-0.56229,-2.87920,-0.05870,1.41914,2.19984,3.46038,0.20600,0.12943,-1.10565,-1.62847,-3.85316,-4.83430,1.08905,6.42549,-3.61280
1.08000,0.25817,0.00080,0.28114,-0.03435,-0.12081,0.03467,0.99148,-0.09722,0.61865,-1.12877,0.00687,0.91119,-2.28889,-0.37629,0.95069,-2.33409,0.02671,1.16128,-2.00018,0.50940,-0.06799,0.20713,1.86723,-2.31370,0.34094,-1.16692,1.69783,3.82907,0.87106,-3.41465,-2.12844,-0.26278,-0.68919,-0.15044,-1.41400,5.53560,-1.03580
1.12000,0.27757,-0.00269,0.28685,0.01259,-0.14501,0.03439,0.98875,-0.15726,0.59291,-1.31223,0.13780,0.56666,-2.11272,-0.30532,0.92812,-1.96477,-0.05714,1.30430,-1.99584,0.50178,-0.12113,0.04810,3.16525,-0.53738,0.71404,-1.50894,-3.99182,-2.33837,0.62660,-6.64926,-0.34881,2.39981,2.42257,2.56254,-2.76373,2.55576,0.60970
1.16000,0.29820,-0.00727,0.28751,0.02564,-0.14817,0.03485,0.98801,-0.13192,0.43746,-1.54621,0.25052,0.20483,-1.82163,-0.25748,1.00613,-1.81315,-0.06052,1.38538,-1.97670,0.53682,-0.04304,0.04188,-0.82642,0.74759,-0.18014,-0.06063,-3.54387,-2.18284,0.28214,-8.25837,0.25374,1.20420,1.01283,0.44959,1.21347,0.45131,1.28160
1.20000,0.32317,-0.00962,0.29225,-0.00534,-0.12021,0.03901,0.99197,-0.11189,0.37121,-1.90192,0.26528,0.01241,-1.56173,-0.16084,1.01726,-1.74772,0.03589,1.34225,-1.87356,0.73179,-0.02870,0.15222,-1.48459,1.40878,0.30791,-0.97505,-1.50756,-1.87911,-1.40064,1.13461,1.58129,2.31694,0.51180,1.97167,2.35459,-1.30479,3.16847
1.24000,0.35511,-0.01079,0.29577,-0.03408,-0.10562,0.05038,0.99255,-0.09457,0.41828,-1.78105,0.16000,0.26213,-1.23751,-0.06529,1.09411,-1.70571,0.13952,1.34792,-1.77877,0.83722,-0.00105,-0.04589,-1.19833,1.22571,0.43585,0.15816,2.05511,1.17133,-2.66850,7.74867,3.88212,1.92580,1.31771,1.12819,1.83717,-0.30509,2.32964
1.28000,0.38900,-0.00965,0.29287,-0.04887,-0.07908,0.05967,0.99388,-0.09602,0.51200,-1.71957,0.12397,0.49185,-1.26670,-0.01083,1.13291,-1.64953,0.11347,1.27201,-1.82142,0.85576,0.03725,-0.05253,0.21030,0.65010,0.16436,0.25078,1.89304,0.95396,-0.16992,3.34355,-3.25486,0.04707,1.89600,0.85378,-1.53732,-1.93588,-0.78179
1.32000,0.42385,-0.00849,0.29428,-0.03810,-0.02137,0.06497,0.99693,-0.24930,0.37932,-2.08065,0.08088,0.66476,-1.51620,-0.01513,1.03037,-1.47890,0.09668,1.11927,-1.60620,0.91077,0.00172,0.07334,-0.74106,2.47112,0.19848,-2.64940,-5.05426,-3.43721,0.64154,2.08219,-3.73580,1.21070,-2.57366,4.91449,1.27834,-2.71875,5.69194
1.36000,0.46118,-0.00428,0.29964,-0.10084,0.05511,0.06555,0.99121,-0.37062,0.01785,-1.79429,0.19825,0.76850,-1.75434,0.10629,0.74386,-1.08446,0.16718,1.09485,-1.59109,0.97689,0.15980,0.11679,-1.83748,3.99730,-0.40462,-2.99179,-8.57829,0.85989,1.61309,1.56769,-4.42826,1.08088,-8.22103,11.43530,-0.71335,0.87906,0.01518
1.40000,0.49906,0.00247,0.30031,-0.09202,0.11498,0.07439,0.98630,-0.45074,-0.17568,-1.39019,0.15871,0.83848,-1.87359,0.07591,0.72072,-1.10856,0.21277,0.98336,-1.87878,0.96635,0.15852,-0.03072,1.77625,2.42247,0.18464,1.37266,0.83485,2.09150,-2.72280,1.93499,-1.63455,-1.93368,0.93338,0.06453,1.58753,-5.61530,-3.43913
1.44000,0.53859,0.00549,0.30270,-0.03516,0.12617,0.07776,0.98833,-0.27805,0.04347,-1.35763,0.03802,0.92086,-1.80050,-0.02926,0.89030,-1.48394,0.19085,0.63471,-2.21732,0.99003,-0.04439,0.14378,1.40696,-0.46293,-0.62789,0.30288,4.42356,-2.75619,-0.50779,2.01524,4.02531,-0.31860,-0.49734,-1.66570,1.45947,-8.71048,-1.91346
1.48000,0.57955,0.00438,0.30320,-0.00123,0.08549,0.06919,0.99393,-0.26634,0.27427,-1.42013,-0.01461,1.01974,-1.72060,-0.11422,1.20128,-1.92280,0.07262,0.33242,-1.88727,1.03131,0.00382,-0.08645,-1.16726,-3.30113,-0.13787,3.50949,5.81115,0.54406,1.76134,1.13587,0.10682,-1.70724,5.46503,-0.01927,-2.93968,-3.58333,1.36012
1.52000,0.62045,0.00407,0.29263,-0.02761,0.01847,0.05771,0.99778,-0.12800,0.50302,-1.42445,0.00977,1.09640,-1.92985,-0.19774,1.35920,-2.31599,-0.01008,0.40315,-1.50735,0.99338,0.00353,-0.37644,-1.13593,-2.89431,-0.64114,1.58958,2.58944,1.23071,-0.15792,-1.11224,-1.20982,-1.43324,-1.94078,-2.52432,1.50564,9.89564,-9.20590
1.56000,0.65765,0.00715,0.28909,-0.06029,-0.05877,0.04577,0.99540,-0.02682,0.66508,-1.26038,-0.08634,1.14392,-2.21506,-0.32344,1.09694,-2.53703,0.05533,0.82552,-1.81553,0.85567,0.13093,0.21517,-0.84310,-4.05395,-0.02651,1.42288,2.22899,7.65998,-1.15834,-0.95526,-1.12651,-0.78397,-3.74187,-2.60722,1.00021,9.68913,-4.83071
1.60000,0.69200,0.01139,0.29517,-0.04678,-0.11301,0.03691,0.99181,-0.03650,0.65799,-1.14832,0.05606,0.85201,-2.36895,-0.40956,0.92080,-2.41009,0.01461,1.14893,-1.93275,0.89528,0.07347,0.14414,2.62792,-1.65374,0.17233,-1.17639,-1.78966,-0.42108,2.01365,-4.72927,-2.83547,-0.02013,0.04610,0.49429,-2.95362,6.43900,-0.89461
1.64000,0.72673,0.01346,0.29683,-0.00768,-0.13394,0.03335,0.99040,-0.12283,0.45632,-1.50166,0.19904,0.48906,-1.97342,-0.25641,0.90068,-1.93395,-0.07785,1.36504,-1.94825,0.89255,0.00649,-0.11136,2.11706,-0.64298,0.70585,-3.05076,-7.22614,-4.21258,-0.35378,-9.27024,1.80323,4.31608,2.61293,3.20770,-1.98933,4.64825,-0.31275
1.68000,0.76352,0.01238,0.29377,-0.00873,-0.13090,0.04252,0.99044,-0.13405,0.30959,-1.64155,0.26544,0.12276,-1.65650,-0.14405,1.00768,-1.74655,-0.04146,1.47502,-1.91571,0.93039,0.00645,-0.00534,-1.30664,1.72855,0.33622,-0.15764,-0.37035,-0.58533,0.23206,-8.54070,0.31459,1.91685,1.30911,1.07391,2.31805,-0.88350,2.99805
1.72000,0.80403,0.01262,0.29548,-0.02345,-0.10167,0.05379,0.99309,-0.06221,0.48178,-1.69614,0.17918,0.07907,-1.24345,-0.08244,1.07732,-1.69514,0.03450,1.44608,-1.77284,1.07478,0.03987,-0.01001,-0.74401,1.92481,0.32049,1.38808,3.24781,1.12573,-2.57054,5.81051,3.99827,1.24783,0.79781,2.08787,1.42389,-1.52393,4.19486
1.76000,0.84781,0.01471,0.29169,-0.02340,-0.07476,0.06475,0.99482,-0.05109,0.64282,-1.50404,0.09024,0.34754,-1.15617,-0.05647,1.15829,-1.64785,0.08253,1.35169,-1.86542,1.08203,0.03230,-0.10241,1.39221,0.71869,0.49278,-0.23834,3.85084,2.08630,-1.39198,4.49390,-4.62326,-0.92907,3.22327,0.31635,-0.45010,-2.67338,-1.53046
1.80000,0.89169,0.01647,0.28474,-0.01190,-0.04891,0.06467,0.99664,-0.20369,0.53286,-2.05727,0.07037,0.59631,-1.42394,-0.07088,1.21562,-1.58341,0.15402,1.33193,-1.66498,1.09089,0.04307,-0.14633,-0.76231,0.80297,-0.35965,-4.52247,-8.98298,-5.91809,1.25481,4.49741,-4.02696,0.74175,1.10368,2.32843,1.95071,3.90801,2.03101
1.84000,0.93626,0.02184,0.28756,-0.07388,0.01598,0.05490,0.99563,-0.34668,0.16758,-1.88323,0.20261,0.75173,-1.66415,0.03787,0.98314,-1.24033,0.16518,1.16211,-1.44487,1.14187,0.19002,0.14670,-2.38841,3.55909,-0.76710,-1.77489,-8.27771,1.11322,2.50251,2.75875,-4.44590,1.42306,-7.72851,10.99670,-2.68668,-3.03055,-0.48047
1.88000,0.98019,0.03025,0.28986,-0.09101,0.09430,0.05643,0.98977,-0.50538,-0.16930,-1.52852,0.20889,0.84583,-1.85243,0.10114,0.73451,-0.92961,0.13591,0.88075,-1.59349,1.09847,0.19777,-0.04813,0.57377,3.21187,-0.00410,-1.23295,-5.88480,0.39669,-1.30865,2.49507,-3.18852,1.53537,-1.81470,1.31879,0.28554,-5.46082,-2.85480
1.92000,1.02328,0.03703,0.28941,-0.06323,0.12545,0.06447,0.98798,-0.30954,-0.20299,-1.26650,0.12800,0.95105,-1.87524,0.07791,0.71574,-1.15826,0.16673,0.66022,-2.02634,1.09654,0.10522,0.00594,3.21014,0.91131,-0.29617,4.58460,4.83301,3.10476,-3.67747,2.38448,1.73955,-3.02172,-2.49023,-2.05792,0.39762,-5.24217,-3.45581
1.96000,1.06656,0.03914,0.29081,-0.01883,0.10149,0.06981,0.99221,-0.31781,0.05863,-1.34661,0.04057,1.04853,-1.70363,0.05978,0.96654,-1.59450,0.12814,0.30356,-2.04857,1.01899,0.06003,0.13894,-0.20791,-2.81634,0.51372,2.22922,6.07624,0.38944,0.74431,2.14055,6.17969,0.93619,4.00451,0.04491,-1.65098,-8.03079,-0.47256
2.00000,1.10702,0.04152,0.28839,-0.01041,0.02982,0.06599,0.99732,-0.24841,0.31781,-1.34009,0.01582,1.15149,-1.78295,-0.13524,1.27255,-2.00500,-0.03587,0.26748,-1.68291,1.00557,0.04752,-0.19771,-2.08735,-4.10576,-0.32089,4.17795,5.06600,1.75899,2.50892,-0.78574,-1.41079,-3.74348,4.27389,-1.24229,-2.03880,4.86172,3.47434
2.04000,1.14308,0.04138,0.28122,-0.02807,-0.01537,0.05740,0.99784,-0.10766,0.46457,-1.40194,0.00132,1.13900,-2.03421,-0.25461,1.18680,-2.43492,-0.02340,0.52722,-1.65069,0.84630,-0.03716,-0.07010,0.44126,-0.75981,-0.37054,0.76154,2.09567,-1.18353,-1.03258,-1.21712,-0.99874,0.20655,-4.56608,-3.99905,-0.04444,5.14093,-3.12001
2.08000,1.17668,0.04306,0.28387,-0.04693,-0.07980,0.04962,0.99447,-0.03607,0.60835,-1.25255,-0.06131,1.04837,-2.32807,-0.39594,1.00912,-2.50667,0.01652,0.89182,-1.86679,0.79857,0.11038,0.30476,-0.86509,-4.45346,0.00857,1.55973,2.25265,8.52357,-1.15274,-3.75263,-2.15513,-1.33921,-1.11878,-0.78062,1.17843,9.96339,-4.56358
2.12000,1.20762,0.04681,0.29219,-0.04765,-0.13193,0.04139,0.98925,-0.09637,0.52510,-1.36877,0.11662,0.70684,-2.36173,-0.37425,0.89101,-2.21239,0.00765,1.19388,-1.96724,0.78755,0.06137,0.15132,1.94929,-1.55756,0.24467,-3.46972,-6.00541,-2.93258,1.90402,-6.16893,-1.48761,1.47829,0.63947,1.55849,-2.12960,5.88330,-0.83292
2.16000,1.23980,0.04775,0.29440,-0.01315,-0.15355,0.04054,0.98722,-0.21507,0.20715,-1.79054,0.29502,0.34218,-1.88083,-0.19469,1.00339,-1.84356,-0.06747,1.39745,-1.98461,0.83945,-0.00504,-0.05150,2.20606,-0.61572,0.80046,-2.66213,-7.71259,-3.70827,0.49746,-9.21200,1.89641,3.97344,4.09561,3.30431,-2.00748,4.37307,-0.06304
2.20000,1.27380,0.04665,0.29467,-0.01856,-0.15214,0.04785,0.98703,-0.19450,0.08992,-1.82777,0.36781,-0.01870,-1.59979,-0.12209,1.14513,-1.82047,-0.02203,1.49894,-1.94569,0.85570,0.01415,0.07517,-1.08053,1.50947,0.22835,-0.19523,1.32428,0.43186,-0.57417,-7.68411,0.02334,1.71737,0.99900,1.62345,1.95830,-0.82496,2.99354
2.24000,1.30994,0.04572,0.29553,-0.02699,-0.13549,0.05744,0.98874,-0.10827,0.25101,-1.85545,0.25813,0.01720,-1.26510,-0.06165,1.26846,-1.80017,0.04226,1.51696,-1.84550,0.92219,-0.02816,-0.10635,-0.30824,1.38785,0.36766,1.24716,1.67267,0.54956,-2.34101,6.91685,4.05896,1.04126,1.66482,0.85233,1.27145,-0.31591,2.64735
2.28000,1.34688,0.04729,0.29204,-0.04707,-0.09312,0.06602,0.99235,-0.08346,0.45041,-1.65043,0.15689,0.32423,-1.10925,0.00833,1.25455,-1.69782,0.08314,1.37445,-1.95888,0.92014,0.07605,-0.09760,0.00756,2.58658,0.32050,-0.80430,5.62714,2.78031,-0.32971,3.86865,-8.71854,0.23820,-1.21916,3.06844,-1.92252,-3.50765,-2.05872
2.32000,1.38539,0.05055,0.28749,-0.03088,-0.04764,0.06621,0.99619,-0.21677,0.41788,-1.94640,0.13244,0.48863,-1.39032,-0.02411,1.21436,-1.57629,0.10594,1.27233,-1.82533,0.98992,0.06747,-0.06606,0.44565,0.88866,-0.45102,-2.58516,-6.42740,-3.66541,0.13760,3.96933,-3.35059,-0.78713,0.67030,2.42172,1.76124,2.02910,1.02551
2.36000,1.42645,0.05706,0.29169,-0.07752,0.02162,0.05464,0.99526,-0.36338,0.06292,-1.86316,0.22754,0.65826,-1.67423,0.04242,0.95646,-1.22320,0.12428,1.09633,-1.66342,1.08164,0.21827,0.16214,-2.57846,3.66079,-0.69825,-2.88864,-7.14636,-0.10788,2.68247,2.59466,-5.12966,1.56328,-8.19090,11.38250,-1.82222,-1.97956,-0.42875
2.40000,1.46781,0.06665,0.29364,-0.09152,0.08590,0.05814,0.99039,-0.47445,-0.20242,-1.37072,0.21338,0.76984,-1.86227,0.09561,0.79365,-1.04716,0.13592,0.81002,-1.82596,1.05035,0.24055,-0.06167,1.15532,2.39512,0.09238,0.52237,-2.01168,1.68409,-2.16156,2.92267,-2.90582,-0.10769,-0.50782,0.42150,0.51813,-6.36628,-3.12012
2.44000,1.50940,0.07386,0.29359,-0.04639,0.10045,0.06167,0.99194,-0.24513,-0.06499,-1.27537,0.09754,0.89524,-1.85649,0.01451,0.82148,-1.30439,0.12193,0.50140,-2.04944,1.03325,0.07092,-0.01899,3.98492,0.32090,-1.01978,-3.77912,6.09551,-8.07416,-3.88858,2.99490,2.30758,-3.89006,-2.39273,-2.10294,-1.66556,-5.07622,-2.32196
2.48000,1.55035,0.07566,0.29090,-0.00400,0.07001,0.05754,0.99588,-0.28366,0.19185,-1.42062,0.02698,0.98185,-1.74023,-0.03056,1.05315,-1.81903,0.04449,0.24819,-1.81982,1.00125,0.06018,-0.09134,-0.75231,-2.77441,-0.00121,2.45330,5.98533,-0.57590,0.92290,-0.25551,1.18268,-0.38875,3.03555,-0.75765,-1.95237,-1.92215,0.67318
2.52000,1.58947,0.07829,0.28286,-0.01940,0.00141,0.05138,0.99849,-0.19400,0.43439,-1.41150,0.01201,1.12579,-1.93718,-0.18316,1.23401,-2.08272,-0.00559,0.45594,-1.57715,0.84353,0.05924,-0.14067,-0.54507,-2.17292,0.00066,1.20109,4.56019,0.14902,-0.00634,0.00800,-0.70901,-2.27450,-0.69173,-1.72440,0.80894,7.22983,-5.78216
2.56000,1.62180,0.08253,0.28358,-0.04941,-0.06895,0.04716,0.99528,-0.10557,0.58152,-1.24659,-0.03875,1.14103,-2.23990,-0.34028,1.07405,-2.43337,0.05499,0.81790,-1.82578,0.76633,0.13675,0.24635,-1.09215,-3.72767,-0.03861,1.76321,2.15243,6.99563,-0.78312,-2.40459,-1.86949,-1.49523,-4.04892,-3.53600,1.25468,8.70809,-4.30899
2.60000,1.65396,0.08734,0.29088,-0.04385,-0.12762,0.03871,0.99010,-0.05930,0.65143,-1.13610,0.07987,0.82665,-2.33157,-0.40391,0.91815,-2.39803,0.03128,1.14879,-1.95556,0.84398,0.09876,0.17134,2.46282,-1.96067,0.13558,-0.28869,0.26215,0.28923,1.29785,-5.07667,-2.21676,0.35471,-0.20323,0.26155,-2.87736,6.95583,-1.37357
2.64000,1.68700,0.09029,0.29348,-0.00328,-0.15314,0.03327,0.98764,-0.13024,0.48732,-1.54712,0.21755,0.46322,-1.94280,-0.25520,0.95403,-1.89787,-0.07293,1.38458,-1.98667,0.84965,0.02732,-0.07876,2.33056,-0.75374,0.64725,-3.10412,-8.31369,-4.78860,0.02704,-9.18471,1.55856,4.19310,3.88855,3.73074,-2.49488,4.91245,-0.47467
2.68000,1.72146,0.09010,0.29341,-0.01092,-0.14437,0.03766,0.98875,-0.15115,0.22938,-1.71414,0.30262,0.09580,-1.65426,-0.16472,1.05590,-1.78766,-0.03549,1.46953,-1.94096,0.88170,0.03531,0.10003,-1.70039,1.88474,0.11116,-0.97103,-1.92493,-1.46024,-0.28488,-8.84369,0.73765,2.30932,0.46368,2.16119,2.49393,-1.37977,3.33186
2.72000,1.76009,0.09018,0.29753,-0.02892,-0.11679,0.04761,0.99159,-0.09717,0.33632,-1.78028,0.22279,0.02308,-1.26577,-0.09406,1.12649,-1.72391,0.04361,1.44417,-1.80266,1.03317,0.00279,0.01839,-0.41415,1.62000,0.37891,1.23152,2.50318,0.92558,-2.19746,4.82803,3.46271,1.04975,1.31359,1.70273,1.21620,-0.93570,3.75687
2.76000,1.80249,0.09153,0.29504,-0.04060,-0.08813,0.05841,0.99357,-0.06417,0.55234,-1.57627,0.12045,0.32466,-1.11512,-0.04044,1.18843,-1.65811,0.09342,1.37443,-1.84308,1.04308,0.04226,-0.13348,0.45529,1.69021,0.52411,-0.61157,5.21966,2.56293,-0.74217,4.54469,-7.60232,0.04704,1.28468,1.54434,-1.48222,-2.20918,-1.17210
2.80000,1.84491,0.09270,0.28731,-0.02292,-0.06027,0.06086,0.99606,-0.17650,0.54291,-2.00073,0.09375,0.52895,-1.37965,-0.06419,1.24582,-1.60247,0.12169,1.29791,-1.74430,1.05343,0.00849,-0.15362,0.26106,0.31111,-0.34904,-2.57258,-7.07828,-4.37562,0.43635,4.56697,-3.29769,-0.31073,2.36021,1.19798,1.57336,1.29795,0.67652
2.84000,1.88800,0.09586,0.28999,-0.06078,0.00664,0.05185,0.99678,-0.32646,0.19161,-1.95092,0.17056,0.71051,-1.65197,0.00504,1.02855,-1.29199,0.15731,1.11828,-1.47694,1.10967,0.11206,0.14370,-1.83171,3.78463,-0.56464,-2.41255,-6.45924,-0.13890,2.01506,2.45872,-4.85771,1.37725,-7.40574,10.18270,-1.89069,-2.83635,2.06166
2.88000,1.93155,0.10188,0.29273,-0.08855,0.08887,0.05396,0.99063,-0.47835,-0.14440,-1.54211,0.19247,0.81037,-1.87294,0.07754,0.74329,-0.91315,0.14824,0.93283,-1.58792,1.10105,0.14266,-0.04808,0.12518,3.49495,0.01005,-1.66626,-5.94857,0.61542,-0.63185,2.46326,-3.84879,1.35949,-2.56634,2.61601,0.09317,-3.51760,-2.02115
2.92000,1.97405,0.10640,0.29250,-0.06705,0.12807,0.06303,0.98749,-0.30882,-0.18962,-1.26670,0.13118,0.91233,-1.92529,0.05038,0.70876,-1.15928,0.18781,0.69727,-2.01594,1.07658,0.05361,0.02131,3.00767,1.21430,-0.22995,4.48987,4.64323,3.09231,-3.37866,2.41654,1.10635,-3.18385,-2.81878,-2.32274,0.53219,-6.75884,-4.06700
2.96000,2.01727,0.10647,0.29486,-0.01993,0.10429,0.06848,0.99199,-0.31761,0.06859,-1.34090,0.04320,1.01953,-1.75879,0.02797,0.99319,-1.63117,0.13734,0.33302,-2.08595,1.02863,0.00706,0.17914,0.10340,-2.94269,0.47969,2.18045,6.08084,0.70692,0.58794,2.35378,6.43300,1.07855,5.12106,0.32365,-1.83037,-8.80730,-0.08491
3.00000,2.05798,0.10672,0.29406,-0.00668,0.03221,0.06501,0.99734,-0.25212,0.32554,-1.32578,0.01354,1.14469,-1.82560,-0.14730,1.29094,-2.05373,-0.03675,0.25978,-1.68789,1.01467,-0.00325,-0.16393,-1.82453,-4.08156,-0.31434,4.04087,5.04858,1.86288,2.44118,-0.24910,-1.19327,-3.42895,3.72942,-1.55662,-2.23390,4.30900,3.35462
3.04000,2.09492,0.10485,0.28710,-0.02161,-0.01482,0.05638,0.99806,-0.09602,0.43485,-1.38654,0.00550,1.13479,-2.06385,-0.25600,1.19255,-2.40566,-0.03284,0.51872,-1.60320,0.86099,-0.08326,-0.08086,1.19879,-0.54760,-0.24136,0.88145,0.38996,-1.48085,-1.38045,-1.65287,-1.00127,0.18108,-4.17942,-3.48561,-0.63395,4.78889,-2.68276
3.08000,2.12792,0.10482,0.28831,-0.03592,-0.07565,0.05067,0.99520,-0.03265,0.58570,-1.26699,-0.05092,1.01340,-2.36396,-0.38305,0.99954,-2.43863,-0.00099,0.88151,-1.82035,0.75948,0.07209,0.24766,-0.93929,-4.48036,0.05895,1.61706,2.58113,7.96004,-1.26493,-3.95054,-2.18651,-1.31279,-1.36476,-0.67589,1.40092,9.82706,-4.83557
3.12000,2.15759,0.10718,0.29388,-0.03887,-0.13345,0.04489,0.98927,-0.08002,0.54078,-1.32977,0.09999,0.68087,-2.36915,-0.37423,0.87147,-2.17482,0.00310,1.19697,-1.94584,0.75602,0.03031,0.07446,1.75799,-1.81487,0.29907,-3.18031,-4.65514,-2.26293,1.52779,-5.38182,-1.34984,1.37361,0.23395,1.29906,-1.71596,6.27536,-1.50389
3.16000,2.18815,0.10676,0.29382,-0.00386,-0.15438,0.04683,0.98689,-0.20093,0.24901,-1.78952,0.26889,0.31737,-1.87982,-0.19548,0.99242,-1.76194,-0.06140,1.39081,-1.97094,0.81119,-0.05296,-0.12774,3.00963,-0.63062,1.20262,-3.48577,-7.76655,-4.19500,-0.42005,-9.06926,2.13253,-3.26372,6.70077,-5.61750,-2.45435,4.32129,-0.29816
3.20000,2.22172,0.10402,0.29557,-0.00523,-0.14316,0.06045,0.98784,-0.17911,0.15038,-1.94306,0.31834,-0.03887,-1.65884,-0.15437,1.12407,-1.78652,-0.00152,1.43106,-1.89524,0.87957,-0.03122,0.15575,-0.76986,1.75878,0.75085,-0.12941,1.69255,0.17936,-1.25354,-7.05829,-0.09893,1.88914,0.97325,1.88088,2.15471,-2.02488,4.05406
3.24000,2.25891,0.10238,0.29740,-0.01619,-0.13537,0.07246,0.98801,-0.08122,0.29639,-1.81419,0.22681,0.05637,-1.25955,-0.08089,1.27414,-1.77982,0.09209,1.44342,-1.81657,0.95611,-0.01941,-0.11013,-0.47309,0.82100,0.32525,1.40869,2.09480,1.10538,-1.86447,8.15583,4.60914,1.27669,2.61786,0.37275,-0.00988,-0.46639,0.18014
3.28000,2.29691,0.10457,0.29367,-0.04439,-0.09725,0.07944,0.99109,-0.06724,0.44502,-1.67373,0.14561,0.37152,-1.13399,0.00604,1.26911,-1.67832,0.09302,1.33463,-1.89595,0.94348,0.10392,-0.10431,-0.64943,2.45040,0.19166,-1.49280,3.87504,1.84673,0.29171,4.03807,-8.70344,0.84331,-1.32369,3.29958,-1.95013,-1.94024,-1.18459
3.32000,2.33581,0.10915,0.28993,-0.03515,-0.04979,0.07758,0.99512,-0.22648,0.38079,-1.93897,0.13587,0.52698,-1.40303,-0.01795,1.20759,-1.53600,0.09233,1.26196,-1.75118,0.98969,0.09708,-0.03346,0.29980,1.03878,-0.59439,-2.53972,-5.58082,-3.24572,0.31248,3.80951,-3.10549,-0.81659,-0.02177,3.02172,1.64623,1.68503,1.15820
3.36000,2.37651,0.11685,0.29458,-0.08286,0.02102,0.06511,0.99421,-0.36717,0.02903,-1.82910,0.22588,0.69014,-1.68600,0.04677,0.93083,-1.15764,0.12855,1.05665,-1.64152,1.07131,0.24793,0.15138,-2.36811,3.67378,-0.70729,-2.85597,-6.91162,-0.17856,2.30036,2.51906,-4.97177,1.27794,-8.47994,11.79480,-1.47931,-2.92754,-1.07116
3.40000,2.41757,0.12756,0.29580,-0.09484,0.08454,0.06802,0.98956,-0.46749,-0.22193,-1.34964,0.20828,0.80058,-1.86555,0.09512,0.76257,-1.01155,0.14309,0.79564,-1.82766,1.04536,0.26938,-0.07787,1.14614,2.41163,0.05216,0.60806,-1.42381,1.75737,-2.21408,2.96007,-2.81156,-0.21307,-0.93389,0.15201,0.57974,-5.47966,-2.82510
3.44000,2.45894,0.13558,0.29593,-0.04696,0.09887,0.07058,0.99148,-0.23321,-0.06399,-1.25755,0.08806,0.92134,-1.84730,0.01316,0.79185,-1.29166,0.12520,0.50141,-2.06222,1.02766,0.08348,0.00334,4.14896,0.37369,-1.09145,-3.65618,6.28575,-8.38889,-4.00594,2.72643,2.74501,-3.82750,-2.29520,-2.14155,-1.72666,-5.29221,-2.48139
3.48000,2.50003,0.13828,0.29281,-0.00261,0.06989,0.06481,0.99544,-0.27406,0.19441,-1.41189,0.01457,0.90250,-1.77815,-0.03364,1.03409,-1.82327,0.04519,0.24362,-1.81795,1.02515,0.09555,-0.13538,-0.91913,-2.89052,-0.14422,2.73211,6.10114,-0.74502,0.32449,-3.41034,-0.64853,-0.50781,3.52743,-0.75519,-1.72410,-1.89662,0.70972
3.52000,2.54116,0.14197,0.28209,-0.02111,-0.00025,0.05383,0.99833,-0.17264,0.44788,-1.42122,0.00380,1.06562,-1.89505,-0.18472,1.21767,-2.09878,0.00649,0.45371,-1.57064,0.89582,0.07826,-0.21352,-0.48865,-1.99534,-0.22514,1.17825,4.82533,-0.74364,0.12978,2.79553,0.70996,-1.99238,-0.96794,-1.87705,0.65051,7.52532,-6.31496
3.56000,2.57490,0.14751,0.28246,-0.04515,-0.06873,0.04928,0.99540,-0.10111,0.60114,-1.26561,-0.06078,1.15003,-2.18841,-0.33167,1.06243,-2.39694,0.05158,0.81808,-1.81956,0.78366,0.18323,0.29179,-0.95479,-3.90852,0.12821,1.43769,2.10533,7.78464,-0.77885,-2.67183,-1.97106,-1.39437,-3.61634,-2.99103,1.07151,8.89643,-4.25185
3.60000,2.60746,0.15393,0.29046,-0.04232,-0.12983,0.04296,0.98970,-0.05416,0.63292,-1.21198,0.07979,0.82884,-2.35061,-0.40596,0.93144,-2.38667,0.03197,1.15598,-1.95260,0.84664,0.14103,0.18317,2.28036,-2.10524,0.21354,-0.23071,-1.50124,-0.55064,1.67318,-5.61013,-2.60184,-0.16617,0.02905,-0.00967,-2.72405,7.18685,-1.52385
3.64000,2.64102,0.15841,0.29459,-0.00149,-0.15655,0.04088,0.98682,-0.12540,0.41743,-1.58792,0.22023,0.46474,-1.96870,-0.26515,0.97007,-1.91378,-0.07193,1.38510,-1.97733,0.87345,0.06120,-0.01679,2.39954,-0.72680,0.88236,-3.05023,-7.86005,-4.50461,0.01401,-9.30487,1.72625,4.18581,3.66687,3.65062,-2.45382,4.66761,-0.07012
3.68000,2.67668,0.15917,0.29494,-0.00153,-0.15251,0.04994,0.98704,-0.16114,0.17436,-1.75339,0.32571,0.09627,-1.64739,-0.16766,1.08791,-1.78142,-0.04294,1.48308,-1.93332,0.90171,0.04546,0.07347,-1.41140,1.58139,0.37189,-1.15103,-2.02007,-1.46623,0.57743,-9.11640,0.84471,2.06066,1.22793,1.54218,2.38589,-0.89026,3.04438
3.72000,2.71555,0.15982,0.29793,-0.01513,-0.12867,0.06298,0.98957,-0.11159,0.27340,-1.83065,0.26412,-0.01617,-1.29089,-0.10302,1.17096,-1.73381,0.03569,1.46956,-1.80481,1.02388,0.02177,-0.00141,-0.32010,1.51819,0.50572,1.17686,2.25334,0.81785,-2.03701,3.50484,2.87043,0.99487,1.57155,1.43057,1.22548,-0.81210,3.57860
3.76000,2.75758,0.16233,0.29599,-0.03238,-0.10012,0.07293,0.99177,-0.04888,0.51051,-1.60812,0.13109,0.29863,-1.02425,-0.03758,1.22354,-1.65824,0.08496,1.41607,-1.81636,1.03764,0.09186,-0.16058,-0.82851,2.43788,0.36740,-0.04133,5.39471,2.54349,0.38472,5.18408,-10.99200,1.26365,-0.52850,2.79096,-1.53457,-2.29047,-1.14321
3.80000,2.79906,0.16451,0.28847,-0.00871,-0.06935,0.07821,0.99448,-0.15776,0.57596,-1.92452,0.09181,0.47709,-1.29051,-0.06902,1.27450,-1.60176,0.11598,1.29159,-1.79393,1.02302,0.00742,-0.12555,1.10005,0.04357,-0.23105,-1.86613,-4.67890,-3.11993,-0.29326,4.33277,-2.34553,-1.03355,3.11054,0.59740,2.14320,-0.37862,-0.32474
3.84000,2.84172,0.16814,0.29104,-0.04479,-0.00896,0.06607,0.99677,-0.30879,0.22739,-2.00997,0.15767,0.71961,-1.60773,-0.00967,1.07569,-1.31167,0.15522,1.14337,-1.53209,1.11767,0.13898,0.14170,-2.56791,3.47308,-0.74367,-3.47444,-6.77189,-1.16349,2.81174,2.78853,-4.89734,1.85008,-7.33377,10.06420,-1.46695,-0.45028,2.45832
3.88000,2.88525,0.17546,0.29496,-0.08803,0.07296,0.06561,0.99127,-0.48074,-0.11631,-1.51536,0.18239,0.82375,-1.85257,0.08322,0.77500,-0.89767,0.15575,0.93725,-1.58440,1.08103,0.17519,-0.02473,-0.44310,3.72816,-0.13213,-1.80137,-6.60870,1.15922,-0.05536,2.36379,-4.16109,1.24996,-2.84155,0.00000,-0.58004,-4.89612,-2.27267
3.92000,2.92713,0.18129,0.29564,-0.07805,0.11764,0.07074,0.98745,-0.31852,-0.21204,-1.27099,0.15138,0.91353,-1.89560,0.06094,0.67217,-1.11428,0.18429,0.69769,-2.02601,1.07127,0.09466,0.04044,2.71117,1.29973,-0.30886,4.12651,3.50529,2.50888,-3.07821,2.36128,1.08373,-3.01713,-3.46647,-2.35108,0.71437,-5.93304,-3.84873
3.96000,2.97107,0.18268,0.29781,-0.02350,0.10063,0.07361,0.99192,-0.30638,0.05261,-1.32834,0.04755,1.01556,-1.73647,0.02418,0.92971,-1.54569,0.13975,0.33860,-2.08898,1.06532,0.01481,0.14282,0.40213,-2.49384,0.19740,1.81833,6.05949,-0.43622,0.35827,2.37615,6.09441,1.35000,4.82570,0.44943,-1.08190,-8.14924,-0.56921
4.00000,3.01339,0.18342,0.29624,-0.00593,0.03386,0.06650,0.99719,-0.24899,0.31734,-1.34601,0.01299,1.11988,-1.82458,-0.13331,1.23831,-1.99139,-0.02693,0.25740,-1.72251,1.05995,0.01617,-0.16668,-1.77484,-4.15136,-0.45705,4.23503,6.04475,1.15907,2.39835,-0.81550,-1.41600,-3.59675,4.37750,-1.43434,-2.20748,4.09209,3.15955
4.04000,3.05210,0.18245,0.28832,-0.02391,-0.01627,0.05516,0.99806,-0.10935,0.47974,-1.39460,0.00956,1.11729,-2.06866,-0.24999,1.19026,-2.36483,-0.02632,0.52044,-1.57621,0.88267,-0.05603,-0.10536,0.63231,-0.60043,-0.38292,0.34919,2.01057,-1.44546,-1.10481,-1.23179,-0.89663,0.17161,-4.07467,-3.55828,-0.21929,5.07008,-3.14906
4.08000,3.08644,0.18373,0.28898,-0.04482,-0.07792,0.04697,0.99484,-0.03513,0.62766,-1.26459,-0.05236,1.05705,-2.33587,-0.38370,0.99668,-2.47950,0.01276,0.89373,-1.80561,0.80205,0.11181,0.24915,-1.18006,-4.41213,-0.03197,1.78716,2.34014,8.16637,-1.18558,-3.02080,-1.73106,-1.43832,-1.75683,-1.25046,1.43052,10.00220,-4.88091
4.12000,3.11765,0.18764,0.29486,-0.04925,-0.13146,0.03969,0.98930,-0.09134,0.56212,-1.33179,0.11571,0.71886,-2.35031,-0.37378,0.88678,-2.23370,0.01101,1.20279,-1.92156,0.79571,0.07105,0.08822,1.70332,-1.61948,0.22315,-3.33390,-5.09412,-2.43759,1.79568,-6.11500,-1.52839,1.34340,0.68156,1.43169,-1.92582,6.04683,-1.20253
4.16000,3.14977,0.18898,0.29525,-0.01638,-0.14976,0.03902,0.98782,-0.20721,0.25797,-1.77013,0.28502,0.35433,-1.88340,-0.19401,1.00608,-1.83518,-0.06293,1.39345,-1.93896,0.83595,0.00285,-0.08743,2.24835,-0.33974,0.80126,-2.56448,-8.06024,-3.88957,0.38639,-9.21200,1.87658,4.05271,4.47068,3.54054,-2.10608,3.80484,0.11750
4.20000,3.18395,0.18840,0.29481,-0.02197,-0.14327,0.04700,0.98832,-0.17744,0.14945,-1.80450,0.33477,0.00560,-1.60126,-0.12112,1.13408,-1.79536,-0.01865,1.47214,-1.89019,0.87591,0.03092,0.06193,-1.22516,1.66973,0.22349,0.10191,1.79829,0.67225,-1.02673,-6.53777,-0.06691,1.83128,0.69946,1.90756,2.03790,-1.15452,3.17790
4.24000,3.22151,0.18828,0.29528,-0.03161,-0.12444,0.05777,0.99004,-0.09442,0.34792,-1.80160,0.20944,0.10206,-1.23794,-0.05944,1.25128,-1.76480,0.04674,1.48049,-1.78180,0.96585,-0.00573,-0.12261,-0.47903,1.53230,0.40872,1.20733,2.43476,0.83369,-2.57677,8.04984,4.55885,1.21086,1.46432,1.15225,1.42251,-0.60169,2.88399
4.28000,3.26005,0.19002,0.29058,-0.03928,-0.08539,0.06708,0.99331,-0.07423,0.51816,-1.61809,0.13559,0.37499,-1.18700,-0.01598,1.26016,-1.67690,0.06395,1.34232,-1.89896,0.95825,0.05197,-0.07989,1.00662,1.64790,0.29337,-0.00434,4.73834,2.44826,-1.02226,3.75644,-5.64842,-0.77431,0.64267,1.99313,-1.31885,-3.39500,-1.86233
4.32000,3.30043,0.19299,0.28780,-0.03003,-0.04101,0.06602,0.99652,-0.22285,0.42605,-1.96841,0.12052,0.57402,-1.46000,-0.03220,1.20870,-1.53091,0.09400,1.27636,-1.68973,1.04570,0.07363,-0.02253,-0.63359,1.37852,-0.34219,-4.09562,-7.31183,-4.29099,0.98906,3.77716,-3.82952,0.49843,-0.83597,4.01284,1.95776,3.07292,2.58039
4.36000,3.34366,0.19992,0.29302,-0.08826,0.03141,0.05947,0.99382,-0.37883,0.06486,-1.76970,0.23116,0.72645,-1.72282,0.06603,0.92160,-1.11724,0.14878,1.11662,-1.57079,1.12284,0.22644,0.16016,-2.13223,3.81914,-0.57076,-2.44790,-8.12306,0.75609,2.02280,2.46891,-4.66273,1.18949,-8.88109,12.54710,-1.57408,-3.12997,-1.05387
4.40000,3.38690,0.20962,0.29429,-0.09210,0.09735,0.06471,0.98886,-0.48342,-0.21021,-1.34622,0.20994,0.82951,-1.88198,0.10280,0.75461,-1.00263,0.15451,0.88036,-1.83836,1.09760,0.23733,-0.06779,1.33315,2.56476,0.06997,0.51209,-2.55539,1.26065,-2.34514,2.87198,-2.53329,-0.20964,-1.21320,-0.11733,0.92025,-5.48541,-3.23903
4.44000,3.43071,0.21650,0.29438,-0.04223,0.11359,0.06902,0.99023,-0.28018,-0.05671,-1.30068,0.08658,0.94720,-1.85430,0.01504,0.81466,-1.35284,0.13889,0.55775,-2.13631,1.08467,0.05110,0.03211,2.17001,-0.01966,-0.66378,-1.28045,5.29850,-4.93407,-1.84221,2.86709,2.87596,-1.88054,-1.92469,-2.08310,0.88135,-6.48665,-2.73955
4.48000,3.47447,0.21806,0.29403,-0.00673,0.07509,0.06572,0.99499,-0.28971,0.20320,-1.40403,0.03244,1.04366,-1.67931,-0.05778,1.10694,-1.82378,0.06101,0.24997,-1.86726,1.07479,0.05689,-0.03825,-1.06881,-3.22500,0.15521,3.13012,6.28036,0.25047,1.36606,0.64573,2.23289,-0.95364,5.06960,0.02205,-2.36376,-4.09440,0.76337
4.52000,3.51715,0.22012,0.28623,-0.02634,0.00121,0.05782,0.99798,-0.18210,0.44872,-1.37803,0.00966,1.13611,-1.91222,-0.20426,1.31157,-2.16798,-0.00297,0.41177,-1.57017,1.00116,0.05039,-0.21603,-0.75868,-2.90671,-0.43529,1.60759,3.78953,1.30969,-0.62498,-1.88205,-1.56491,-2.31782,-0.93646,-1.98146,1.12022,9.38391,-8.04423
4.56000,3.55515,0.22360,0.28542,-0.05760,-0.07125,0.04720,0.99467,-0.08048,0.61007,-1.22513,-0.05797,1.12539,-2.25523,-0.32752,1.09346,-2.47014,0.06149,0.81450,-1.85334,0.89915,0.11211,0.19781,-0.76296,-3.62770,-0.16724,1.54961,2.59239,6.32490,-0.69112,-1.74848,-1.78750,-1.05761,-4.15423,-3.27619,0.96407,9.38520,-4.68967
4.60000,3.59146,0.22761,0.29353,-0.04398,-0.12466,0.03817,0.99049,-0.07013,0.69320,-1.04654,0.05231,0.82258,-2.31685,-0.39537,0.90888,-2.34845,0.02380,1.14506,-1.96672,0.93696,0.06585,0.22354,2.66505,-1.52002,0.19306,-0.67224,1.66195,1.24978,1.32331,-4.62760,-2.13284,0.43541,-0.32344,0.61161,-2.93009,6.39274,-0.49936
4.64000,3.62732,0.22960,0.29705,-0.00266,-0.14270,0.03154,0.98926,-0.14826,0.55967,-1.47964,0.19358,0.46150,-1.92393,-0.24656,0.91353,-1.86902,-0.06486,1.38802,-1.96522,0.90427,0.01846,-0.08700,2.35255,-0.48750,0.44434,-3.04297,-9.01378,-5.14778,-0.04789,-8.63443,1.27358,4.02435,3.42745,3.32051,-2.34534,4.58227,0.05404
4.68000,3.66386,0.22872,0.29450,-0.01099,-0.13405,0.03475,0.99030,-0.14475,0.28799,-1.64427,0.27461,0.09629,-1.66273,-0.13720,1.01385,-1.73055,-0.02557,1.48445,-1.92434,0.93088,0.00806,-0.00735,-1.58346,1.77213,0.18080,-0.36805,-2.08804,-1.44684,-0.29341,-8.45487,0.25051,2.15226,1.02287,1.34161,2.48482,-0.80883,2.90723
4.72000,3.70464,0.22860,0.29613,-0.02814,-0.10789,0.04551,0.99272,-0.07238,0.43696,-1.68017,0.17020,0.06556,-1.22793,-0.07179,1.09025,-1.68189,0.05452,1.47032,-1.78953,1.08792,0.02128,-0.01139,-0.63892,1.81365,0.35402,1.54440,3.75384,1.48136,-2.71865,6.19216,4.18608,1.19055,1.02779,1.94948,1.39824,-1.27573,4.09682
4.76000,3.74894,0.23018,0.29275,-0.02744,-0.08072,0.05613,0.99478,-0.04464,0.64228,-1.46777,0.08000,0.34153,-1.14006,-0.04777,1.16646,-1.62839,0.08620,1.36265,-1.88639,1.09343,0.02441,-0.08874,1.45247,0.76284,0.44125,0.09546,4.88021,2.53186,-1.42661,4.56786,-4.79580,-1.07352,2.96380,0.56909,-0.84594,-3.07056,-1.63372
4.80000,3.79355,0.23163,0.28640,-0.01159,-0.05641,0.05610,0.99676,-0.19651,0.56271,-2.03600,0.04893,0.59415,-1.40633,-0.07262,1.22667,-1.56186,0.15619,1.33257,-1.65531,1.11431,0.03753,-0.13052,-0.64535,0.63290,-0.32144,-4.63110,-9.14754,-6.26715,1.07665,4.62355,-3.83283,0.63695,1.38507,2.30823,2.16798,4.11825,2.20796
4.84000,3.83927,0.23630,0.29025,-0.06723,0.01024,0.04785,0.99654,-0.34807,0.19463,-1.89117,0.15947,0.76312,-1.65404,0.02874,0.98715,-1.20682,0.19698,1.15541,-1.37731,1.16228,0.15892,0.16667,-2.01621,3.76113,-0.69291,-1.71125,-8.98886,1.44212,2.06240,2.59186,-4.45181,1.24809,-8.09037,11.41910,-2.71884,-3.39616,0.52083
4.88000,3.88472,0.24338,0.29271,-0.08797,0.09148,0.05023,0.99064,-0.50288,-0.16441,-1.55934,0.16790,0.85905,-1.85173,0.10310,0.72245,-0.89892,0.16514,0.89280,-1.50067,1.13055,0.16215,-0.05469,0.11835,3.51745,-0.05652,-1.55710,-7.66237,0.40837,-0.70029,2.50819,-3.59753,1.83226,-2.80463,0.00000,-0.06029,-5.15740,-2.58844
4.92000,3.92881,0.24890,0.29267,-0.06976,0.12884,0.05867,0.98747,-0.32199,-0.26100,-1.26112,0.11127,0.96058,-1.88618,0.09630,0.65987,-1.12159,0.18668,0.67124,-1.97804,1.12677,0.07961,0.02988,2.93650,1.02091,-0.16576,4.36455,4.41820,3.07796,-3.34595,2.26981,1.72541,-2.82995,-2.59923,-2.02367,0.33083,-5.97530,-3.93672
4.96000,3.97406,0.24980,0.29544,-0.02246,0.10312,0.06433,0.99233,-0.30806,0.01757,-1.32185,0.02272,1.05309,-1.69224,0.05441,0.93424,-1.58486,0.14402,0.31166,-2.07342,1.07636,0.01790,0.18824,-0.04452,-2.99400,0.44986,2.41957,6.43870,0.27545,0.78480,1.90295,7.11223,0.57673,4.79519,0.14031,-1.22603,-8.40524,-0.62072
5.00000,4.01678,0.25055,0.29505,-0.00870,0.02915,0.06060,0.99770,-0.24135,0.29609,-1.32156,0.00211,1.15094,-1.80516,-0.14612,1.25602,-2.03555,-0.03224,0.24212,-1.68968,1.07142,0.00798,-0.14747,-1.89905,-4.30483,-0.27113,4.15921,5.89802,1.75480,2.78753,-1.14112,-1.72559,-3.77920,5.13551,-1.42800,-2.30413,4.42148,3.37846
5.04000,4.05553,0.24904,0.28920,-0.02072,-0.01849,0.05344,0.99818,-0.09051,0.42361,-1.39385,-0.00376,1.12991,-2.04925,-0.26004,1.19112,-2.39574,-0.03551,0.50044,-1.58526,0.90219,-0.07412,-0.04753,1.34519,-0.50357,-0.16252,1.06890,0.16239,-1.44287,-1.39525,-1.21330,-0.84974,0.16768,-4.22500,-3.59132,-0.79017,4.80654,-2.56195
5.08000,4.09016,0.24916,0.29145,-0.03412,-0.07867,0.04905,0.99511,-0.03108,0.58119,-1.27496,-0.05250,0.99084,-2.35524,-0.38221,1.00450,-2.40875,-0.00419,0.86564,-1.80118,0.80335,0.07048,0.26162,-0.92915,-4.50082,0.09897,1.56036,2.82145,7.93297,-1.28041,-4.52990,-2.42583,-1.31758,-1.17080,-0.49475,1.41282,9.98676,-4.90407
5.12000,4.12137,0.25142,0.29734,-0.03937,-0.13695,0.04401,0.98882,-0.07244,0.53424,-1.32862,0.09889,0.66520,-2.35844,-0.37340,0.87131,-2.15790,0.00673,1.18698,-1.93002,0.79227,0.02917,0.07521,1.64023,-1.86968,0.31792,-3.05274,-4.73885,-2.24369,1.53227,-4.75495,-1.28943,1.23466,0.01930,1.11588,-1.55357,6.47729,-1.62291
5.16000,4.15334,0.25101,0.29720,-0.00437,-0.15777,0.04724,0.98634,-0.20145,0.24221,-1.80302,0.26847,0.30257,-1.87558,-0.19868,0.99500,-1.74812,-0.05507,1.38381,-1.95587,0.84620,-0.05157,-0.12801,2.98417,-0.62297,1.27396,-3.70615,-7.82201,-4.22689,-0.32172,-9.00099,2.00403,-3.23989,6.89694,-5.71483,-2.37686,4.38049,-0.29005
5.20000,4.18806,0.24819,0.29840,-0.00518,-0.14702,0.06178,0.98719,-0.18647,0.13115,-1.95330,0.32590,-0.05064,-1.65042,-0.15754,1.13545,-1.77888,0.00609,1.42936,-1.88289,0.90243,-0.03568,0.13528,-0.70129,1.72868,0.79734,-0.17412,1.45794,0.09338,-1.12429,-6.75256,-0.16523,1.85237,1.19747,1.68636,2.12608,-1.87583,3.96188
5.24000,4.22601,0.24640,0.29967,-0.01492,-0.13965,0.07430,0.98730,-0.08645,0.28214,-1.81222,0.23506,0.05216,-1.25626,-0.08505,1.28802,-1.77675,0.08900,1.45280,-1.80988,0.97136,-0.02342,-0.11992,-0.46987,0.86799,0.34328,1.48791,2.37286,1.25461,-1.84826,8.13674,4.58159,1.31792,2.62977,0.36985,-0.11204,-0.30351,0.22593
5.28000,4.26446,0.24862,0.29593,-0.04628,-0.09782,0.08071,0.99085,-0.05838,0.44051,-1.66088,0.13961,0.37999,-1.09163,0.00874,1.26694,-1.66368,0.08957,1.33935,-1.88236,0.95377,0.11127,-0.12087,-0.97777,2.87875,0.11989,-1.40597,3.97067,1.89829,0.54301,4.27552,-10.04350,1.11122,-2.21051,3.85989,-2.11986,-2.13545,-1.30899
5.32000,4.30367,0.25305,0.29145,-0.03453,-0.04922,0.07920,0.99504,-0.21678,0.38181,-1.91438,0.12493,0.53048,-1.36343,-0.01929,1.20580,-1.52396,0.09993,1.25382,-1.76416,0.99970,0.08476,-0.04682,0.64506,0.84226,-0.58344,-2.37882,-5.60136,-3.21116,0.01699,3.82985,-2.63144,-1.12077,0.54807,2.58206,1.94086,1.54300,0.72271
5.36000,4.34486,0.26019,0.29561,-0.08014,0.02030,0.06619,0.99438,-0.35809,0.02668,-1.84128,0.21070,0.70026,-1.65092,0.04234,0.93561,-1.15338,0.13643,1.04574,-1.64255,1.08249,0.23182,0.13728,-2.53838,3.66889,-0.73586,-3.03533,-7.27062,-0.28164,2.50222,2.54867,-5.02702,1.45958,-8.52615,11.82010,-1.53451,-2.71993,-0.87159
5.40000,4.38617,0.27027,0.29650,-0.09748,0.08624,0.06885,0.98910,-0.46515,-0.22389,-1.35562,0.20142,0.80799,-1.83927,0.09858,0.74455,-0.98833,0.14891,0.77707,-1.81693,1.04905,0.25593,-0.08518,0.94584,2.55710,0.05499,0.48930,-1.30673,1.84280,-1.94711,2.82788,-2.92878,-0.10365,-1.43784,0.04745,0.40534,-5.65395,-2.85348
5.44000,4.42780,0.27770,0.29706,-0.04864,0.10086,0.07108,0.99116,-0.22863,-0.07455,-1.25207,0.08277,0.92032,-1.81053,0.01306,0.77221,-1.28128,0.12998,0.49452,-2.06657,1.03798,0.06727,0.03109,4.38542,0.33449,-1.14677,-3.69083,6.39789,-8.44300,-4.18497,2.40720,3.26247,-3.96570,-2.19856,-2.14262,-1.53840,-5.08872,-2.47483
5.48000,4.46967,0.28002,0.29446,-0.00245,0.07055,0.06462,0.99541,-0.26884,0.18698,-1.40579,-0.00818,0.85955,-1.79351,-0.03445,1.02801,-1.82380,0.05036,0.23942,-1.80340,1.05263,0.09083,-0.13273,-0.93999,-3.04373,-0.20404,2.91445,6.27731,-0.71120,0.40026,-3.11933,-1.24012,-0.58905,3.99803,-0.69335,-1.89492,-1.82122,0.85377
5.52000,4.51211,0.28331,0.28369,-0.01974,-0.00106,0.05257,0.99842,-0.16532,0.44969,-1.41991,-0.00177,1.03834,-1.88787,-0.18590,1.20641,-2.11014,0.00842,0.45106,-1.54939,0.92994,0.06473,-0.21317,-0.26818,-1.92860,-0.23715,0.97662,4.99070,-0.97778,0.29957,3.23298,0.95871,-1.85691,-1.26754,-2.07817,0.47324,7.58350,-6.27413
5.56000,4.54725,0.28835,0.28411,-0.03923,-0.06929,0.04822,0.99566,-0.10255,0.61009,-1.27017,-0.06633,1.14383,-2.18129,-0.33551,1.04496,-2.37443,0.04639,0.81973,-1.79736,0.81275,0.16960,0.30891,-0.81791,-3.93061,0.17362,1.28949,2.20349,7.87759,-0.80565,-2.58341,-1.93106,-1.33155,-3.45629,-2.71018,1.00521,8.94888,-4.12802
5.60000,4.58063,0.29440,0.29172,-0.03974,-0.13227,0.04247,0.98951,-0.05094,0.62736,-1.21474,0.07899,0.81920,-2.36521,-0.40368,0.92627,-2.35001,0.03641,1.16594,-1.93672,0.86111,0.13671,0.14888,2.10804,-2.29105,0.20926,-0.19331,-1.96074,-0.70178,1.65134,-6.01068,-2.66237,-0.30391,0.18692,0.05243,-2.49053,7.58297,-1.89772
5.64000,4.61468,0.29861,0.29487,0.00190,-0.15976,0.04174,0.98627,-0.12752,0.39796,-1.59816,0.22042,0.45469,-1.95688,-0.26292,0.97717,-1.89047,-0.06560,1.39828,-1.96513,0.88347,0.05395,-0.03107,2.50227,-0.62442,0.99460,-3.14535,-7.95027,-4.59338,0.05666,-9.24478,1.83208,4.28454,3.77518,3.67033,-2.45770,4.42675,0.07391
5.68000,4.65040,0.29960,0.29523,-0.00336,-0.15276,0.04981,0.98700,-0.15667,0.16641,-1.75692,0.33080,0.08632,-1.63597,-0.17304,1.09255,-1.79672,-0.02675,1.48370,-1.91500,0.89652,0.07005,0.08208,-1.64144,1.72219,0.20280,-1.27739,-1.52250,-1.26745,0.28586,-9.09031,0.91380,2.19523,0.81004,1.93073,2.39809,-1.16704,3.18526
5.72000,4.68901,0.30108,0.29824,-0.01809,-0.12685,0.06049,0.98991,-0.10891,0.28303,-1.81628,0.26040,-0.00970,-1.26478,-0.10840,1.17368,-1.74311,0.04397,1.46355,-1.78311,1.01627,0.03582,-0.01536,-0.32087,1.60129,0.39615,1.31967,2.48482,0.95558,-2.04993,4.04606,3.12175,0.86065,1.35152,1.54265,1.01036,-0.88574,3.56970
5.76000,4.73073,0.30402,0.29547,-0.03432,-0.09639,0.06974,0.99230,-0.05047,0.52748,-1.59872,0.13554,0.30268,-1.04340,-0.04903,1.22122,-1.66696,0.08363,1.39868,-1.79972,1.02506,0.09286,-0.16441,-0.33342,2.28916,0.42274,-0.32387,5.62817,2.67310,-0.08004,4.96470,-10.10640,0.72038,-0.05986,2.41199,-1.87565,-2.31625,-1.14890
5.80000,4.77190,0.30638,0.28734,-0.01331,-0.06347,0.07418,0.99513,-0.16235,0.56925,-1.96001,0.10155,0.48076,-1.31935,-0.07796,1.26337,-1.60606,0.11288,1.29828,-1.74823,1.01800,0.01494,-0.14637,0.82272,0.23280,-0.26213,-2.14679,-5.63288,-3.61733,-0.08061,4.38266,-2.93565,-0.82206,2.69144,0.82852,2.01032,-0.06398,0.01442
5.84000,4.81436,0.31009,0.28983,-0.05160,0.00022,0.06364,0.99664,-0.30691,0.22097,-1.99873,0.17546,0.70760,-1.62706,-0.01022,1.05423,-1.30671,0.15225,1.13953,-1.50583,1.11314,0.13672,0.14498,-2.33914,3.56759,-0.63044,-3.02567,-6.27741,-0.83472,2.54839,2.65235,-4.85813,1.75465,-7.32451,10.11630,-1.49634,-1.64136,2.06914
5.88000,4.85793,0.31731,0.29341,-0.08793,0.08104,0.06499,0.99070,-0.47407,-0.11192,-1.53098,0.20132,0.81504,-1.85980,0.07261,0.75379,-0.90418,0.15126,0.93867,-1.59678,1.09646,0.17517,-0.02840,-0.10865,3.54600,-0.01231,-1.83583,-5.69620,0.92853,-0.44293,2.43033,-3.86401,1.32036,-2.25383,0.00000,-0.29171,-4.28283,-2.32855
5.92000,4.90041,0.32293,0.29399,-0.07110,0.12160,0.07168,0.98743,-0.30852,-0.17937,-1.28553,0.15268,0.91641,-1.91082,0.04904,0.68805,-1.14576,0.18005,0.71055,-2.05334,1.08177,0.08043,0.04100,2.92447,1.21327,-0.32049,4.32563,3.73437,2.60622,-3.26994,2.41136,1.30088,-3.03219,-3.09486,-2.34714,0.63387,-6.12155,-3.95843
5.96000,4.94441,0.32399,0.29602,-0.01902,0.10211,0.07599,0.99169,-0.31172,0.08018,-1.35257,0.05364,1.02147,-1.74937,0.02508,0.95974,-1.58492,0.13513,0.34835,-2.09771,1.05509,0.02110,0.14171,0.25954,-2.59923,0.35912,1.86994,6.08287,-0.02036,0.44156,2.40703,6.01202,1.35425,4.99093,0.48120,-1.47673,-8.51070,-0.23241
6.00000,4.98610,0.32487,0.29421,-0.00437,0.03538,0.07093,0.99684,-0.25248,0.33937,-1.35903,0.01852,1.12478,-1.81879,-0.13516,1.26223,-2.01680,-0.03254,0.26570,-1.71770,1.03747,0.01685,-0.17826,-1.87382,-4.02248,-0.38831,4.23599,5.83370,1.14426,2.27651,-0.69581,-1.29169,-3.48913,3.99619,-1.47691,-2.11045,4.00879,3.16881
6.04000,5.02416,0.32396,0.28579,-0.02525,-0.01329,0.05993,0.99779,-0.10461,0.47633,-1.40165,0.01019,1.12374,-2.05573,-0.25187,1.19740,-2.39261,-0.02615,0.52730,-1.57198,0.87677,-0.05309,-0.12330,0.59678,-0.56722,-0.39395,0.56876,1.22874,-1.37831,-1.26314,-1.32911,-0.88047,0.10007,-4.08333,-3.60914,-0.18014,5.02227,-3.15772
6.08000,5.05822,0.32540,0.28560,-0.04700,-0.07402,0.05155,0.99481,-0.02778,0.62602,-1.28171,-0.05423,1.06052,-2.33811,-0.38500,1.00598,-2.50017,0.01385,0.89984,-1.80226,0.79332,0.11981,0.23294,-1.20459,-4.42285,-0.03842,1.84731,2.44782,7.95797,-1.19813,-3.10046,-1.80130,-1.34517,-1.61031,-1.14955,1.47258,10.00580,-4.92665
6.12000,5.08905,0.32967,0.29098,-0.05106,-0.12644,0.04378,0.98969,-0.08911,0.55747,-1.33957,0.11208,0.72518,-2.36083,-0.37417,0.88665,-2.24902,0.01016,1.20445,-1.91634,0.78924,0.07922,0.07704,1.72971,-1.53965,0.18928,-3.42247,-5.03120,-2.38295,1.81645,-5.79428,-1.58072,1.37796,0.51795,1.39607,-1.97429,5.91451,-1.14289
6.16000,5.12083,0.33137,0.29095,-0.01880,-0.14378,0.04233,0.98852,-0.20241,0.25614,-1.76076,0.28016,0.36107,-1.88940,-0.19598,0.99060,-1.85369,-0.06440,1.39154,-1.93309,0.82959,0.01246,-0.10017,2.20625,-0.30570,0.73560,-2.40529,-7.80191,-3.94770,0.28624,-9.20635,1.90298,3.97231,4.21815,3.40883,-2.10338,3.78601,0.08344
6.20000,5.15497,0.33098,0.28958,-0.02108,-0.13844,0.05116,0.98882,-0.17080,0.17139,-1.78909,0.32356,0.01387,-1.60060,-0.11419,1.11804,-1.78348,-0.02623,1.47527,-1.88868,0.87494,0.02877,0.03375,-1.11406,1.66829,0.30347,0.29593,2.11784,0.86721,-0.82299,-6.41728,-0.13837,1.71813,0.82924,1.66107,1.99166,-1.14174,3.10635
6.24000,5.19264,0.33098,0.28907,-0.03135,-0.12015,0.06345,0.99023,-0.08496,0.38872,-1.77130,0.19804,0.11702,-1.23868,-0.05478,1.22837,-1.75880,0.04545,1.48581,-1.78402,0.96820,0.00473,-0.14139,-0.61698,1.54367,0.47461,1.14646,2.76316,0.93589,-2.71316,8.12948,4.60312,1.38513,1.57222,1.00526,1.66513,-0.65676,2.85724
6.28000,5.23092,0.33280,0.28433,-0.03470,-0.08331,0.07281,0.99325,-0.06979,0.53469,-1.61473,0.13367,0.36777,-1.20850,-0.02071,1.24909,-1.68232,0.05544,1.35162,-1.90498,0.94546,0.04357,-0.04766,1.16343,1.31134,0.20822,0.25813,3.83450,2.02968,-1.01063,3.66061,-4.59645,-0.95889,1.14915,1.66569,-1.00555,-3.30681,-1.83203
6.32000,5.27074,0.33531,0.28347,-0.02678,-0.03722,0.07241,0.99632,-0.23196,0.40906,-1.98803,0.11800,0.57506,-1.48290,-0.02962,1.18632,-1.52609,0.09537,1.28338,-1.68928,1.03653,0.06237,0.01849,-0.83741,1.56923,-0.20713,-4.59371,-7.35829,-4.44414,1.11542,3.48283,-3.82612,0.90258,-1.27040,4.38703,2.37750,2.56314,3.29140
6.36000,5.31363,0.34188,0.29002,-0.08822,0.03437,0.06747,0.99322,-0.38747,0.04871,-1.75854,0.23900,0.71779,-1.73104,0.07767,0.89715,-1.10187,0.16459,1.16379,-1.61488,1.11862,0.22141,0.19325,-2.04912,3.77259,-0.53492,-2.31319,-8.02171,0.83274,1.95354,2.31842,-4.33447,1.10400,-8.91454,12.72270,-1.40237,-2.61394,-1.03792
6.40000,5.35695,0.35158,0.29217,-0.08900,0.09913,0.07275,0.98841,-0.48733,-0.20132,-1.32866,0.20249,0.82251,-1.88548,0.09171,0.74455,-1.01096,0.17118,0.93919,-1.89695,1.10523,0.24249,-0.05553,1.25904,2.57333,0.09315,0.64447,-1.44601,1.55687,-2.27312,2.86153,-2.45441,-0.68799,-1.11537,-0.19925,0.91393,-5.52624,-3.33227
6.44000,5.40122,0.35825,0.29289,-0.04196,0.11517,0.07545,0.98959,-0.29119,-0.02789,-1.32472,0.09069,0.94119,-1.85139,-0.00048,0.82901,-1.40891,0.15205,0.59865,-2.18326,1.09218,0.04456,0.07126,1.44930,-0.19861,-0.64560,-0.11963,5.09345,-4.34343,-0.92434,2.89766,3.12431,-1.22952,-1.74020,-2.22035,1.35220,-7.45484,-2.19819
6.48000,5.44579,0.35993,0.29409,-0.00612,0.07190,0.06967,0.99496,-0.28847,0.22752,-1.40248,0.03772,1.04500,-1.64326,-0.07985,1.14923,-1.82512,0.06867,0.28615,-1.87697,1.09691,0.06381,-0.01014,-0.90401,-3.46020,0.02727,3.18413,6.28375,0.74244,1.07874,1.18744,3.24759,-0.80522,6.19465,0.61560,-2.37334,-4.34037,0.96769
6.52000,5.48879,0.36201,0.28670,-0.02511,0.00081,0.05963,0.99790,-0.17028,0.45762,-1.38484,0.02338,1.11987,-1.92495,-0.19458,1.34094,-2.22605,-0.00711,0.39634,-1.53498,1.02879,0.04927,-0.25783,-0.79949,-2.89947,-0.60806,1.76340,2.38394,1.56743,-0.29627,-2.77688,-2.17649,-2.27109,-1.25853,-2.53393,1.14594,9.73003,-8.63120
6.56000,5.52698,0.36573,0.28558,-0.05721,-0.06844,0.04826,0.99484,-0.06845,0.61697,-1.24182,-0.05912,1.10660,-2.25956,-0.31499,1.08713,-2.47223,0.05786,0.79236,-1.81853,0.89936,0.12047,0.20408,-0.90995,-3.63863,-0.15473,1.64804,2.57700,6.44671,-1.04587,-1.09271,-1.36571,-0.92515,-4.05404,-2.89093,1.10701,9.32694,-4.75781
6.60000,5.56303,0.37035,0.29329,-0.04794,-0.12370,0.03895,0.99040,-0.05600,0.69068,-1.04922,0.05201,0.81863,-2.32522,-0.39371,0.89582,-2.35439,0.02740,1.12762,-1.94319,0.92449,0.08756,0.19987,2.50327,-1.62405,0.15169,-0.67564,0.68374,1.60800,1.46158,-4.42248,-2.28387,0.18346,-0.50345,0.40441,-2.83946,6.57455,-0.85829
6.64000,5.59844,0.37307,0.29612,-0.00875,-0.14213,0.03249,0.98928,-0.13854,0.53244,-1.49454,0.20340,0.45693,-1.92144,-0.24763,0.89859,-1.89726,-0.06841,1.35721,-1.95597,0.89809,0.03227,-0.09438,2.15705,-0.49383,0.46967,-3.07651,-9.07430,-5.27496,0.12717,-8.84776,1.41464,4.05900,3.33300,3.26191,-2.38291,4.63932,-0.28988
6.68000,5.63497,0.37289,0.29395,-0.01596,-0.13315,0.03642,0.99030,-0.14652,0.27345,-1.66170,0.28435,0.09138,-1.65956,-0.14487,1.00089,-1.75911,-0.03412,1.45392,-1.91801,0.93222,0.02686,0.01935,-1.55416,1.81211,0.15992,-0.43810,-1.68762,-1.30435,-0.13704,-8.46470,0.23886,2.06250,1.03345,1.43769,2.34284,-0.85082,2.97652
6.72000,5.67591,0.37343,0.29654,-0.03249,-0.10598,0.04686,0.99273,-0.07704,0.42749,-1.72145,0.18729,0.05853,-1.23985,-0.08272,1.07758,-1.70741,0.04053,1.43837,-1.78083,1.09264,0.03396,0.01216,-0.64825,1.80622,0.33489,1.45438,3.44351,1.27106,-2.56829,6.09166,4.08952,1.16966,1.13866,1.95930,1.34961,-1.21402,4.10671
6.76000,5.72049,0.37550,0.29363,-0.03356,-0.08034,0.05747,0.99454,-0.05879,0.61228,-1.52077,0.10200,0.33638,-1.16701,-0.05631,1.16354,-1.65785,0.08273,1.35665,-1.86053,1.09733,0.03679,-0.08240,1.33505,0.73401,0.44776,-0.16207,4.30703,2.25091,-1.34836,4.60813,-4.82590,-0.96896,3.10477,0.52229,-0.66799,-2.50060,-1.35466
6.80000,5.76512,0.37714,0.28788,-0.01949,-0.05569,0.05848,0.99654,-0.19732,0.52898,-2.03966,0.07387,0.58632,-1.43255,-0.07525,1.22615,-1.59077,0.13292,1.30922,-1.65198,1.10929,0.03498,-0.11836,-0.69737,0.68738,-0.24842,-3.98609,-8.75818,-5.56680,1.10620,4.55557,-3.89252,0.79800,1.39530,2.30511,1.87533,2.87967,2.29375
6.84000,5.81073,0.38171,0.29251,-0.07297,0.01415,0.05200,0.99588,-0.34354,0.16286,-1.89971,0.18105,0.74930,-1.68329,0.02780,0.98228,-1.23347,0.17673,1.13803,-1.41212,1.16824,0.15809,0.18430,-1.89566,3.85397,-0.62080,-1.74278,-8.47747,1.08313,1.94100,2.49813,-4.44470,1.25452,-8.02981,11.35800,-2.30629,-3.31014,1.03166
6.88000,5.85655,0.38894,0.29534,-0.08894,0.09260,0.05524,0.99018,-0.49736,-0.17956,-1.53560,0.18317,0.84968,-1.86926,0.08806,0.73457,-0.90886,0.15832,0.93975,-1.57196,1.15352,0.16650,-0.04939,0.49530,3.27768,0.02148,-1.49991,-6.26113,0.40523,-1.14106,2.64751,-3.22999,1.44742,-1.18601,0.00000,0.44757,-4.00057,-2.35028
6.92000,5.90125,0.39431,0.29572,-0.06564,0.12768,0.06392,0.98757,-0.30158,-0.21924,-1.27543,0.11689,0.95387,-1.89437,0.06108,0.70322,-1.16834,0.19342,0.71156,-2.04893,1.13437,0.06867,0.04393,2.98905,1.08911,-0.26009,4.71011,4.95592,3.15742,-3.30173,2.27963,1.80688,-3.22620,-3.05242,-2.44079,0.28083,-6.57730,-4.19106
6.96000,5.94695,0.39501,0.29830,-0.01677,0.10552,0.07031,0.99179,-0.29894,0.05684,-1.32407,0.02586,1.04783,-1.71002,0.03777,0.98137,-1.64655,0.13931,0.34708,-2.08342,1.08612,0.02103,0.16857,-0.05638,-2.72506,0.59267,2.00624,6.26619,0.36220,0.75528,2.00193,6.54070,1.31525,4.99320,0.32289,-1.59948,-9.05113,0.17351
7.00000,5.98962,0.39587,0.29694,-0.00405,0.03793,0.06880,0.99690,-0.24366,0.32179,-1.32206,0.00072,1.14867,-1.80132,-0.15537,1.29128,-2.08948,-0.04107,0.22826,-1.70534,1.06243,0.01128,-0.17173,-2.07792,-3.99551,-0.16389,4.17730,5.62103,1.54101,2.65173,-0.80096,-1.47874,-3.81425,4.40849,-1.57630,-2.10134,2.92837,2.81273
7.04000,6.02894,0.39473,0.28880,-0.02310,-0.00859,0.06166,0.99779,-0.08129,0.39316,-1.40586,-0.00592,1.14540,-2.04010,-0.26568,1.23634,-2.46116,-0.03577,0.47415,-1.54941,0.92232,-0.05862,-0.12506,1.35911,-0.32875,-0.15706,1.50229,-2.46841,-1.22685,-1.73451,-1.40117,-0.81546,0.07396,-3.70234,-3.50358,-0.80736,4.85627,-2.94945
7.08000,6.06429,0.39541,0.28809,-0.03692,-0.06485,0.05694,0.99558,-0.01902,0.55897,-1.32696,-0.05924,1.01965,-2.36287,-0.38527,1.03492,-2.44656,-0.00479,0.83730,-1.77783,0.80939,0.09000,0.21762,-1.00457,-4.49188,0.09652,1.68253,3.33647,7.19098,-1.29409,-4.24406,-2.30982,-0.84333,-1.27426,-0.35201,1.50363,10.02940,-5.20934
7.12000,6.09596,0.39852,0.29256,-0.04191,-0.12408,0.05153,0.99005,-0.05819,0.53928,-1.31132,0.07951,0.70670,-2.39845,-0.38085,0.87789,-2.19716,0.00415,1.16561,-1.91818,0.81246,0.04857,0.04576,1.70118,-1.91277,0.26543,-2.89701,-3.38515,-1.51492,1.48046,-4.02305,-1.44628,1.16457,-0.40554,0.96916,-1.63179,6.74287,-1.87497
7.16000,6.12829,0.39885,0.29180,-0.00790,-0.14416,0.05378,0.98806,-0.17922,0.27686,-1.76943,0.24118,0.34506,-1.90156,-0.20222,0.96883,-1.75469,-0.05756,1.36341,-1.94646,0.85605,-0.03847,-0.14546,2.97418,-0.52091,1.17634,-3.54871,-7.71557,-4.59091,-0.71198,-8.83281,2.04436,-3.22408,6.84362,-5.75207,-2.36683,4.35384,-0.30621
7.20000,6.16335,0.39714,0.29266,-0.01411,-0.13015,0.06649,0.98916,-0.16462,0.18314,-1.90646,0.29876,-0.00438,-1.67482,-0.15371,1.09587,-1.77489,0.00790,1.40200,-1.87036,0.91301,0.00606,0.12749,-0.99082,1.90275,0.61625,-0.28871,2.00837,0.36324,-1.09157,-6.44181,-0.15869,1.96265,0.75424,2.06953,2.14369,-2.03831,4.06870
7.24000,6.20203,0.39713,0.29332,-0.02652,-0.11974,0.07801,0.98938,-0.07683,0.37014,-1.75895,0.20002,0.11116,-1.25656,-0.08229,1.24171,-1.76456,0.09916,1.40637,-1.78896,0.99028,0.02104,-0.14789,-0.59479,0.97147,0.26729,1.46677,2.98114,1.41870,-2.07841,8.47145,4.76135,1.23110,2.44351,0.50902,0.08658,-0.57001,0.15716
7.28000,6.24152,0.40026,0.28767,-0.04091,-0.08669,0.08329,0.99191,-0.07537,0.50864,-1.66470,0.14665,0.39193,-1.21000,-0.03256,1.26975,-1.68761,0.08409,1.31374,-1.84960,0.97477,0.09924,-0.09601,0.31276,1.47759,0.02922,-0.93845,2.92418,1.35802,-0.22670,4.06035,-5.82532,-0.28926,0.64113,2.11612,-1.29246,-1.41897,-0.75486
7.32000,6.28173,0.40427,0.28673,-0.03619,-0.03136,0.08084,0.99558,-0.25125,0.36234,-1.99251,0.14319,0.57133,-1.48985,-0.04083,1.16786,-1.50310,0.08672,1.23752,-1.65719,1.04490,0.08249,0.01820,-0.66141,1.71190,-0.38145,-3.39169,-6.37379,-3.82564,1.05784,3.46855,-3.77753,0.54078,-1.63758,4.64477,1.87666,0.95215,3.88099
7.36000,6.32449,0.41184,0.29206,-0.09357,0.04157,0.07470,0.99194,-0.39530,0.00735,-1.74740,0.24794,0.71612,-1.75305,0.05802,0.87524,-1.08013,0.15787,1.10407,-1.64234,1.11178,0.24410,0.14370,-1.83567,3.82276,-0.49568,-2.67549,-7.39444,0.53553,1.63013,2.36988,-4.57200,0.96788,-8.73920,12.53120,-0.94629,-2.72640,-1.42285
7.40000,6.36769,0.42246,0.29275,-0.09125,0.10285,0.08086,0.98720,-0.46913,-0.21261,-1.30327,0.21393,0.82305,-1.89847,0.06922,0.75314,-1.04159,0.17673,0.90617,-1.93948,1.10653,0.26581,-0.07378,1.56868,2.42399,0.09893,1.17869,-0.20425,1.96413,-2.70107,3.00720,-2.26549,-0.88655,-1.00474,-0.36624,0.94077,-5.02283,-3.10884
7.44000,6.41228,0.42926,0.29363,-0.03661,0.11440,0.08163,0.98940,-0.28985,-0.00031,-1.33325,0.08936,0.94502,-1.84421,-0.01708,0.83847,-1.42578,0.14722,0.57112,-2.19331,1.10092,0.03736,0.10500,1.34591,-0.66108,-0.75993,0.55981,5.15557,-3.58019,-0.60327,2.95304,3.96151,-0.39428,-1.51251,-2.05437,1.49995,-7.00936,-2.22343
7.48000,6.45703,0.43152,0.29430,-0.00334,0.06593,0.07348,0.99511,-0.27513,0.25408,-1.39354,0.04249,0.99144,-1.70665,-0.08860,1.16248,-1.81659,0.05853,0.30013,-1.85853,1.11107,0.09429,-0.05802,-1.02393,-3.81723,-0.15453,3.41162,6.38533,1.05384,0.85633,-1.07992,-0.09326,-1.24111,6.43288,0.75390,-2.38527,-2.29621,1.35907
7.52000,6.50109,0.43482,0.28559,-0.02230,-0.00884,0.05977,0.99792,-0.14221,0.47908,-1.38025,0.02684,1.06495,-1.92484,-0.19987,1.30464,-2.15583,0.00713,0.47671,-1.58271,1.03452,0.06828,-0.23994,0.18360,-2.27713,-0.70548,0.84046,1.37155,0.88989,-0.83045,-0.81932,-0.94013,-1.29642,-3.24652,-2.67903,0.01664,8.90919,-7.18522
7.56000,6.54013,0.43934,0.28430,-0.03494,-0.07198,0.04816,0.99563,-0.08515,0.64340,-1.26425,-0.05477,1.07104,-2.28594,-0.31140,1.00478,-2.34836,0.02828,0.86010,-1.83271,0.91314,0.12441,0.22073,-0.14648,-3.25980,0.00224,0.67982,2.72867,5.86954,-0.61208,-2.20350,-2.00668,-0.81304,-4.55053,-2.58878,0.31864,8.70078,-3.74169
7.60000,6.57668,0.44405,0.28984,-0.02911,-0.12775,0.04121,0.99052,-0.06498,0.70186,-1.10005,0.06073,0.75432,-2.31993,-0.36522,0.83192,-2.26319,0.00538,1.20314,-1.95975,0.92893,0.09600,0.08644,1.86536,-1.89069,0.10870,-0.06116,-0.46118,0.68054,0.96177,-5.21067,-1.85077,0.02530,-0.38162,0.25367,-2.16984,7.27843,-1.62211
7.64000,6.61307,0.44677,0.28913,0.00165,-0.14991,0.03847,0.98795,-0.12746,0.52874,-1.51242,0.19762,0.39208,-1.90038,-0.21855,0.90277,-1.80985,-0.07169,1.43845,-1.99399,0.93299,0.03089,-0.15574,2.10421,-0.38600,0.71922,-3.13211,-8.35376,-4.87068,0.02887,-8.68095,1.32607,4.11610,4.53539,3.76231,-2.07399,4.63113,-0.23453
7.68000,6.65008,0.44805,0.28791,-0.01926,-0.13001,0.04049,0.99050,-0.12348,0.29507,-1.65906,0.27295,0.03616,-1.63851,-0.14295,0.99613,-1.77348,-0.01227,1.49254,-1.92688,0.94959,0.10549,0.08524,-2.06728,2.28898,-0.19787,-0.57080,-0.90483,-0.91181,-1.14053,-7.10617,0.19659,2.30301,-0.24122,2.83544,2.32243,-1.85070,3.79186
7.72000,6.69158,0.45071,0.29050,-0.04254,-0.09738,0.04741,0.99321,-0.07453,0.46588,-1.69220,0.16896,0.09024,-1.18606,-0.06475,1.09751,-1.70858,0.06100,1.45968,-1.77696,1.09169,0.06458,-0.05139,-0.89215,2.00328,0.17857,1.03304,3.45089,1.23622,-2.36396,8.12441,4.89832,1.51418,1.63901,2.07630,1.34369,-1.37626,4.03628
7.76000,6.73499,0.45262,0.28647,-0.02594,-0.08155,0.05597,0.99476,-0.07318,0.61848,-1.49263,0.09016,0.33780,-1.20060,-0.07895,1.22102,-1.68966,0.07834,1.36682,-1.88425,1.04608,-0.00778,-0.03878,2.06887,-0.48632,0.25503,0.97287,3.43795,1.97500,-1.60334,4.54152,-1.76688,-1.83705,4.86530,-0.57479,0.01561,-3.09438,-1.57533
7.80000,6.77771,0.45247,0.28405,-0.01238,-0.05339,0.05870,0.99677,-0.22562,0.51202,-2.10161,0.03906,0.61085,-1.49589,-0.08490,1.25411,-1.59495,0.12795,1.27680,-1.62634,1.08045,-0.01187,-0.04446,-1.66059,1.46933,0.13799,-5.30593,-8.46844,-6.02381,1.70647,3.86049,-4.77230,2.47655,-0.38548,3.78951,2.93999,0.91455,5.39255
7.84000,6.82312,0.45616,0.28971,-0.08645,0.01495,0.05554,0.99459,-0.36346,0.14448,-1.89731,0.18884,0.77404,-1.74415,0.06775,0.99588,-1.21271,0.20170,1.16512,-1.45434,1.18041,0.16705,0.19512,-2.12272,3.60775,-0.70898,-1.70039,-9.21184,1.55824,2.21895,2.69121,-4.06566,1.28555,-8.09986,11.64520,-2.09876,-1.00674,0.79168
7.88000,6.86908,0.46405,0.29273,-0.09101,0.08655,0.05651,0.99047,-0.52006,-0.19243,-1.47504,0.16612,0.88111,-1.90111,0.08846,0.77182,-0.92234,0.17249,1.05293,-1.62215,1.14746,0.18386,-0.04115,0.89357,3.05345,-0.13902,-0.81098,-5.90134,0.70252,-1.58074,2.79659,-2.72221,0.13555,-1.60552,1.05772,0.86192,-3.28160,-2.13137
7.92000,6.91342,0.47003,0.29332,-0.06675,0.12316,0.06331,0.98811,-0.31178,-0.21305,-1.24157,0.10127,0.97685,-1.90615,0.04810,0.71009,-1.18199,0.20953,0.79039,-2.08477,1.12754,0.08775,0.03129,2.72068,1.29182,-0.28908,4.63560,5.08876,3.11634,-3.04143,2.30921,1.45889,-2.87671,-3.80587,-2.70988,-0.10976,-7.65204,-3.92361
7.96000,6.95887,0.47131,0.29621,-0.02637,0.10092,0.06728,0.99227,-0.30571,0.05312,-1.32833,0.02970,1.07339,-1.72297,0.03907,0.98395,-1.67872,0.14740,0.42440,-2.12135,1.07847,0.03860,0.19202,-0.17763,-2.79655,0.48607,2.34983,6.14920,0.46210,0.85704,1.94772,6.75051,1.04203,5.04927,0.31693,-1.91758,-9.21200,0.41726
8.00000,7.00123,0.47276,0.29531,-0.01044,0.03468,0.06491,0.99723,-0.24344,0.32981,-1.35465,0.00037,1.15072,-1.79788,-0.14966,1.30818,-2.11331,-0.03396,0.27087,-1.70983,1.05350,0.02427,-0.18192,-1.78415,-3.78192,-0.17888,3.69982,4.85232,1.58626,2.53194,-1.17064,-1.53367,-3.49822,5.15924,-1.39800,-2.00940,1.93981,2.56608
