0.04000,-0.00274,0.00337,0.40148,-0.00683,-0.02195,0.00468,0.99972,-0.10104,0.76713,-1.55689,0.01874,0.75025,-1.88174,-0.11159,1.00810,-2.00241,-0.00879,0.70249,-1.65384,-0.14995,0.15850,0.07219,-2.48451,-1.95530,0.16317,2.01233,-0.73965,4.30160,0.00317,-2.45118,-1.91168,-0.97691,3.07068,-0.58932,-1.28310,-1.53031,-1.52417
0.08000,-0.00979,0.00882,0.40182,-0.02467,-0.04648,0.00566,0.99860,-0.08745,0.72623,-1.47784,0.03620,0.76353,-2.04167,-0.21317,1.10387,-2.34762,-0.00106,0.74544,-1.72127,-0.20795,0.11675,0.03873,-0.10049,-0.06297,-0.09212,-0.28912,-2.25124,0.95601,1.56617,0.68539,-0.51123,-1.11850,-1.38511,-2.45041,-0.36057,-0.69891,0.14490
0.12000,-0.01841,0.01397,0.40142,-0.02848,-0.04698,0.00274,0.99849,-0.09270,0.68722,-1.46143,0.08456,0.69718,-2.08298,-0.23203,1.01727,-2.24163,-0.01518,0.72107,-1.72817,-0.20093,0.12748,-0.07967,0.15036,-0.27549,-0.11858,-0.46446,-0.59336,0.25541,-0.09196,-1.66457,-0.67468,0.45441,0.18495,0.72121,-0.70364,-0.02792,-0.84025
0.16000,-0.02685,0.01733,0.39816,-0.01491,-0.03205,0.00164,0.99937,-0.14862,0.61438,-1.51257,0.11726,0.60356,-1.89391,-0.18062,0.89109,-1.90631,-0.05610,0.64774,-1.69879,-0.16812,0.02619,-0.15548,1.12491,0.96170,0.15969,-1.09989,-1.42142,-0.76379,-0.07159,0.78185,0.96134,1.85549,0.17789,1.37343,-1.18511,-1.98677,0.76235
0.20000,-0.03074,0.01658,0.39234,-0.01511,-0.01930,0.00533,0.99969,-0.14646,0.63314,-1.56826,0.10072,0.78631,-1.62830,-0.11943,0.82103,-1.64879,-0.05077,0.60250,-1.69668,-0.05418,-0.04696,-0.13795,-1.18613,0.71240,0.34881,0.87279,-0.04739,-1.29119,-0.67951,5.41878,2.82670,1.57974,-0.64775,-0.01192,1.48790,-1.08081,-0.10540
0.24000,-0.03166,0.01427,0.38744,-0.03877,0.00974,0.01191,0.99913,-0.10671,0.67341,-1.67430,0.09747,0.90798,-1.52426,-0.05745,0.75565,-1.61478,0.00972,0.51963,-1.66133,0.02830,-0.05735,-0.12688,-0.00587,1.62833,0.19839,-0.69460,0.59495,-2.40632,0.09285,0.13293,-2.94690,0.15294,-1.56670,1.12181,0.27096,-2.14901,1.31592
0.28000,-0.02851,0.01319,0.38301,-0.05720,0.04389,0.00477,0.99739,-0.15714,0.55188,-1.86357,0.14823,0.92675,-1.63787,-0.02423,0.65885,-1.54520,0.10429,0.65472,-1.73991,0.14098,-0.00455,-0.05082,-0.16335,1.44468,-0.84203,-2.17483,-3.79082,-2.22267,0.58388,0.38136,-1.59487,-0.22525,-2.24001,1.85056,1.38719,2.73481,-0.47565
0.32000,-0.02074,0.01252,0.38319,-0.05576,0.07284,-0.00934,0.99574,-0.24670,0.38877,-1.81906,0.16416,0.93603,-1.67882,-0.03625,0.57470,-1.46217,0.10718,0.68039,-1.71785,0.27550,-0.04368,0.02461,0.09683,0.91034,-0.58916,-0.60839,-0.63925,-0.07873,0.30380,0.41214,-0.16725,-0.18828,-0.95802,1.41480,-0.39435,0.79175,-0.75673
0.36000,-0.01047,0.01079,0.38579,-0.05810,0.10535,-0.01455,0.99263,-0.27551,0.25531,-1.65309,0.18376,0.93406,-1.71467,-0.02341,0.49620,-1.36180,0.11216,0.63905,-1.62399,0.28387,-0.05631,0.03943,0.29278,1.62618,-0.09117,-0.24449,-0.84423,0.21753,-0.02250,-0.06477,-1.00812,0.52334,-1.17725,2.12872,-0.01305,0.49264,1.96788
0.40000,-0.00176,0.00949,0.38844,-0.05595,0.12597,-0.00804,0.99042,-0.29842,0.24470,-1.62043,0.17923,0.92594,-1.73444,0.01493,0.48230,-1.29786,0.12549,0.63783,-1.65563,0.14523,0.00239,0.11142,0.30315,0.36958,0.49303,-0.85577,0.59271,0.22007,-0.54902,-0.42210,0.28420,1.28041,0.76302,0.88501,0.26014,-0.92208,-0.60152
0.44000,0.00257,0.00976,0.39474,-0.04506,0.10132,-0.00056,0.99383,-0.30921,0.29071,-1.54300,0.14208,0.91639,-1.63407,0.00916,0.71988,-1.41099,0.10481,0.55476,-1.72767,0.05230,0.00944,0.18616,-0.13519,-2.10719,0.26681,1.15043,0.99745,3.19700,-0.09121,-0.08506,3.64321,-0.63673,4.03008,0.98355,-0.27986,-2.53373,-0.98338
0.48000,0.00457,0.01045,0.39575,-0.06081,0.04281,-0.00384,0.99722,-0.22814,0.34565,-1.40804,0.09737,0.90960,-1.67252,-0.07369,1.00735,-1.74549,0.05392,0.63550,-1.64184,0.03781,0.01809,-0.11484,-2.40209,-3.00110,-0.09287,3.58452,1.24213,3.21928,0.14410,-1.70783,-1.00649,-2.16551,3.37873,-0.76928,-1.07530,3.46298,2.02129
0.52000,0.00707,0.00870,0.39300,-0.05734,0.00437,-0.01014,0.99829,-0.14198,0.50631,-1.48314,0.00717,0.98695,-1.71846,-0.16956,1.16176,-2.17418,0.04034,0.77888,-1.74923,0.06046,-0.09410,0.05718,0.62255,-0.08517,-0.29930,0.05704,0.46517,-0.56258,-0.15243,2.16241,0.66024,0.30597,-1.14726,-2.31218,-0.45653,0.17284,0.51625
0.56000,0.01092,0.00552,0.39673,-0.04797,-0.01602,-0.01543,0.99860,-0.13430,0.53016,-1.43644,-0.00217,1.06945,-2.13277,-0.27689,1.15304,-2.52399,0.02604,0.84899,-1.76834,0.14173,-0.06716,0.22806,-0.07444,-1.61004,-0.15959,0.79683,0.45891,3.06555,1.19393,-2.82777,-2.91742,-2.01938,-0.76688,-2.28670,0.14256,2.51964,-0.45558
0.60000,0.01733,0.00523,0.40380,-0.05056,-0.05833,-0.02098,0.99680,-0.10766,0.55282,-1.28421,0.06627,0.87910,-2.41278,-0.32565,1.02814,-2.51119,0.02091,1.00403,-1.83214,0.19184,0.02591,0.13844,1.07858,-2.50745,0.03906,-0.82770,0.90046,3.88522,0.30151,-3.09548,-2.21709,0.26856,-1.17602,-0.16387,-1.48838,4.43035,-1.78588
0.64000,0.02309,0.00554,0.40811,-0.01958,-0.07938,-0.02272,0.99639,-0.16183,0.54470,-1.37605,0.15921,0.59944,-2.13406,-0.24909,0.84832,-1.98578,-0.05056,1.07607,-1.83651,0.16432,-0.04194,-0.00040,2.26830,-0.52211,0.51003,-1.56933,-1.73833,-1.18660,-0.24641,-2.79926,0.52924,2.97942,0.64006,2.63441,-2.10239,0.82281,0.29919
0.68000,0.02994,0.00216,0.40797,0.01338,-0.07319,-0.01371,0.99713,-0.14905,0.56805,-1.50453,0.17746,0.41929,-1.85339,-0.21074,0.80197,-1.68329,-0.09272,1.05461,-1.79183,0.20525,-0.10441,-0.01914,0.30290,1.18882,0.47398,1.59921,0.47238,-0.04634,0.40262,-0.67960,0.49421,0.34681,-0.32244,0.34912,0.47466,-1.71176,1.71372
0.72000,0.04055,-0.00229,0.40959,-0.01259,-0.03760,-0.00015,0.99921,-0.03841,0.75492,-1.62276,0.12897,0.51398,-1.59364,-0.11925,0.75648,-1.61614,0.00122,0.94860,-1.69240,0.32332,-0.07413,0.00049,-1.74954,2.30957,0.84292,0.18708,3.34429,0.74143,-2.95193,4.54606,2.92402,2.69473,-1.65991,2.24217,2.74882,-3.30824,2.85528
0.76000,0.05426,-0.00412,0.40390,-0.05324,0.00863,0.01471,0.99844,-0.12423,0.75889,-1.84575,0.10263,0.73049,-1.45260,-0.01207,0.69252,-1.54446,0.17377,0.88545,-1.73658,0.36803,-0.01791,-0.18531,-0.38857,1.70348,0.42935,-3.94323,-3.14725,-2.36293,0.19556,1.35528,-3.95522,0.69180,-0.41725,0.48600,1.60417,0.16405,-0.62757
0.80000,0.06820,-0.00492,0.39913,-0.05902,0.04073,0.01185,0.99735,-0.24916,0.47074,-2.09822,0.12287,0.77569,-1.56737,-0.00031,0.64962,-1.49699,0.17437,1.01027,-1.67254,0.35458,-0.02875,-0.03772,-0.38186,0.90253,-0.44799,-0.71816,-5.34272,-2.92613,0.74998,1.06716,-1.16515,0.25877,-0.48675,1.07112,-0.32818,3.75875,1.73094
0.84000,0.08096,-0.00417,0.39844,-0.07306,0.07576,0.00609,0.99443,-0.32141,0.22848,-1.83679,0.16024,0.80214,-1.65576,0.02090,0.56491,-1.39255,0.15826,0.98420,-1.53458,0.33641,0.03860,-0.04782,-0.37804,1.80890,-0.20480,-0.58481,-0.78871,0.81304,0.40804,0.68730,-2.38952,0.20916,-1.93965,2.42942,-0.72517,-0.93671,-0.09172
0.88000,0.09262,-0.00343,0.39762,-0.07326,0.10934,0.01002,0.99125,-0.30959,0.12051,-1.57446,0.15740,0.81377,-1.73606,0.03190,0.50306,-1.31039,0.13007,0.78722,-1.58766,0.29664,-0.02111,-0.04134,0.78425,1.08278,0.25714,1.21160,0.30862,1.05342,-0.95012,0.36251,-1.16301,-0.04947,0.13259,0.37474,-0.74814,-4.40887,-1.83112
0.92000,0.10327,-0.00445,0.39816,-0.06986,0.12181,0.01768,0.98993,-0.28695,0.11373,-1.46267,0.14602,0.82656,-1.75385,0.03815,0.50084,-1.27790,0.11346,0.57917,-1.76535,0.24625,-0.01971,0.08376,-0.35202,-0.11344,0.35989,0.42896,1.05733,0.16236,0.33363,0.40417,0.75017,0.63907,0.58672,0.61360,0.24575,-3.48243,-1.91820
0.96000,0.11316,-0.00580,0.40116,-0.05789,0.08690,0.02048,0.99432,-0.27644,0.19715,-1.40730,0.12002,0.86070,-1.63403,0.00294,0.77907,-1.45183,0.07943,0.44021,-1.72901,0.21912,-0.04744,0.05657,0.05394,-2.58294,0.08344,1.43940,2.14166,2.35069,0.17046,1.15164,3.88555,-0.77649,4.49828,1.01411,-0.61727,-1.44943,-0.06206
1.00000,0.12250,-0.00724,0.39731,-0.06372,0.01860,0.01484,0.99768,-0.20529,0.30281,-1.30245,0.05330,0.91766,-1.76728,-0.08967,1.02218,-1.73773,0.02494,0.58592,-1.53758,0.21693,-0.03350,-0.20692,-1.27617,-3.38986,-0.13767,2.52314,2.44643,2.45124,-0.69903,-2.05862,-1.27959,-2.30395,0.99940,-0.93000,1.20289,7.33438,-6.80894
1.04000,0.13238,-0.01044,0.39163,-0.05725,-0.03370,0.00879,0.99775,-0.17680,0.41311,-1.26518,-0.03920,1.03923,-2.05146,-0.22372,1.09528,-2.19661,0.01462,0.81633,-1.71787,0.25301,-0.12439,0.02179,0.35533,-1.21279,-0.12584,0.42411,1.49698,0.50977,0.77034,1.64210,-0.54343,-1.02781,-2.04470,-2.90140,-0.02409,2.89624,-1.33203
1.08000,0.14306,-0.01440,0.39425,-0.04712,-0.06596,0.00460,0.99670,-0.16681,0.47037,-1.20385,0.00096,1.01891,-2.29180,-0.33698,0.95922,-2.36014,0.00270,0.95710,-1.77673,0.28723,-0.08440,0.16714,0.74580,-1.74374,0.04858,-0.06270,1.15641,2.64132,0.70354,-2.51999,-2.05821,-1.10292,-1.67903,-1.49420,-0.50174,3.42644,-0.81065
1.12000,0.15371,-0.01750,0.39765,-0.03236,-0.08627,0.00034,0.99575,-0.17401,0.51605,-1.16747,0.09885,0.72731,-2.31239,-0.30537,0.80115,-2.08457,-0.02340,1.05556,-1.79567,0.28651,-0.08793,-0.02018,1.61316,-0.82445,0.09455,-1.22041,1.74783,-0.59999,0.19729,-3.70675,-1.21337,1.73555,-0.09847,1.38712,-1.49500,2.35451,-0.59607
1.16000,0.16451,-0.02211,0.39532,0.00500,-0.08625,0.00185,0.99626,-0.18917,0.58127,-1.35501,0.15766,0.48478,-1.97294,-0.24532,0.79844,-1.67807,-0.08419,1.08727,-1.78284,0.29301,-0.14936,-0.14355,1.14949,0.65819,0.26130,1.15217,-0.97352,-0.87131,1.19058,-1.45637,0.62332,-0.74557,1.07444,-1.39572,-0.55683,0.00656,0.44820
1.20000,0.17738,-0.02787,0.39338,-0.00716,-0.05233,0.00810,0.99857,-0.07206,0.65587,-1.57493,0.15998,0.45914,-1.71752,-0.18694,0.77287,-1.64761,-0.02501,1.00926,-1.70655,0.38034,-0.09758,-0.03865,-1.12500,2.33131,0.49754,0.70327,0.96448,-0.40904,-2.37712,2.14508,1.97304,1.99490,-1.36968,1.72997,1.96832,-2.98037,2.70096
1.24000,0.19476,-0.03040,0.38899,-0.04251,-0.01283,0.01846,0.99884,-0.03992,0.75145,-1.66284,0.12794,0.62725,-1.47038,-0.08903,0.74231,-1.59422,0.10735,0.88743,-1.64963,0.47175,-0.00466,-0.13636,-0.11656,1.40379,0.41520,-1.38950,1.51308,-1.71060,-0.02797,1.97376,-4.38399,0.40954,0.38438,0.25543,-0.04180,-1.22831,-0.35132
1.28000,0.21315,-0.02972,0.38701,-0.04750,0.01171,0.01452,0.99870,-0.15736,0.62123,-1.99679,0.14935,0.70276,-1.59506,-0.08198,0.72747,-1.54538,0.12550,0.95598,-1.62255,0.46318,0.03145,0.07940,-0.58241,0.44448,-0.65759,-2.24584,-5.58370,-3.47798,1.06890,1.91822,-1.00875,0.22876,-0.14453,1.65261,0.98804,3.08013,1.15556
1.32000,0.23103,-0.02715,0.39025,-0.06792,0.03965,0.00468,0.99689,-0.28308,0.35494,-1.97771,0.18658,0.77542,-1.67448,-0.05365,0.65519,-1.41850,0.15313,0.89829,-1.45117,0.47505,0.08235,0.03729,-0.96497,1.29186,-0.24685,-1.60836,-1.69116,-0.61456,0.94436,1.30679,-1.62216,0.70452,-1.33359,2.81615,-0.11549,-0.97425,1.17008
1.36000,0.24845,-0.02341,0.39342,-0.08254,0.07585,0.00491,0.99369,-0.32255,0.13095,-1.73408,0.20999,0.80332,-1.74952,-0.02698,0.56016,-1.26563,0.15401,0.80416,-1.34365,0.45666,0.07968,0.03821,0.10109,1.39010,0.22926,0.51633,-1.46419,0.33995,-0.50610,0.79317,-1.43014,0.33813,-0.72817,2.07990,-1.03734,-1.47372,0.62845
1.40000,0.26503,-0.02087,0.39476,-0.07873,0.09846,0.01521,0.99191,-0.26882,0.03123,-1.48555,0.18247,0.82895,-1.79573,-0.02536,0.52979,-1.17894,0.10226,0.69075,-1.49235,0.41094,0.01903,-0.00587,0.74216,0.76728,0.58033,1.54487,0.69691,1.18679,-1.23123,0.73271,-0.72293,-0.24269,0.41902,0.83221,-0.75330,-3.51951,-1.86827
1.44000,0.28120,-0.02183,0.39587,-0.05335,0.09601,0.02831,0.99355,-0.21147,0.08270,-1.26366,0.11511,0.85972,-1.76537,-0.05289,0.60542,-1.20015,0.04247,0.49829,-1.67478,0.40335,-0.08537,0.05230,0.42901,-0.51394,0.44518,-0.31046,1.99600,-0.08358,-0.31252,0.93130,1.45610,0.25679,2.15442,-0.56298,0.19976,-4.29517,-2.23042
1.48000,0.29830,-0.02589,0.39406,-0.04176,0.06116,0.03614,0.99660,-0.21367,0.20821,-1.25005,0.10039,0.93606,-1.67956,-0.06333,0.86512,-1.51096,0.00276,0.42413,-1.61784,0.41610,-0.10565,-0.11450,-0.19790,-2.32532,0.39475,1.10801,3.23014,0.97598,0.72406,2.60345,1.91803,-0.44912,2.84921,-0.28206,-1.11898,0.81032,0.90352
1.52000,0.31502,-0.02986,0.38759,-0.02834,0.00693,0.03861,0.99883,-0.20724,0.34640,-1.20882,-0.00184,1.05405,-1.93142,-0.19397,0.99862,-1.77727,-0.03773,0.60517,-1.59410,0.37475,-0.12225,-0.04970,0.37243,-1.70529,0.18382,0.37027,2.41281,0.79642,-0.69687,-2.33192,-1.76768,-1.44299,-1.73680,-1.68757,0.26955,4.15616,-2.73834
1.56000,0.33018,-0.03518,0.38429,-0.02722,-0.03522,0.03719,0.99832,-0.17515,0.44401,-1.16211,-0.02071,0.98965,-2.27785,-0.32895,0.97224,-2.21839,-0.01926,0.80716,-1.73156,0.37647,-0.14066,0.01010,-0.37761,-1.82506,-0.18900,1.37207,1.78509,1.68850,0.69929,-2.20078,-2.32556,-2.34689,-2.29353,-3.03462,0.95085,4.41964,-2.42929
1.60000,0.34432,-0.03876,0.38861,-0.02641,-0.06990,0.03293,0.99666,-0.14670,0.49070,-1.05354,0.00744,0.86272,-2.36850,-0.36769,0.80489,-2.17989,-0.00794,0.96555,-1.79250,0.35060,-0.06487,0.18282,1.34022,-1.41801,0.11742,-0.76022,0.92341,2.85585,-0.06615,-1.44215,-0.72977,0.56306,-1.42452,-0.09263,-0.98671,3.09268,-0.27987
1.64000,0.35675,-0.04177,0.39268,0.00676,-0.07626,0.03375,0.99649,-0.15832,0.53571,-1.24262,0.10901,0.58059,-2.17306,-0.27075,0.75515,-1.74941,-0.06156,1.01126,-1.76285,0.32196,-0.09014,-0.03616,2.74602,0.21523,0.47258,-0.70838,-1.34067,-1.36039,0.22925,-3.40795,-0.27989,2.53003,2.96924,2.83710,-2.33338,0.60127,0.77585
1.68000,0.36895,-0.04498,0.39229,0.01646,-0.06141,0.03338,0.99742,-0.07885,0.57324,-1.30968,0.15760,0.46686,-1.79116,-0.24667,0.76512,-1.68249,-0.06780,0.99906,-1.71945,0.31273,-0.01768,-0.00525,-1.02703,1.64797,-0.28445,0.92851,0.65644,-2.72867,-0.78508,1.63132,1.95174,1.19958,-1.46332,1.74096,0.98856,-1.62157,1.76088
1.72000,0.38389,-0.04571,0.39296,-0.02698,-0.01832,0.03422,0.99888,-0.00731,0.78261,-1.53988,0.08513,0.61954,-1.43115,-0.14250,0.68647,-1.57581,0.02765,0.90289,-1.62514,0.42483,0.01585,-0.05836,-2.55618,2.53329,0.27321,-0.32288,3.58226,0.50221,-3.13537,5.66223,3.46195,2.79307,-1.75688,2.95003,2.73224,-2.90315,2.49279
1.76000,0.40123,-0.04639,0.38929,-0.04968,0.00832,0.03654,0.99806,-0.11146,0.68076,-1.73622,0.10471,0.69850,-1.45303,-0.08710,0.68303,-1.54188,0.13610,0.89080,-1.69625,0.46088,-0.05617,-0.00771,0.38376,-0.49672,-0.26638,-1.83729,-6.18473,-3.17694,0.07926,1.53434,1.03012,-0.24544,2.40042,-1.18536,1.95804,0.58401,-0.26332
1.80000,0.41884,-0.04630,0.38836,-0.07095,0.03012,0.02306,0.99676,-0.21502,0.40732,-2.06237,0.11968,0.83447,-1.59021,-0.05378,0.64894,-1.47364,0.18882,0.84870,-1.52989,0.45088,0.06237,-0.03880,-1.69799,1.46994,-0.83587,-2.85963,-3.23837,-2.79918,1.97522,1.53790,-2.23702,1.14778,-1.87302,2.77514,0.27309,0.59394,0.78456
1.84000,0.43615,-0.04450,0.39010,-0.08165,0.06955,0.01425,0.99413,-0.33151,0.17234,-1.78740,0.14885,0.86205,-1.66178,-0.02155,0.56700,-1.36004,0.18641,0.77068,-1.41163,0.47776,0.01382,0.05095,0.34593,1.57538,-0.24782,0.08933,-1.03875,0.78598,-0.32120,0.57923,-0.91315,1.02102,-0.12667,0.86193,-0.44151,-1.66951,3.59808
1.88000,0.45371,-0.04221,0.39261,-0.08813,0.11460,0.01167,0.98943,-0.29252,0.01895,-1.58291,0.16203,0.87493,-1.73563,-0.00973,0.44742,-1.19292,0.13883,0.73593,-1.38086,0.45268,0.06402,0.00914,0.18533,2.21440,-0.09476,0.57310,-0.70915,0.38893,-0.42003,0.37979,-1.98401,-0.16273,-2.49928,3.65199,-1.27589,0.11189,-0.00032
1.92000,0.47042,-0.04153,0.39385,-0.06083,0.14321,0.02088,0.98760,-0.30113,0.01758,-1.38861,0.09256,0.87776,-1.76389,0.04027,0.54480,-1.24152,0.11833,0.54227,-1.69887,0.39348,-0.05048,0.05381,1.55583,0.64982,0.09324,-2.20726,1.81467,-1.88603,-1.64487,0.10826,0.64493,2.19589,2.64681,0.93854,1.56830,-7.67370,-4.32705
1.96000,0.48580,-0.04306,0.39416,-0.03571,0.12097,0.02042,0.99180,-0.32386,0.12079,-1.40828,0.04592,0.91729,-1.66276,0.02458,0.84667,-1.55123,0.10539,0.32214,-1.82525,0.36056,-0.01878,-0.00968,-0.42946,-2.26203,-0.14713,2.20055,2.65019,0.91520,0.74184,1.57349,3.39178,-1.99545,4.36140,-0.12053,-0.51143,-1.78874,-0.75318
2.00000,0.50016,-0.04322,0.38922,-0.05588,0.05922,0.01245,0.99660,-0.21298,0.24547,-1.34564,0.02181,0.89650,-1.76969,-0.08782,1.08124,-1.86870,0.03059,0.40855,-1.54243,0.35260,0.01921,-0.22690,-2.85044,-3.48070,-0.05149,4.37411,3.06466,2.27002,0.31877,-3.30291,-1.77540,-1.66116,1.10954,-1.25670,-1.89471,5.01784,3.18893
2.04000,0.51498,-0.04419,0.37982,-0.06236,0.00101,0.00142,0.99805,-0.12703,0.42349,-1.35855,-0.03636,1.03750,-1.86991,-0.22183,1.16599,-2.31140,0.01944,0.67460,-1.72659,0.34079,-0.05411,-0.10807,0.52126,-1.13163,-0.50832,0.20577,2.04486,-0.67351,0.79130,3.71645,0.95023,-0.08193,-1.93399,-2.67368,-0.65948,3.66983,-2.46613
2.08000,0.52751,-0.04399,0.38301,-0.04861,-0.03408,-0.00426,0.99823,-0.13446,0.48529,-1.27937,-0.05198,1.05789,-2.32353,-0.33799,1.02538,-2.40708,-0.01600,0.83128,-1.79938,0.30897,0.03496,0.31716,0.64974,-2.24824,0.20282,-0.33118,0.82708,4.87052,0.45096,-4.67581,-3.69804,-1.14347,-1.25046,-1.10203,-0.74006,3.86198,-0.71291
2.12000,0.53991,-0.04269,0.39066,-0.04120,-0.06801,-0.00782,0.99680,-0.10723,0.51680,-1.21668,0.08332,0.75675,-2.43477,-0.31945,0.85758,-2.23850,-0.04175,0.97443,-1.83885,0.33456,0.02136,0.06990,1.69063,-1.52928,0.11416,-0.70797,0.98946,0.00159,0.65052,-3.37261,-1.40632,0.95528,-1.03073,0.49626,-1.99897,3.53488,-1.07934
2.16000,0.55151,-0.04325,0.39341,0.00053,-0.07166,-0.00346,0.99742,-0.16620,0.52832,-1.43980,0.15659,0.49353,-1.99563,-0.19571,0.77333,-1.71438,-0.12058,1.00702,-1.80754,0.31697,-0.06435,-0.02658,2.37188,0.45110,0.79036,-1.68402,-1.80096,-1.65781,-0.59011,-1.94666,1.28223,3.97369,2.58463,3.17650,-1.81549,-0.20156,1.20341
2.20000,0.56385,-0.04528,0.39450,-0.01234,-0.04872,0.00177,0.99874,-0.06704,0.59351,-1.45193,0.14534,0.48063,-1.67475,-0.14419,0.76339,-1.66995,-0.07505,0.96744,-1.74994,0.32265,0.01321,0.01398,-1.55104,2.08780,-0.00674,0.96997,2.30553,-2.51106,-2.45743,2.64585,2.35512,1.81584,-2.04813,2.63840,1.74525,-2.07136,2.14465
2.24000,0.57796,-0.04404,0.39133,-0.05675,-0.00347,0.00318,0.99838,-0.06614,0.74529,-1.62351,0.13222,0.67239,-1.47641,-0.05065,0.67576,-1.56372,0.04801,0.85148,-1.68400,0.36939,0.06157,-0.15714,-0.61005,1.87258,-0.05839,-2.90158,1.93904,0.05777,0.48966,1.41298,-4.22120,0.45257,-1.21518,1.38855,0.41248,-1.49081,-0.11369
2.28000,0.59244,-0.04164,0.38446,-0.06965,0.02758,-0.00416,0.99718,-0.22249,0.57720,-1.99290,0.16470,0.73684,-1.61682,-0.04036,0.63385,-1.51621,0.12610,0.90063,-1.69019,0.37906,0.06296,-0.11538,-0.50609,0.50815,-0.61591,-2.44691,-7.50880,-4.41887,0.73299,1.85704,-1.55861,-0.05255,0.21521,0.41858,2.03804,2.58478,0.70346
2.32000,0.60755,-0.03799,0.38098,-0.07878,0.04948,-0.01239,0.99559,-0.30798,0.30904,-1.93888,0.18489,0.79714,-1.69853,-0.04188,0.60579,-1.46042,0.14648,0.88319,-1.56187,0.40393,0.09707,-0.06828,-0.27994,1.17975,-0.18673,-0.25583,-1.59890,-0.07458,0.09925,1.35971,-2.01538,-0.05330,-0.62856,1.52850,-0.19996,-0.44890,1.16861
2.36000,0.62222,-0.03422,0.38170,-0.08455,0.08194,-0.00991,0.99299,-0.30701,0.12904,-1.72142,0.18467,0.82268,-1.77748,-0.03497,0.53870,-1.35113,0.14225,0.80869,-1.46867,0.38107,0.06917,0.02742,0.22540,1.29282,0.31433,0.71455,-0.91816,0.43638,-0.68459,0.56177,-1.39480,-0.06574,-0.80390,2.00169,-0.74545,-1.34310,1.47094
2.40000,0.63573,-0.03279,0.38334,-0.07916,0.09857,0.00117,0.99198,-0.24977,0.04422,-1.52446,0.15409,0.84030,-1.80779,-0.03480,0.53125,-1.29691,0.10841,0.71517,-1.58222,0.32391,-0.01624,0.03146,0.74031,0.41198,0.57457,1.37026,0.20226,0.80913,-1.12934,0.45828,-0.10696,-0.19219,0.82273,0.24688,-0.41025,-2.97015,-1.52746
2.44000,0.64755,-0.03273,0.38952,-0.07796,0.08754,0.01154,0.99304,-0.23256,0.09053,-1.42812,0.13709,0.85698,-1.74344,-0.02273,0.58731,-1.28442,0.07098,0.55951,-1.69487,0.26637,0.03669,0.27210,-0.59656,-1.38288,0.52668,1.25112,1.61661,2.63416,0.33259,0.35028,3.18932,0.83494,1.86663,0.50648,-0.90647,-3.01161,-1.23917
2.48000,0.65957,-0.03183,0.39361,-0.07350,0.03511,0.01645,0.99654,-0.19798,0.22029,-1.34733,0.11772,0.90735,-1.58334,-0.07451,0.89284,-1.68526,0.01726,0.56970,-1.66623,0.29821,0.01917,-0.04235,-0.58360,-2.84575,0.41778,1.77841,3.16284,1.79237,0.43270,1.83966,3.09187,-1.61291,4.64355,-0.44396,-0.23171,1.41315,0.98253
2.52000,0.67207,-0.03185,0.39034,-0.05729,-0.01279,0.01628,0.99814,-0.18536,0.36782,-1.34803,0.01161,1.07691,-1.81369,-0.18943,1.06833,-2.00852,-0.02466,0.74256,-1.71104,0.28414,-0.03775,0.02550,0.53321,-0.82600,-0.10742,-0.03552,1.50779,0.09463,-0.15159,-0.40044,-1.15635,-0.13156,-1.01932,-1.84790,-0.45312,2.38010,-0.94477
2.56000,0.68390,-0.03362,0.39082,-0.05790,-0.03926,0.00974,0.99750,-0.15623,0.43163,-1.31723,0.00390,1.05233,-2.21227,-0.28927,1.03109,-2.37476,-0.02543,0.88082,-1.78341,0.31189,-0.04297,0.10267,-0.58216,-1.44046,-0.39810,1.44142,1.24074,1.72813,0.58011,-2.96720,-2.76716,-2.12482,-1.80518,-2.61870,0.49833,3.54867,-1.44200
2.60000,0.69679,-0.03308,0.39666,-0.06696,-0.07582,0.00361,0.99486,-0.11552,0.47548,-1.19333,0.03722,0.90007,-2.34325,-0.33313,0.91118,-2.40181,-0.01752,1.04675,-1.84564,0.34356,0.05031,0.18877,0.65925,-1.86177,0.14865,-0.41300,1.06221,3.52752,-0.02916,-1.84360,-1.05986,0.25644,-1.14990,-0.27563,-0.92043,3.92836,-0.88609
2.64000,0.70877,-0.03152,0.40212,-0.04482,-0.08455,0.00491,0.99540,-0.15528,0.53784,-1.29837,0.13718,0.61911,-2.13237,-0.25853,0.78170,-1.97761,-0.06681,1.09772,-1.81910,0.31563,0.01021,0.02292,1.90179,0.20669,0.54526,-1.45392,-0.04388,-0.60745,0.26648,-3.20476,-0.14655,2.41340,1.06934,2.20806,-1.76599,0.29804,1.00979
2.68000,0.72181,-0.03278,0.40299,-0.00302,-0.06404,0.01486,0.99783,-0.15772,0.58093,-1.52053,0.14461,0.47608,-1.82043,-0.11956,0.75442,-1.56298,-0.12949,1.04373,-1.73197,0.37831,-0.06999,-0.07392,2.38193,1.38318,0.80862,0.18111,-0.46641,-0.94526,-1.10661,0.93032,1.47205,3.12351,2.17999,2.26386,-1.65256,-1.57187,2.16953
2.72000,0.73808,-0.03490,0.39741,-0.01299,-0.04656,0.02446,0.99853,-0.08107,0.65706,-1.54267,0.09503,0.63326,-1.52001,-0.06210,0.79231,-1.55925,0.01811,1.00852,-1.69112,0.40250,0.02256,-0.15359,-1.96267,1.18499,0.24898,1.41982,1.43817,-2.45596,-2.59041,5.00278,3.14431,2.16744,-0.18173,0.81656,2.55881,-0.47998,-0.39057
2.76000,0.75345,-0.03434,0.39440,-0.02608,-0.02914,0.02606,0.99889,-0.08522,0.71427,-1.71836,0.10671,0.70246,-1.57401,-0.03299,0.79498,-1.53271,0.07157,0.90479,-1.66682,0.36756,-0.00132,0.05159,0.21577,-0.05177,-0.35117,-0.35026,-0.20031,-0.63614,0.12266,1.32132,0.29269,-0.35013,0.93309,0.28248,0.24971,-1.48710,-0.47293
2.80000,0.76847,-0.03303,0.39349,-0.04964,-0.00689,0.01546,0.99862,-0.21639,0.55131,-2.12710,0.09682,0.91043,-1.70301,0.00004,0.74578,-1.45213,0.14794,0.87056,-1.55841,0.39169,0.06376,-0.05793,-2.08983,1.22099,-0.58766,-4.11966,-5.32876,-3.97538,1.98014,2.23797,-2.39234,1.61763,-1.60955,2.49309,1.52362,1.92774,0.85526
2.84000,0.78252,-0.02950,0.39637,-0.07492,0.02717,0.00449,0.99681,-0.34805,0.24205,-1.82502,0.15200,0.94337,-1.77006,0.02997,0.62672,-1.29113,0.17289,0.79929,-1.36552,0.37161,0.08146,0.10758,0.07693,1.26063,-0.62664,0.09962,-3.87058,0.61700,-0.01398,0.61703,-0.47626,-0.55662,-2.16921,3.37968,-0.73645,-0.55925,2.79922
2.88000,0.79570,-0.02527,0.40102,-0.07468,0.06465,-0.00229,0.99511,-0.33861,-0.00356,-1.61745,0.14761,0.95097,-1.81772,0.01533,0.49097,-1.10800,0.13086,0.72682,-1.29050,0.34425,0.09519,0.04435,0.40795,1.51351,-0.02067,0.52215,-1.64640,0.14703,-0.79401,0.39373,-1.25438,-0.21881,-1.64049,2.61597,-0.81818,-0.37147,0.12988
2.92000,0.80801,-0.02277,0.40239,-0.05941,0.08128,0.00817,0.99489,-0.26427,0.01542,-1.34207,0.09401,0.96388,-1.84073,0.02321,0.52699,-1.11615,0.09279,0.60876,-1.49720,0.28831,0.00682,0.00227,1.32707,0.46486,0.56881,2.31995,3.64978,2.44927,-1.80031,0.32480,-0.12304,-0.75812,0.72472,0.04227,-0.65663,-5.13762,-2.62920
2.96000,0.81934,-0.02417,0.40048,-0.04321,0.06949,0.02006,0.99644,-0.23848,0.13248,-1.26499,0.05177,1.00124,-1.81114,0.02249,0.69348,-1.21373,0.03484,0.43221,-1.62385,0.25853,-0.06177,-0.04342,-0.78767,-1.39516,0.54800,1.18807,2.04765,0.84513,0.93790,1.40303,1.34340,1.30515,3.38102,-2.02423,-0.51550,-2.43858,-0.98702
3.00000,0.83075,-0.02695,0.39344,-0.05038,0.01477,0.02328,0.99835,-0.18236,0.28687,-1.24980,0.07602,1.09313,-1.71647,-0.08658,0.95311,-1.64945,-0.02505,0.54802,-1.44326,0.26524,-0.07862,-0.25972,-1.12065,-2.96298,0.37811,1.81697,2.99702,1.59354,1.46675,2.62874,1.81739,-3.77791,2.20282,-1.14518,1.42781,6.88863,-6.79277
3.04000,0.84007,-0.03025,0.38960,-0.03750,-0.03120,0.03243,0.99828,-0.19562,0.37950,-1.18031,-0.02879,1.05822,-2.06191,-0.26574,1.05360,-2.07944,-0.03202,0.73601,-1.59006,0.22518,-0.10000,0.13164,-0.13492,-1.28360,0.54735,0.46402,1.02666,2.43330,-0.68697,-5.26435,-3.25551,-0.74729,-1.84030,-2.73748,0.84290,2.25220,-0.72192
3.08000,0.85077,-0.03402,0.38988,-0.04990,-0.07084,0.03318,0.99569,-0.14614,0.43618,-1.08178,0.01216,0.94125,-2.35533,-0.37495,0.94864,-2.34539,0.00683,0.91328,-1.70162,0.29758,-0.08244,-0.01433,0.09348,-1.94611,-0.12583,0.70244,1.57822,1.85850,0.98061,-1.10934,-1.72507,-1.79372,-2.10263,-2.22415,0.19597,4.54673,-2.61017
3.12000,0.86134,-0.03671,0.39167,-0.02796,-0.08352,0.02990,0.99567,-0.17149,0.48568,-1.08331,0.06888,0.74214,-2.25105,-0.33325,0.78082,-1.97595,-0.03171,0.98763,-1.71146,0.28331,-0.07956,0.04399,2.07937,-0.02091,0.30662,-1.84052,1.55696,-1.29622,-0.21429,-1.71072,-0.03578,2.89996,0.54296,2.21772,-1.77890,0.69166,0.80928
3.16000,0.87201,-0.04061,0.39032,0.00706,-0.07775,0.03288,0.99640,-0.20654,0.59174,-1.25054,0.11779,0.53562,-1.95293,-0.21852,0.78920,-1.55986,-0.08561,0.99585,-1.68219,0.27658,-0.11514,-0.15724,0.89680,0.35509,0.16244,-0.73383,1.95996,-2.96490,0.88141,-1.10403,0.51020,-0.59691,1.60318,-1.67114,-0.47205,0.68773,-0.23858
3.20000,0.88371,-0.04588,0.38618,-0.00530,-0.05566,0.03588,0.99779,-0.09998,0.68612,-1.47805,0.13138,0.56364,-1.70590,-0.16959,0.78774,-1.55939,-0.03495,0.96503,-1.65061,0.32164,-0.11049,-0.11899,-0.47027,1.89349,0.34678,0.26764,1.38765,-4.18331,-2.20228,2.89764,2.12339,1.02445,-0.78114,0.89741,1.10206,-2.18512,1.83461
3.24000,0.89783,-0.05097,0.38390,-0.01428,-0.03298,0.03935,0.99858,-0.04412,0.78064,-1.61130,0.13877,0.61436,-1.58328,-0.12651,0.78538,-1.54470,0.01424,0.92619,-1.59230,0.36466,-0.14276,0.04894,0.67347,0.14975,-0.09782,-0.01286,1.38712,-0.68961,-0.00552,1.00929,0.38341,-0.19700,1.18913,-0.37060,0.26820,0.15687,1.52597
3.28000,0.91242,-0.05402,0.38666,-0.02850,-0.01286,0.02826,0.99911,-0.14768,0.63190,-1.96665,0.16648,0.75979,-1.67650,-0.09388,0.74199,-1.47153,0.13932,0.89592,-1.57520,0.39574,-0.01346,0.12521,-0.81538,0.92922,-0.85333,-3.86711,-6.00986,-3.92902,1.39129,1.42849,-0.54975,0.57397,-1.49975,2.60273,2.63240,0.17110,-0.46633
3.32000,0.92928,-0.05297,0.39273,-0.04542,0.00589,0.01207,0.99888,-0.26670,0.39406,-1.90365,0.21916,0.81064,-1.68593,-0.07374,0.67763,-1.35116,0.18842,0.89390,-1.37042,0.47029,0.05698,0.13146,-0.59569,0.47470,-0.65230,-0.64025,-0.91812,-0.10418,0.86032,1.43262,0.23261,0.20563,-0.62485,2.33888,-0.56179,2.07079,1.65014
3.36000,0.94555,-0.04841,0.39972,-0.06918,0.04424,-0.00014,0.99662,-0.30779,0.13207,-1.72115,0.25803,0.84838,-1.75046,-0.04342,0.52647,-1.13602,0.12423,0.80555,-1.25330,0.42604,0.13281,0.11031,-0.72361,1.80894,-0.28824,-0.68548,-2.81110,-0.49418,0.57477,0.77832,-1.62113,0.57776,-2.93614,4.61385,-1.61127,-1.45903,-0.35171
3.40000,0.96040,-0.04329,0.40118,-0.06475,0.07869,0.00665,0.99477,-0.32326,-0.01219,-1.48080,0.22830,0.86868,-1.82928,0.02402,0.50991,-1.12785,0.07650,0.58561,-1.32848,0.36130,0.10633,-0.05510,1.12927,1.24722,0.50281,1.08059,0.25793,1.08910,-1.88197,0.67835,-1.80542,0.15348,0.69588,-0.23605,-0.54119,-5.31023,-2.26571
3.44000,0.97503,-0.04066,0.39845,-0.04173,0.07649,0.01824,0.99603,-0.29843,0.06676,-1.34308,0.15404,0.91757,-1.83776,0.01146,0.62789,-1.15292,0.03542,0.45252,-1.52595,0.33655,0.01916,-0.02436,-0.60723,-1.01108,0.47346,1.11332,0.79435,4.83131,0.36551,1.59631,0.85743,0.84159,2.68617,-1.13025,0.89936,-2.13809,-1.31740
3.48000,0.98796,-0.04036,0.39573,-0.05000,0.02769,0.02449,0.99806,-0.25039,0.20073,-1.29370,0.16049,1.00061,-1.74446,-0.03308,0.90131,-1.45354,0.03862,0.51059,-1.55439,0.24915,-0.00376,-0.05223,-0.04675,-2.44188,0.54612,0.69671,2.92772,1.52239,-0.11884,1.49204,2.46857,-2.26807,2.76823,-0.17262,0.36686,4.67468,-3.73508
3.52000,0.99725,-0.04170,0.39637,-0.03097,-0.01739,0.03484,0.99876,-0.24704,0.34539,-1.25844,0.05348,1.03397,-1.93218,-0.19200,1.04778,-1.86090,0.01778,0.66789,-1.65460,0.20608,-0.07662,0.16693,-0.23973,-1.44063,0.61543,1.51455,2.62636,1.34243,-0.16470,-2.36205,-1.70374,-1.55218,-1.27867,-2.47501,0.92734,2.20778,-0.64758
3.56000,1.00620,-0.04471,0.39795,-0.03947,-0.05965,0.03704,0.99675,-0.15963,0.45837,-1.20897,0.02974,0.99527,-2.26206,-0.33039,1.01870,-2.32388,0.04630,0.84542,-1.76007,0.22421,-0.06601,0.03117,-0.40542,-2.02406,-0.19723,2.09665,2.02349,1.53239,0.25150,-1.86157,-1.96560,-2.15997,-2.31903,-3.24325,0.76305,4.16408,-2.48293
3.60000,1.01466,-0.04575,0.40025,-0.02820,-0.09146,0.03170,0.99491,-0.15770,0.49883,-1.13239,0.04269,0.83406,-2.34378,-0.34460,0.84537,-2.15368,0.02498,0.98260,-1.82400,0.22544,-0.02199,0.06004,1.90768,-1.29453,0.16885,-1.46678,1.22793,1.24841,-0.07010,-2.02824,-0.89378,1.53816,-0.68331,0.96966,-1.83408,2.91550,-0.89933
3.64000,1.02227,-0.04779,0.40059,0.01810,-0.09852,0.03380,0.99440,-0.17681,0.55421,-1.31985,0.12494,0.54207,-2.06026,-0.28221,0.81906,-1.73051,-0.06115,1.02569,-1.81665,0.20467,-0.09346,-0.10450,2.19284,0.20245,0.51037,0.84615,-1.09735,-0.92739,1.16725,-3.73631,-0.03880,-2.45262,2.19080,-3.60082,-1.79533,0.46535,0.16820
3.68000,1.03096,-0.05067,0.40080,0.01641,-0.07358,0.03822,0.99642,-0.07783,0.60861,-1.49373,0.17855,0.38315,-1.82864,-0.26089,0.80359,-1.72146,-0.03916,0.96427,-1.75271,0.27488,-0.01374,0.04481,-0.90393,1.80192,0.24852,0.47685,1.13339,-0.18916,-1.38307,0.28174,1.09117,1.36073,-1.39631,1.86343,1.14057,-2.33845,2.32961
3.72000,1.04494,-0.05151,0.40342,-0.02253,-0.03264,0.04645,0.99813,-0.02503,0.79731,-1.65084,0.10890,0.57208,-1.44433,-0.15468,0.73753,-1.62035,0.05584,0.86175,-1.65050,0.41508,0.00969,-0.01873,-2.62130,2.38044,0.50943,-0.55884,2.61412,0.18345,-0.03028,7.05367,-10.42060,3.13571,-1.92944,2.79335,2.90409,-2.80278,2.55825
3.76000,1.06301,-0.05230,0.40275,-0.04447,-0.01982,0.05041,0.99754,-0.13026,0.72479,-1.86729,0.15079,0.65270,-1.53222,-0.09621,0.76875,-1.60337,0.16443,1.00127,-1.65178,0.47781,-0.04130,0.06610,-0.07286,-0.90792,-0.24149,-2.07970,-5.28163,-3.03668,0.59205,1.89093,1.38806,0.27409,2.75411,-0.94233,1.90637,4.00685,1.39552
3.80000,1.08063,-0.05233,0.40465,-0.06596,-0.00619,0.04069,0.99697,-0.23352,0.43296,-2.10290,0.11025,0.83686,-1.66000,-0.05603,0.75714,-1.54203,0.19735,0.94520,-1.42677,0.42914,0.03731,0.00287,-1.78959,1.11600,-0.55707,-2.09489,-3.56660,-2.46661,1.00664,2.16654,-2.22485,1.53253,-1.30970,2.37576,0.76395,-0.27144,0.81868
3.84000,1.09707,-0.05092,0.40990,-0.08074,0.03775,0.03515,0.99540,-0.31922,0.18448,-1.85745,0.14464,0.84988,-1.72660,-0.02545,0.63377,-1.37583,0.20420,0.81262,-1.25644,0.46654,0.02004,0.13368,0.19308,1.71607,-0.18994,0.61698,-1.24748,0.74912,-0.18525,0.38234,-0.81869,0.30735,-1.31255,2.68924,-0.79742,-2.53808,4.53583
3.88000,1.11443,-0.04885,0.41413,-0.08485,0.08178,0.03256,0.99250,-0.29418,-0.01407,-1.67512,0.15450,0.86086,-1.79241,-0.01733,0.50896,-1.20104,0.14529,0.73542,-1.27458,0.46354,0.04961,0.02102,0.15489,1.85452,-0.04586,0.28306,-1.68641,-0.07958,-0.36439,0.63387,-1.64053,-0.07770,-1.86638,3.07967,-0.97176,-1.14538,-0.69383
3.92000,1.13178,-0.04825,0.41448,-0.06440,0.10335,0.04253,0.99165,-0.26198,0.00798,-1.37306,0.09963,0.88371,-1.81975,0.02261,0.56985,-1.23787,0.09862,0.58640,-1.57971,0.42386,-0.04241,-0.02110,1.83092,0.63082,0.31733,1.76339,3.88704,2.59969,-2.03955,0.64103,0.13587,-0.93935,1.44773,-0.47649,-0.48272,-6.10370,-3.36699
3.96000,1.14845,-0.05102,0.41304,-0.04446,0.08455,0.04989,0.99418,-0.26188,0.13633,-1.36990,0.06457,0.93774,-1.75251,0.02096,0.74677,-1.25782,0.05321,0.40500,-1.76677,0.38064,-0.07492,-0.01214,0.00326,-2.17614,0.32780,1.27248,3.05868,0.96203,0.50178,1.70983,3.01863,0.67062,4.98557,-2.92729,-0.92467,-2.26987,-1.13148
4.00000,1.16370,-0.05308,0.40805,-0.05002,0.01816,0.04928,0.99737,-0.19395,0.27774,-1.29467,0.03382,0.93616,-1.76408,-0.07852,0.97188,-1.66356,0.01556,0.54648,-1.61986,0.35123,-0.03775,-0.17493,-0.75034,-3.42412,0.16961,2.00832,3.21437,2.32301,-0.78518,-2.63146,-0.98198,-3.44604,0.45895,-1.52436,1.22672,7.15282,-6.27353
4.04000,1.17868,-0.05663,0.40270,-0.04175,-0.04031,0.04907,0.99711,-0.17149,0.40268,-1.23093,-0.04919,1.00905,-2.07541,-0.26457,1.06129,-2.17961,0.01944,0.80007,-1.80931,0.37150,-0.13781,0.02125,0.22031,-1.67670,0.09447,0.69918,2.13009,1.09164,0.90220,0.58675,-1.13180,-1.61752,-1.70339,-3.21116,0.58143,3.97507,-1.96798
4.08000,1.19316,-0.06173,0.40653,-0.02663,-0.06892,0.04702,0.99616,-0.16713,0.47293,-1.18302,-0.01154,0.94579,-2.33260,-0.35639,0.91884,-2.26379,0.01316,0.93635,-1.84965,0.36487,-0.12998,0.20509,1.39994,-1.17609,0.05060,-0.47526,1.37721,1.69564,0.66928,-2.52198,-2.05246,-0.49138,-1.46099,-0.91214,-0.74338,2.75680,0.13935
4.12000,1.20638,-0.06636,0.41180,-0.00218,-0.08311,0.04167,0.99567,-0.18470,0.52432,-1.16758,0.08945,0.66395,-2.30392,-0.31533,0.76078,-1.96028,-0.02192,1.01959,-1.83947,0.34022,-0.11391,0.03042,1.89376,-0.63548,-0.04235,-1.18329,1.80677,-0.62358,0.30178,-3.22293,-0.87697,1.84535,-0.01916,1.41658,-1.54945,2.33214,-0.17479
4.16000,1.21942,-0.07227,0.41084,0.03552,-0.08668,0.04181,0.99472,-0.17232,0.58001,-1.31047,0.13438,0.43097,-1.94810,-0.24475,0.80730,-1.59341,-0.07506,1.07198,-1.82725,0.34643,-0.17841,-0.12381,1.22978,0.47385,0.22569,1.72602,-1.05444,-0.70443,0.80778,-1.30246,0.68901,-0.72463,1.59058,-1.73864,-0.48344,0.54833,0.38771
4.20000,1.23454,-0.07933,0.40736,0.02206,-0.06517,0.04871,0.99644,-0.04606,0.66151,-1.52120,0.14692,0.38865,-1.68596,-0.18020,0.82612,-1.60214,-0.00547,1.04462,-1.78338,0.42190,-0.12349,-0.09751,-1.11860,1.66627,0.59666,0.33428,0.99067,-0.45129,-2.05551,1.61851,1.69265,1.99619,-0.32166,0.66590,2.05974,-1.77579,1.81082
4.24000,1.25325,-0.08237,0.40274,-0.01600,-0.03325,0.06007,0.99751,0.00514,0.75474,-1.62146,0.09969,0.58437,-1.37864,-0.07082,0.81240,-1.56133,0.10178,0.91667,-1.73959,0.49318,0.00543,-0.12021,-0.91692,1.39042,0.59194,0.35208,1.83269,-2.70132,0.55075,1.71283,-4.10522,1.34540,0.09132,0.73770,-0.85122,-2.24440,-0.53797
4.28000,1.27368,-0.08136,0.39938,-0.02161,-0.00825,0.05860,0.99801,-0.13256,0.66493,-1.96117,0.11831,0.65526,-1.49219,-0.05832,0.80497,-1.51928,0.14655,0.98835,-1.67473,0.53361,0.02974,0.01207,-0.59525,0.51552,-0.74880,-3.20596,-4.86832,-3.33890,1.18363,1.92538,-0.88058,0.21875,0.01883,1.39522,1.68672,3.97968,2.05322
4.32000,1.29464,-0.08023,0.40141,-0.04826,0.03275,0.04641,0.99722,-0.29100,0.38111,-2.02964,0.14610,0.77855,-1.64159,-0.01573,0.69886,-1.37439,0.17693,0.93268,-1.55541,0.55860,0.02998,0.01654,-1.26159,1.87939,-0.42530,-2.26670,-2.45659,-1.30053,1.53995,1.35924,-2.33802,1.04308,-2.41870,3.72652,0.43265,-1.09429,2.89131
4.36000,1.31551,-0.07814,0.40373,-0.06783,0.08338,0.04138,0.99335,-0.34884,0.14425,-1.75543,0.19540,0.80981,-1.74491,0.01700,0.55988,-1.19208,0.17533,0.84287,-1.42898,0.54778,0.05177,0.00991,-0.00855,2.11455,-0.14909,0.44499,-1.32140,0.62213,-0.04958,0.90201,-1.98536,0.28772,-1.84611,2.83868,-1.22147,-0.15819,1.10209
4.40000,1.33520,-0.07692,0.40419,-0.05357,0.12309,0.04637,0.98986,-0.31388,0.08950,-1.44314,0.16126,0.82982,-1.81152,0.03476,0.48356,-1.14418,0.11076,0.72896,-1.57626,0.47323,-0.03139,-0.03160,1.25160,1.83587,-0.02200,-2.46267,1.55489,-3.74001,-1.31974,0.46977,-1.27704,0.82550,-1.77850,0.61151,-0.68741,-4.18118,-2.29750
4.44000,1.35234,-0.07855,0.40555,-0.03802,0.11997,0.05141,0.99072,-0.33920,0.18008,-1.49008,0.13071,0.86637,-1.76652,0.07712,0.63963,-1.30533,0.10142,0.47227,-1.77790,0.37588,-0.03274,0.10600,0.42010,-1.77464,0.05351,1.11110,2.55313,1.04666,-0.19375,1.20529,3.35016,-0.04921,3.38704,0.58809,-0.24412,-5.49324,-2.51967
4.48000,1.36604,-0.07791,0.40666,-0.04526,0.05611,0.04838,0.99622,-0.25194,0.29730,-1.38439,0.06180,0.85303,-1.71395,0.00049,0.92184,-1.68051,0.05163,0.44438,-1.72167,0.30312,0.05622,-0.04540,-2.26728,-4.04359,0.07598,4.21334,2.62829,4.10750,-0.75832,-2.01991,-0.57313,-2.27119,3.33538,-0.84540,-0.75302,2.52949,1.50330
4.52000,1.37982,-0.07703,0.39966,-0.06042,-0.02176,0.03500,0.99732,-0.11334,0.44678,-1.36638,-0.00828,1.00467,-1.80450,-0.18778,1.10423,-2.16731,0.02850,0.70050,-1.61546,0.31688,-0.02333,-0.08563,0.43502,-1.75437,-0.54300,1.02577,0.88128,-0.14498,0.01170,2.29837,0.45919,-1.08479,-0.87097,-2.98236,-0.54990,4.67771,-3.28961
4.56000,1.39276,-0.07800,0.39858,-0.04347,-0.05665,0.02441,0.99715,-0.11448,0.52372,-1.33301,-0.02373,1.04390,-2.24425,-0.30302,1.06106,-2.34994,-0.01228,0.87917,-1.71901,0.32665,-0.03647,0.12618,0.94524,-1.53953,-0.24214,-0.16735,1.45388,1.77668,1.01570,-3.51172,-3.23679,-1.03076,-0.70740,-1.15362,-0.93529,3.57077,-1.09540
4.60000,1.40552,-0.07838,0.40219,-0.03305,-0.09255,0.01599,0.99503,-0.11029,0.57889,-1.24494,0.06107,0.83719,-2.35173,-0.32860,0.93466,-2.32366,-0.04313,1.04852,-1.78730,0.32260,0.00288,0.07399,1.08839,-1.80673,-0.09171,-0.61433,1.45711,2.13625,0.31596,-2.21099,-1.18873,0.42424,-1.55782,-0.26491,-1.33522,4.24336,-1.56938
4.64000,1.41650,-0.07920,0.40369,-0.00412,-0.10161,0.01484,0.99471,-0.16068,0.59011,-1.32332,0.13919,0.57435,-2.08230,-0.25020,0.82485,-1.86002,-0.10370,1.11131,-1.78485,0.29283,-0.06207,-0.06852,2.03679,0.27393,0.52649,-1.42466,-1.20077,-0.90240,-0.14432,-2.40907,0.33237,2.76025,1.82032,2.65230,-1.74761,0.40455,0.54271
4.68000,1.42782,-0.08205,0.40120,0.00611,-0.08082,0.01897,0.99653,-0.11522,0.58821,-1.45765,0.16649,0.43216,-1.81338,-0.20989,0.80231,-1.68810,-0.10553,1.07536,-1.73895,0.30605,-0.03454,-0.06537,-0.59083,1.84978,0.05657,1.29797,-0.43955,-0.53762,-0.73454,-0.03748,0.92367,0.90878,-1.25324,1.23227,0.90622,-2.08132,1.79568
4.72000,1.44287,-0.08368,0.40037,-0.02779,-0.03402,0.02602,0.99870,-0.02678,0.76040,-1.62674,0.10103,0.57638,-1.45312,-0.11802,0.73142,-1.59716,-0.01343,0.95878,-1.63648,0.44010,-0.00708,-0.08025,-2.18181,2.73281,0.53839,0.07246,3.13538,-2.09383,-2.86403,6.34696,3.84041,2.53129,-1.52761,2.80005,2.74809,-3.38120,2.76412
4.76000,1.46092,-0.08525,0.39696,-0.04118,-0.01251,0.03400,0.99850,-0.10074,0.69913,-1.77803,0.11074,0.65433,-1.51347,-0.07415,0.75720,-1.58764,0.12714,0.93324,-1.68629,0.46518,-0.07054,0.01712,0.97471,-0.70547,-0.08273,-1.37955,-4.13738,-2.13101,-0.54888,1.68391,1.29226,-0.71624,3.00732,-1.59045,2.39143,0.34600,-0.26909
4.80000,1.47897,-0.08600,0.39840,-0.05558,0.01045,0.02388,0.99811,-0.20989,0.47569,-2.14347,0.10460,0.82401,-1.64925,-0.04810,0.72240,-1.51287,0.17154,0.89266,-1.56839,0.46379,0.03031,0.04957,-1.88959,1.65662,-0.66412,-3.06047,-3.33833,-3.01078,2.22876,1.24560,-2.13142,1.58403,-2.27628,3.40934,0.53767,0.12884,1.98921
4.84000,1.49696,-0.08472,0.40330,-0.07486,0.05211,0.01612,0.99570,-0.33612,0.22107,-1.85563,0.15393,0.84673,-1.71695,-0.01196,0.61867,-1.36359,0.18799,0.80544,-1.42568,0.50092,0.01940,0.10612,0.04474,1.51445,-0.27609,-0.14603,-1.62459,0.71222,0.04327,0.69845,-0.73854,0.45295,-1.07375,2.50339,-0.29841,-0.59188,4.11481
4.88000,1.51514,-0.08294,0.40627,-0.07549,0.09049,0.01408,0.99293,-0.32046,0.04283,-1.64700,0.15592,0.86686,-1.77434,-0.00301,0.51426,-1.19508,0.14164,0.79666,-1.39199,0.45529,0.03483,-0.00549,0.41918,1.78052,0.05978,0.72547,-1.17498,0.29511,-0.63255,0.63995,-1.66407,0.75295,-1.51616,2.71238,-0.78862,-0.09895,0.00775
4.92000,1.53177,-0.08280,0.40555,-0.05756,0.11457,0.02509,0.99143,-0.29095,0.05641,-1.40706,0.10613,0.88848,-1.81560,0.00853,0.54123,-1.19859,0.11640,0.64322,-1.64164,0.39165,-0.05697,-0.02867,0.41734,0.78116,0.46097,-1.15081,1.87331,-2.32554,-0.46617,0.69392,-0.54180,0.39447,0.66489,0.51345,0.96659,-6.08926,-3.43249
4.96000,1.54795,-0.08631,0.40547,-0.04919,0.08909,0.03201,0.99429,-0.28256,0.17275,-1.41691,0.09573,0.94233,-1.72922,-0.00318,0.82433,-1.42751,0.09791,0.41566,-1.78644,0.39042,-0.10559,0.03960,-0.15155,-2.59643,0.17930,1.96390,3.10937,1.52028,0.71309,1.62274,3.98565,-0.89492,4.38277,0.63775,-1.00586,-3.26666,-1.32541
5.00000,1.56286,-0.08898,0.40288,-0.05975,0.01680,0.02751,0.99769,-0.19133,0.30566,-1.31067,0.04020,0.98544,-1.83307,-0.10081,1.04960,-1.78902,-0.00659,0.55191,-1.55647,0.34033,-0.03719,-0.16041,-2.37027,-4.05293,-0.06977,3.76008,2.54465,4.25369,0.20802,-1.97428,-1.39036,-1.67569,0.68083,-1.63930,-2.04012,6.39389,3.66834
5.04000,1.57656,-0.09248,0.39653,-0.05827,-0.04087,0.01852,0.99729,-0.12804,0.45164,-1.31036,-0.01456,1.08317,-1.99747,-0.24267,1.08342,-2.26951,-0.01388,0.81749,-1.75218,0.31650,-0.12644,-0.03006,0.78480,-0.93944,-0.42524,0.17591,1.80940,-0.65806,1.02153,1.84408,-0.06854,-0.54653,-2.48059,-3.20300,-0.60018,3.02090,-1.42347
5.08000,1.58877,-0.09590,0.39919,-0.04499,-0.07125,0.01178,0.99637,-0.12333,0.51334,-1.25790,-0.00608,1.00684,-2.30259,-0.33322,0.97281,-2.34991,-0.03691,0.96271,-1.80980,0.30665,-0.06382,0.20291,0.59968,-1.87318,0.00283,0.07209,1.09904,3.24141,0.05476,-4.27166,-2.81902,-0.80600,-0.70409,-0.61154,-0.42031,3.74640,-0.88238
5.12000,1.60022,-0.09841,0.40314,-0.03172,-0.09319,0.00720,0.99512,-0.13182,0.53244,-1.18373,0.10124,0.70557,-2.32415,-0.30769,0.84273,-2.14415,-0.06240,1.07195,-1.83295,0.30471,-0.07686,-0.02195,1.75947,-0.69569,0.12911,-1.22744,0.66207,-0.11881,0.64272,-3.53006,-1.11081,1.18533,-0.49483,0.82201,-1.68622,2.28487,-0.50090
5.16000,1.61189,-0.10276,0.40112,0.00792,-0.08939,0.01042,0.99591,-0.17631,0.56907,-1.39608,0.16370,0.46925,-1.96630,-0.23825,0.81962,-1.68217,-0.12535,1.09257,-1.80993,0.32802,-0.15504,-0.14304,1.21327,0.68005,0.45220,0.21558,-1.23792,-1.10123,0.98076,-1.13995,0.84005,-0.70550,1.38204,-1.55229,-0.47039,0.04120,0.48325
5.20000,1.62608,-0.10872,0.39945,-0.00709,-0.05642,0.01868,0.99821,-0.07141,0.62867,-1.58775,0.16404,0.44590,-1.69929,-0.17001,0.80202,-1.65203,-0.05455,1.02034,-1.73577,0.41256,-0.09963,-0.02889,-1.21131,2.26743,0.52669,0.75953,1.01906,-0.25615,-2.55396,2.11096,2.00175,2.10966,-1.28584,1.80726,2.12000,-2.83531,2.67554
5.24000,1.64473,-0.11165,0.39593,-0.04222,-0.01600,0.03090,0.99850,-0.03608,0.73637,-1.64637,0.13139,0.61156,-1.44927,-0.06727,0.76899,-1.58969,0.06215,0.92108,-1.66742,0.50125,-0.02101,-0.12340,-0.13206,1.46165,0.54671,-1.49283,1.51417,-1.45926,-0.11631,1.55483,-3.57165,0.58333,0.40387,0.37642,0.34978,-1.30953,0.16670
5.28000,1.66443,-0.11169,0.39342,-0.04490,0.01140,0.02780,0.99854,-0.15624,0.61428,-1.97911,0.14761,0.67372,-1.55177,-0.06100,0.75174,-1.53877,0.11565,0.96841,-1.66690,0.50206,0.01469,0.04253,-0.24313,0.68300,-0.76787,-2.36338,-5.51454,-3.47990,0.79899,1.62508,-0.62736,-0.13253,-0.29863,1.64920,1.66437,2.38726,0.65508
5.32000,1.68436,-0.10966,0.39398,-0.06042,0.04107,0.01560,0.99721,-0.28214,0.38670,-1.98703,0.17284,0.77199,-1.65738,-0.04525,0.68593,-1.42469,0.15455,0.93615,-1.50340,0.52355,0.07338,-0.03924,-0.90073,1.36839,-0.38470,-1.64187,-0.90753,-0.49119,1.01501,1.70760,-2.11708,0.53302,-1.20706,2.52769,-0.32271,0.03765,0.48099
5.36000,1.70272,-0.10650,0.39435,-0.07716,0.07928,0.01341,0.99377,-0.32504,0.16798,-1.71293,0.20717,0.81268,-1.75167,-0.01755,0.58971,-1.27920,0.14003,0.82484,-1.41234,0.45924,0.05499,-0.01086,0.06271,1.57516,0.12678,0.33055,-1.50071,0.38989,-0.28928,0.90277,-1.80851,0.32398,-1.05512,2.07649,-1.21858,-2.20122,-0.29254
5.40000,1.71935,-0.10488,0.39548,-0.07453,0.10719,0.02197,0.99120,-0.26911,0.05915,-1.44750,0.18958,0.83496,-1.80608,-0.01217,0.53618,-1.17251,0.09403,0.67049,-1.54504,0.41647,-0.00316,0.01382,0.92579,0.95779,0.44464,1.55910,0.74830,1.27144,-1.27810,0.55350,-0.61889,-0.38349,-0.07347,1.33344,-0.67759,-3.56589,-1.82269
5.44000,1.73480,-0.10653,0.39764,-0.05691,0.10310,0.03301,0.99249,-0.26390,0.11199,-1.34501,0.14437,0.86304,-1.76584,-0.02275,0.60298,-1.18066,0.07367,0.47129,-1.72553,0.35123,-0.06123,0.13658,-0.05877,-1.21348,0.50860,0.77775,2.15181,1.11847,0.14065,0.80883,2.53706,0.69359,2.54719,-0.54566,0.50946,-4.27580,-2.05271
5.48000,1.74942,-0.10871,0.39908,-0.04937,0.05315,0.03772,0.99665,-0.23776,0.22900,-1.26801,0.12949,0.92082,-1.62071,-0.05406,0.87872,-1.56083,0.02123,0.46213,-1.65628,0.35159,-0.04381,-0.05988,-0.56644,-2.97589,0.32615,1.78201,2.89512,2.43295,0.38926,1.50136,2.52491,-0.96018,3.33653,-0.62685,-1.19065,2.24638,1.51503
5.52000,1.76343,-0.11151,0.39544,-0.03234,0.00167,0.03669,0.99880,-0.22880,0.35529,-1.22841,0.01157,1.06418,-1.88032,-0.18702,1.03183,-1.85582,-0.01815,0.64232,-1.68075,0.30972,-0.12613,0.02950,0.57228,-1.01342,-0.10368,0.26736,1.71054,0.12820,-0.25126,-1.03581,-1.44893,-0.85823,-1.30297,-1.76240,-0.04518,2.68723,-1.16989
5.56000,1.77626,-0.11705,0.39392,-0.03001,-0.02884,0.02901,0.99871,-0.19178,0.43299,-1.21562,0.00306,1.00429,-2.26488,-0.30499,0.99557,-2.27452,-0.00745,0.79844,-1.77504,0.33167,-0.14485,0.01534,-0.46919,-1.62486,-0.53656,1.71664,1.61526,1.00176,0.52623,-3.05506,-2.73738,-2.30496,-2.29225,-2.95967,0.83661,4.10016,-2.22503
5.60000,1.78854,-0.11994,0.39917,-0.03256,-0.06787,0.02097,0.99694,-0.15066,0.47508,-1.09634,0.00907,0.87526,-2.36645,-0.34470,0.84070,-2.25566,0.00263,0.96772,-1.84488,0.29666,-0.03076,0.22228,1.14985,-1.91401,0.06987,-0.55630,0.73053,3.87041,-0.30049,-1.27563,-0.64203,0.50386,-1.38016,-0.11107,-0.98860,3.67421,-0.69775
5.64000,1.79854,-0.12178,0.40452,-0.00271,-0.08065,0.02165,0.99650,-0.17444,0.52237,-1.28069,0.12356,0.58242,-2.19013,-0.26525,0.77542,-1.81996,-0.04965,1.02597,-1.82645,0.25415,-0.06666,0.00079,2.49585,-0.06277,0.53015,-1.15511,-1.26857,-1.35181,0.57099,-3.90373,-0.51338,2.26500,2.60052,2.68881,-2.14166,0.68647,0.62825
5.68000,1.80856,-0.12564,0.40467,0.02289,-0.07148,0.02762,0.99680,-0.12313,0.54458,-1.39065,0.16196,0.44049,-1.83738,-0.23578,0.78252,-1.64084,-0.07811,1.01557,-1.78308,0.27010,-0.08672,-0.00498,-0.06391,1.37267,0.23412,1.79666,0.30571,-0.15209,-0.37873,1.01785,1.47993,0.55643,-0.64621,0.78407,0.55865,-1.59346,1.78611
5.72000,1.82200,-0.12886,0.40523,-0.01229,-0.03955,0.03674,0.99847,-0.01895,0.77285,-1.54851,0.09755,0.56675,-1.51694,-0.13433,0.74652,-1.57730,0.02734,0.94101,-1.70369,0.38091,-0.02880,-0.03984,-2.36150,1.98145,0.59990,-0.16995,3.69584,0.68295,-3.11270,4.77755,3.08180,2.88122,-1.27029,2.24414,2.94941,-2.36951,2.03074
5.76000,1.83735,-0.12997,0.40224,-0.03966,-0.01126,0.04302,0.99822,-0.10289,0.74454,-1.77385,0.11405,0.64329,-1.50939,-0.06389,0.72510,-1.53251,0.13349,0.91363,-1.69264,0.39544,-0.03494,-0.00198,0.05729,0.02049,-0.17408,-1.92988,-4.51881,-2.73206,0.29312,1.41219,-0.17723,0.06832,1.33044,-0.32239,1.24197,0.91835,0.19617
5.80000,1.85319,-0.12979,0.40231,-0.05619,0.01445,0.03234,0.99779,-0.22863,0.48290,-2.13693,0.13783,0.78682,-1.62948,-0.03784,0.67406,-1.45289,0.16698,0.89503,-1.59306,0.42923,0.04363,0.01387,-1.39989,1.21835,-0.66547,-2.54685,-3.98216,-3.22376,1.75035,1.35880,-1.72595,1.00764,-1.52542,2.53901,0.77647,0.63430,1.62682
5.84000,1.87005,-0.12774,0.40645,-0.07053,0.05163,0.02412,0.99588,-0.33150,0.22510,-1.83410,0.17626,0.81178,-1.69148,-0.01762,0.56815,-1.30051,0.17441,0.81974,-1.46563,0.47944,0.03649,0.08577,0.14346,1.42731,-0.26386,0.16654,-1.54333,0.90324,-0.10861,0.75709,-0.83230,-0.21076,-1.39822,2.73927,-0.14055,-0.89327,3.91317
5.88000,1.88758,-0.12513,0.40806,-0.07355,0.09185,0.02286,0.99279,-0.31245,0.05099,-1.64040,0.18129,0.83549,-1.76808,-0.01499,0.46684,-1.15355,0.13969,0.76960,-1.41148,0.44594,0.06285,-0.05713,0.28947,1.88690,0.08632,0.46726,-1.16287,0.21050,-0.57509,0.82126,-2.25711,-0.18099,-1.49722,2.34646,-0.87031,-0.47780,-0.12546
5.92000,1.90401,-0.12418,0.40566,-0.05351,0.11514,0.03461,0.99130,-0.27583,0.05941,-1.38716,0.12358,0.86384,-1.82109,-0.00275,0.51461,-1.19644,0.10908,0.59733,-1.65915,0.38960,-0.05020,-0.08353,1.02058,0.63208,0.38547,-1.85318,1.99672,-2.39024,-1.14059,0.89722,-0.57325,-0.44361,1.05695,-0.35612,0.65133,-6.26084,-3.47833
5.96000,1.92003,-0.12739,0.40394,-0.04014,0.08758,0.04078,0.99451,-0.27870,0.17994,-1.40056,0.10249,0.92661,-1.73971,-0.00955,0.78426,-1.41329,0.07073,0.40625,-1.74396,0.37628,-0.09780,0.00502,-0.08805,-2.65624,0.10152,1.87467,3.06397,1.54171,0.68156,1.82893,3.76554,-0.21087,3.96739,0.62882,-1.57882,-1.85093,-0.50800
6.00000,1.93422,-0.12987,0.40081,-0.04418,0.01449,0.03893,0.99816,-0.20730,0.31389,-1.28931,0.03533,0.94183,-1.83322,-0.09797,1.01922,-1.69693,0.02698,0.55804,-1.65700,0.28870,-0.04535,-0.07634,-0.29245,-3.25374,0.14693,1.44238,2.57687,3.07308,-1.49110,-3.45241,-1.48084,-2.36347,0.49062,-0.95852,0.74553,6.25479,-5.02459
6.04000,1.94684,-0.13430,0.39804,-0.03178,-0.03982,0.03628,0.99804,-0.18492,0.42949,-1.23453,-0.02736,0.99487,-2.13540,-0.25720,1.07575,-2.18718,0.02199,0.78111,-1.81200,0.32024,-0.17139,0.04895,0.50443,-1.54678,-0.11657,0.63803,1.92042,0.81466,1.36504,0.91450,-1.04789,-1.91272,-2.20503,-3.29571,0.23852,3.56416,-1.55680
6.08000,1.95945,-0.14030,0.40205,-0.01444,-0.07138,0.03107,0.99686,-0.17970,0.49082,-1.17525,0.00723,0.94272,-2.35967,-0.34581,0.89605,-2.24885,0.00861,0.92190,-1.85772,0.32138,-0.15051,0.17564,1.45434,-1.54866,-0.02959,-0.46705,1.31407,2.10809,0.29886,-2.35225,-1.75794,-0.23722,-1.88701,-0.88407,-0.84267,3.28468,-0.45188
6.12000,1.97118,-0.14621,0.40542,0.01457,-0.09111,0.02565,0.99540,-0.20302,0.54550,-1.16032,0.09763,0.64585,-2.30538,-0.31182,0.78300,-1.91012,-0.03340,1.02257,-1.86895,0.30048,-0.15785,-0.02733,2.02404,-0.74274,-0.02176,-1.28114,1.70956,-0.86141,0.34842,-3.89031,-0.88796,1.87226,1.09633,1.97559,-1.57689,2.43858,-0.52485
6.16000,1.98259,-0.15373,0.40318,0.04472,-0.09537,0.02334,0.99416,-0.17376,0.58077,-1.29849,0.16770,0.40524,-1.93272,-0.28146,0.82752,-1.68006,-0.06948,1.07849,-1.86904,0.29914,-0.18696,-0.07570,0.58547,0.76063,-0.06958,1.22294,-1.22059,-1.78442,0.70190,-1.49902,0.66274,-0.05007,0.48202,-0.65010,0.03614,-0.05221,0.78901
6.20000,1.99627,-0.16090,0.40308,0.02182,-0.06676,0.02506,0.99722,-0.07749,0.62571,-1.57299,0.16185,0.36866,-1.67564,-0.19806,0.80351,-1.64153,0.01079,1.02464,-1.79959,0.41403,-0.12366,0.00808,-1.56688,1.76982,0.34488,-0.05785,0.04666,-1.00279,-2.43400,1.99582,1.89540,2.45480,-0.87468,1.61039,2.34552,-1.90730,2.21651
6.24000,2.01496,-0.16492,0.40218,-0.01840,-0.03040,0.03553,0.99874,-0.05696,0.73825,-1.58522,0.11499,0.53903,-1.43824,-0.08139,0.77085,-1.57101,0.13611,0.92625,-1.70452,0.50045,-0.05353,-0.07722,-0.25344,1.80065,0.61698,-1.76259,2.96791,1.09902,0.03497,1.28599,-3.98421,0.84478,-0.29562,1.00188,-0.02543,-1.61773,1.19976
6.28000,2.03527,-0.16648,0.40098,-0.01926,-0.00380,0.03358,0.99924,-0.15449,0.68011,-1.93851,0.13222,0.59959,-1.53795,-0.07181,0.75779,-1.52231,0.16111,1.01148,-1.72697,0.52108,-0.02853,0.07399,-0.01908,0.44105,-0.63540,-1.91042,-5.97841,-3.73907,0.70301,1.72623,-0.26774,-0.12546,0.29842,1.20604,1.33219,2.70624,0.73546
6.32000,2.05632,-0.16604,0.40402,-0.03771,0.02497,0.02053,0.99877,-0.27016,0.41120,-2.04354,0.16098,0.74169,-1.65992,-0.04535,0.68836,-1.39622,0.17927,1.00919,-1.51586,0.55597,0.04108,0.04535,-1.31085,1.38522,-0.45331,-2.01277,-1.85766,-1.28951,1.63538,1.64779,-1.79678,1.01648,-1.62543,3.25670,-0.65773,1.06477,1.03362
6.36000,2.07640,-0.16271,0.40812,-0.06546,0.07092,0.01497,0.99522,-0.34239,0.17677,-1.72471,0.22442,0.77741,-1.75717,-0.00059,0.53840,-1.17953,0.15998,0.89260,-1.38237,0.52139,0.09069,0.05997,-0.15876,1.96509,-0.09343,-0.28608,-1.11840,0.71818,0.00066,0.90629,-1.94846,0.12131,-2.53607,4.11624,-1.52238,-1.68585,-0.10713
6.40000,2.09527,-0.15958,0.40885,-0.05519,0.10671,0.02247,0.99250,-0.30798,0.08986,-1.45747,0.18758,0.80392,-1.83303,0.03843,0.48669,-1.15135,0.10057,0.68737,-1.50463,0.46386,0.04526,-0.05447,1.33689,1.36461,0.33793,1.91641,0.85952,1.39332,-1.87125,0.83712,-1.51787,-0.22334,0.09418,-0.09721,-0.90182,-5.19172,-2.37496
6.44000,2.11351,-0.15955,0.40590,-0.02642,0.11499,0.03298,0.99247,-0.26155,0.14509,-1.32923,0.11303,0.85197,-1.84969,0.00274,0.54855,-1.17322,0.05966,0.43459,-1.70553,0.44767,-0.05295,-0.05217,-0.16261,-0.43424,0.47865,0.29682,2.50029,-0.96031,0.23689,1.67520,0.46602,0.71635,2.19932,-0.68545,1.17623,-4.67716,-2.45120
6.48000,2.13094,-0.16131,0.40340,-0.02241,0.07285,0.03839,0.99635,-0.24247,0.27007,-1.28625,0.10646,0.94083,-1.74903,-0.04058,0.84647,-1.57822,0.01608,0.35203,-1.62954,0.40270,-0.03343,-0.06442,-0.90461,-3.10963,0.35591,2.05906,2.94258,2.95013,1.18649,2.50402,3.30465,-1.45672,4.39040,-0.44284,-1.34011,0.93649,1.10203
6.52000,2.14622,-0.16287,0.39965,-0.01763,0.01126,0.03998,0.99898,-0.21771,0.38744,-1.18380,0.00808,1.03428,-1.96564,-0.19318,1.04330,-1.87002,-0.01232,0.55396,-1.67778,0.31828,-0.08222,0.02219,0.16326,-1.67724,0.16192,0.49111,1.66664,1.87381,-0.61470,-2.68424,-1.86491,-1.28595,-0.41529,-1.63687,0.39809,3.60376,-2.18727
6.56000,2.15939,-0.16725,0.39733,-0.01734,-0.02402,0.03534,0.99894,-0.18268,0.46760,-1.14623,0.00019,0.97554,-2.31346,-0.31752,1.01856,-2.27490,0.00432,0.72283,-1.79227,0.33381,-0.13222,-0.02069,-0.10351,-1.38175,-0.45046,1.08604,1.56741,0.71598,0.82017,-1.72838,-2.15367,-2.05224,-2.36156,-2.98184,0.55132,3.73252,-2.15284
6.60000,2.17175,-0.16984,0.40214,-0.01088,-0.05783,0.02826,0.99787,-0.16595,0.50467,-1.04100,0.00518,0.86902,-2.35909,-0.35314,0.82072,-2.18455,-0.00158,0.87351,-1.85216,0.30437,-0.03660,0.21399,1.42505,-1.73469,0.06440,-0.89159,0.46393,3.99199,-0.42458,-1.19380,-0.36868,0.83700,-1.69270,0.11739,-1.17888,3.42843,-0.61284
6.64000,2.18213,-0.17200,0.40707,0.02075,-0.07081,0.02854,0.99687,-0.16761,0.52499,-1.24303,0.10971,0.58038,-2.19303,-0.26690,0.75499,-1.72276,-0.05564,0.93807,-1.84006,0.26637,-0.07508,-0.01467,2.72920,-0.17303,0.46671,-0.48659,-2.17610,-1.70748,0.33150,-3.81894,-0.54621,2.16782,3.02692,2.86121,-2.33995,1.07140,0.35618
6.68000,2.19337,-0.17631,0.40546,0.04877,-0.07143,0.03376,0.99568,-0.10028,0.54183,-1.30861,0.15105,0.44760,-1.81440,-0.24041,0.80925,-1.59539,-0.08809,0.97432,-1.83230,0.30183,-0.09869,-0.05294,0.03924,0.94052,0.22147,1.79436,0.90096,0.19836,-0.15466,1.10398,1.53041,0.41838,0.14654,0.03545,0.47426,-0.47107,0.93100
6.72000,2.20765,-0.18004,0.40333,0.01567,-0.04559,0.04340,0.99789,-0.00620,0.77041,-1.50046,0.10815,0.51144,-1.53824,-0.14192,0.79783,-1.56080,0.01936,0.93366,-1.78253,0.39601,-0.04335,-0.09888,-2.19992,1.76452,0.68392,-0.62998,3.45331,0.42012,-2.64446,2.93124,2.21949,2.88861,-0.97230,1.50729,2.85240,-1.75403,1.42256
6.76000,2.22410,-0.18107,0.39785,-0.01803,-0.01312,0.04977,0.99851,-0.07667,0.77893,-1.68228,0.11881,0.61170,-1.47414,-0.05778,0.76561,-1.51225,0.11157,0.90224,-1.74844,0.42792,-0.02123,-0.08407,-0.16515,0.60339,-0.16666,-1.96369,-2.97999,-1.96867,0.48938,1.63695,-1.72193,0.22326,0.64955,0.06155,0.22330,0.88160,0.23102
6.80000,2.24121,-0.18103,0.39596,-0.03564,0.02449,0.03789,0.99835,-0.22698,0.50813,-2.10374,0.16831,0.71674,-1.61565,-0.03198,0.67867,-1.40817,0.14394,0.90299,-1.66754,0.47194,0.02426,-0.00960,-1.24713,1.49697,-0.80549,-3.13282,-5.82800,-3.92993,1.87005,1.52237,-2.10428,0.76565,-1.96956,2.86936,1.22705,1.97912,2.81942
6.84000,2.26014,-0.17889,0.39812,-0.05081,0.06370,0.02623,0.99633,-0.34133,0.25672,-1.83091,0.21732,0.75868,-1.69507,-0.01618,0.56604,-1.25048,0.16317,0.87379,-1.50882,0.52065,0.06066,0.02540,0.06676,1.49796,-0.44059,-0.08992,-1.02676,1.00667,0.07807,1.25300,-1.34402,-0.38179,-1.56528,2.86914,-0.41807,0.95833,3.51174
6.88000,2.27876,-0.17576,0.39813,-0.05165,0.10605,0.02538,0.99269,-0.31421,0.14226,-1.58578,0.21952,0.79110,-1.78831,-0.01558,0.46321,-1.10659,0.12108,0.80567,-1.46580,0.45525,0.06229,-0.08332,0.62720,2.08991,0.16932,0.98036,0.25361,0.96463,-0.90011,0.78518,-2.62715,0.04644,-1.22918,1.48113,-1.09021,-2.03200,-0.76015
6.92000,2.29376,-0.17382,0.39684,-0.04924,0.12406,0.03660,0.99038,-0.33376,0.18257,-1.55946,0.19750,0.82296,-1.83873,0.04667,0.51761,-1.15041,0.12434,0.58110,-1.69922,0.29401,0.06184,0.06078,-0.17198,-0.59288,0.59876,0.09332,1.86870,0.59052,-0.33454,0.93459,0.78250,0.50080,1.57845,0.00087,0.54717,-6.23699,-3.15225
6.96000,2.30451,-0.17094,0.39997,-0.04658,0.07759,0.04062,0.99507,-0.30156,0.27780,-1.46652,0.17101,0.88218,-1.71591,0.01664,0.76933,-1.44305,0.06026,0.44166,-1.68753,0.22023,0.08083,0.07983,-0.68854,-3.30002,0.15530,2.35879,2.13462,3.73691,0.53353,1.75093,4.04882,-0.89346,2.74095,-0.26129,-1.61069,-0.00660,0.51992
7.00000,2.31278,-0.16844,0.40052,-0.04559,0.01062,0.03792,0.99818,-0.24074,0.37039,-1.33650,0.08868,0.91793,-1.72760,-0.07704,0.99997,-1.75485,0.03238,0.61247,-1.71975,0.14724,0.01884,0.06343,0.15538,-1.89328,0.06272,1.57325,1.55538,1.53690,-1.16642,-2.16446,-0.93663,-1.08319,1.16444,-0.98801,-0.04521,3.30046,-2.09353
7.04000,2.31992,-0.16920,0.40141,-0.02604,-0.02653,0.03420,0.99872,-0.13623,0.55414,-1.35785,0.01355,0.99852,-2.09896,-0.23487,1.09373,-2.24680,-0.00363,0.75409,-1.80362,0.17419,-0.05827,0.10921,0.55591,-1.01413,-0.29158,1.38195,2.21042,0.53553,1.41721,0.00971,-1.60985,-2.25338,-1.95711,-3.26165,-0.38714,2.14524,-0.61208
7.08000,2.32687,-0.16955,0.40653,-0.02115,-0.06154,0.02638,0.99753,-0.12015,0.57915,-1.24472,0.03193,0.95084,-2.35763,-0.32602,0.92678,-2.39475,-0.01762,0.88918,-1.86365,0.18190,0.01732,0.17668,0.54388,-2.20424,-0.20161,0.01780,0.44098,4.11611,-0.13298,-2.27672,-1.72538,-0.45883,-2.17463,-1.36176,-0.64093,4.01848,-1.65692
7.12000,2.33347,-0.16925,0.41012,-0.00427,-0.08946,0.01981,0.99579,-0.13402,0.55655,-1.21793,0.11239,0.65897,-2.30534,-0.30429,0.79492,-2.05898,-0.06131,1.00566,-1.90839,0.19628,-0.02213,-0.02284,1.84827,-0.99768,0.06845,-0.88429,-1.12088,-0.44237,0.17977,-3.68936,-0.87221,1.53813,0.86529,1.86630,-1.92292,2.54466,-1.03039
7.16000,2.34153,-0.17212,0.40775,0.03458,-0.09557,0.02291,0.99456,-0.16947,0.54744,-1.43939,0.17511,0.39418,-1.97502,-0.24180,0.82715,-1.69175,-0.12754,1.05482,-1.91700,0.24539,-0.12409,-0.11986,0.92683,0.23253,0.39550,0.35877,-1.57054,-1.22982,1.44965,-2.37462,0.34637,-0.50399,1.55048,-1.64421,-0.28881,0.62439,-0.10149
7.20000,2.35297,-0.17794,0.40787,0.02133,-0.07056,0.03285,0.99674,-0.10264,0.58669,-1.68879,0.20713,0.29797,-1.73002,-0.17503,0.82029,-1.66722,-0.05879,0.99945,-1.85373,0.36479,-0.12241,0.06623,-1.10158,1.74488,0.69835,-0.20445,0.39194,-0.74689,-1.82423,1.12592,1.45590,2.15199,-0.84119,1.73715,2.12687,-2.32193,2.60378
7.24000,2.37071,-0.18234,0.40933,-0.01894,-0.04044,0.04751,0.99787,-0.04955,0.73172,-1.65219,0.10409,0.57599,-1.39937,-0.05050,0.80309,-1.59603,0.08197,0.93726,-1.76140,0.48548,-0.06382,-0.07922,-1.99815,1.95272,0.67529,-0.08771,3.22434,1.18101,-3.20949,8.35599,4.06632,2.54712,-0.89590,2.23957,2.70315,-1.83030,1.91284
7.28000,2.38889,-0.18545,0.40720,-0.02398,-0.01119,0.05241,0.99828,-0.14631,0.62344,-1.83345,0.11645,0.64558,-1.50862,-0.01989,0.78636,-1.55317,0.15329,0.96196,-1.77973,0.44659,-0.10527,0.04270,0.71362,0.34703,-0.32255,-1.47670,-5.82343,-2.96138,-0.02076,1.15868,0.28895,-0.43406,0.91066,0.16581,1.58977,1.47223,0.21898
7.32000,2.40719,-0.18740,0.40937,-0.03589,0.02262,0.04028,0.99829,-0.25393,0.42859,-2.07668,0.11897,0.80094,-1.64459,0.00002,0.70332,-1.43555,0.16907,1.02874,-1.64664,0.47358,-0.00625,0.05464,-1.52469,2.01211,-0.62244,-2.63358,-1.32134,-1.66431,2.00076,0.98209,-2.24124,1.18223,-3.07341,4.11395,-0.50073,2.58988,1.31857
7.36000,2.42384,-0.18691,0.41276,-0.06255,0.07571,0.03385,0.99459,-0.35017,0.22832,-1.75341,0.18843,0.81530,-1.75040,0.05085,0.53228,-1.21844,0.13692,0.94996,-1.49330,0.43218,0.00457,0.01855,-0.13188,2.10820,-0.05400,-0.45646,-0.14036,0.98091,0.19835,0.47843,-2.03415,1.01333,-1.74421,2.98494,-1.19145,-1.11486,-0.02442
7.40000,2.43913,-0.18747,0.41159,-0.04166,0.11096,0.03824,0.99221,-0.35839,0.18162,-1.53481,0.14583,0.82917,-1.81545,0.09909,0.46324,-1.22584,0.10414,0.78325,-1.62068,0.35985,-0.05847,-0.09746,1.29475,1.12239,-0.08334,-2.01673,1.55587,-3.05055,-1.18776,0.73051,-0.99020,0.48915,-0.70198,-1.00141,0.85842,-4.15696,-2.37037
7.44000,2.45153,-0.18855,0.41003,-0.03279,0.09867,0.04140,0.99372,-0.36366,0.26209,-1.55956,0.12859,0.87752,-1.78005,0.10988,0.60422,-1.33763,0.10902,0.53457,-1.72270,0.25411,0.01793,0.03173,-0.52597,-1.95160,0.17729,1.80365,2.02031,1.53904,0.57628,1.50073,2.40490,0.53459,3.55523,-1.81731,-0.91915,-4.67466,-1.62051
7.48000,2.46065,-0.18566,0.40831,-0.05026,0.03040,0.03838,0.99754,-0.26804,0.35996,-1.43290,0.13490,0.92894,-1.68328,0.01480,0.91595,-1.61784,0.03097,0.55669,-1.60495,0.17418,0.10591,-0.13575,-2.57879,-4.23814,0.15007,4.04482,2.19854,4.57811,0.87997,0.08299,0.00677,-2.46054,4.91247,0.03462,2.41096,8.38061,-8.61051
7.52000,2.46725,-0.18373,0.40573,-0.06232,-0.03220,0.03660,0.99687,-0.18264,0.47109,-1.34780,0.02666,1.00476,-1.85108,-0.13509,1.12767,-2.15756,0.05161,0.79281,-1.79834,0.14452,-0.01060,0.08675,-0.65207,-1.47254,0.12746,1.90052,1.71863,1.07719,-0.65115,-0.08935,-0.66668,-1.11213,0.56542,-3.09703,0.90155,2.63616,-1.43330
7.56000,2.47538,-0.18526,0.40747,-0.05920,-0.06141,0.03137,0.99586,-0.15198,0.53159,-1.30731,0.03193,1.06192,-2.20528,-0.30062,1.12291,-2.52201,0.04899,0.92040,-1.86271,0.24789,-0.05682,0.12471,0.44777,-1.08659,-0.40413,0.67953,1.20656,0.82532,1.73719,-1.10765,-2.12824,-1.75316,-1.18178,-2.57596,-0.37917,2.67937,-0.62545
7.60000,2.48513,-0.18519,0.41411,-0.04541,-0.08622,0.02100,0.99502,-0.15145,0.55652,-1.22682,0.07744,0.86921,-2.29595,-0.31800,0.95996,-2.35948,0.00997,1.03626,-1.88444,0.27292,0.02147,0.16649,1.49891,-1.53297,-0.13349,-0.91108,0.84653,2.43553,-0.40928,-3.03858,-1.23993,1.23242,-0.92946,0.85197,-1.77984,3.39033,-0.64333
7.64000,2.49441,-0.18533,0.41781,-0.01110,-0.09498,0.01499,0.99530,-0.18398,0.56184,-1.35351,0.15988,0.58286,-2.05881,-0.25352,0.82990,-1.93984,-0.07015,1.09388,-1.87038,0.25166,-0.04018,-0.03250,2.23601,0.03948,0.21696,-0.78854,-1.56829,-1.15708,0.21717,-3.28556,-0.00087,2.04039,0.91850,1.94408,-2.23675,0.82429,0.38376
7.68000,2.50505,-0.18898,0.41539,0.03174,-0.08324,0.02102,0.99580,-0.17129,0.56744,-1.48819,0.15261,0.41136,-1.83262,-0.15245,0.84232,-1.54071,-0.13575,1.08125,-1.82846,0.31234,-0.14624,-0.16741,1.82717,0.90812,0.70727,0.89643,0.09195,-0.21885,-0.36417,-0.37752,0.62954,-1.23628,1.12116,-1.51431,-0.97374,-0.49122,0.82529
7.72000,2.52002,-0.19529,0.41002,0.01810,-0.06050,0.03613,0.99735,-0.04671,0.71039,-1.58465,0.11144,0.48527,-1.60685,-0.08165,0.86418,-1.55006,-0.04722,1.04938,-1.79026,0.42064,-0.11724,-0.13665,-1.74348,1.56424,0.96800,1.18895,1.67474,-3.09903,-2.52752,3.48702,2.42686,2.84586,-0.26851,0.79913,3.03113,-1.60121,1.33068
7.76000,2.53842,-0.19845,0.40236,-0.00789,-0.03055,0.05055,0.99822,-0.05530,0.77465,-1.69223,0.09617,0.65049,-1.44723,0.00458,0.86233,-1.52996,0.08635,0.98711,-1.76146,0.48192,-0.04353,-0.15711,0.41517,1.00579,0.31182,-1.08556,1.56300,-2.21958,-0.32743,1.70560,-2.64130,-0.03749,0.80989,-0.21938,0.47886,-0.18504,-0.08126
7.80000,2.55778,-0.19906,0.39754,-0.01613,0.00724,0.04432,0.99886,-0.20426,0.59334,-2.10419,0.13299,0.72002,-1.58779,0.01696,0.79691,-1.45056,0.13400,1.05421,-1.67515,0.51307,0.00070,-0.04647,-1.03865,1.56566,-0.70886,-3.37461,-6.42778,-4.27694,1.68353,1.70599,-2.45264,0.56985,-1.86399,2.71875,1.21094,3.49130,1.33957
7.84000,2.57741,-0.19743,0.39968,-0.04379,0.05784,0.03326,0.99681,-0.34175,0.32260,-1.83090,0.21039,0.75912,-1.70473,0.05289,0.62780,-1.23874,0.14886,1.03311,-1.53194,0.51586,0.05030,0.05716,-0.44969,2.31808,-0.42404,-1.12579,-1.63539,0.82497,0.70682,0.86937,-2.23226,0.00118,-3.66463,4.98647,-0.92985,-0.20709,0.11224
7.88000,2.59649,-0.19544,0.40085,-0.03936,0.10795,0.03499,0.99276,-0.36274,0.20519,-1.56076,0.20307,0.77754,-1.80503,0.10766,0.48595,-1.09331,0.11159,0.86892,-1.52795,0.48656,0.03019,-0.05305,1.63810,2.05025,0.10160,0.37693,0.59613,1.17857,-1.95942,0.59877,-1.99483,2.32704,-1.40936,0.10510,-1.27290,-3.32971,-1.23520
7.92000,2.61409,-0.19479,0.39727,-0.01421,0.12989,0.04111,0.99057,-0.38657,0.24876,-1.52301,0.14385,0.81810,-1.85508,0.16247,0.46059,-1.10310,0.10072,0.66263,-1.69663,0.39155,0.01855,-0.07005,0.04482,-0.21078,0.17783,0.01215,2.05604,-0.94991,-0.11398,1.61965,0.05279,0.12735,1.59927,-0.46791,1.14094,-4.22418,-2.20213
7.96000,2.62781,-0.19303,0.39521,-0.01506,0.09621,0.04142,0.99438,-0.35393,0.34319,-1.48748,0.13893,0.90043,-1.78412,0.07556,0.71501,-1.40258,0.07215,0.42331,-1.68775,0.28590,0.06331,-0.03049,-1.47468,-2.80877,0.11810,2.93405,2.12740,2.70051,1.50904,2.38889,2.62596,-2.49277,3.13126,-0.25442,-1.04096,-3.49373,-0.83406
8.00000,2.63854,-0.19015,0.39378,-0.02945,0.02446,0.04185,0.99839,-0.27929,0.43594,-1.32500,0.14201,0.95459,-1.67088,-0.05821,0.98438,-1.67649,0.05421,0.52879,-1.58176,0.19511,0.04566,0.05509,0.10855,-2.50089,0.45556,0.41835,1.35891,3.87449,-1.52637,-2.22583,0.30256,-1.47601,2.16227,-0.48059,0.18101,4.19455,-2.97949
